member_id,week_number,scheduled_date,payment_date,days_late,status,personal_lambda
1,1,2024-01-01,2024-01-05,4.0,LATE,5.03
1,2,2024-01-08,,,MISSED,5.03
1,3,2024-01-15,,,MISSED,5.03
1,4,2024-01-22,2024-01-27,5.0,LATE,5.03
1,5,2024-01-29,2024-01-31,2.0,PAID,5.03
1,6,2024-02-05,2024-02-08,3.0,PAID,5.03
1,7,2024-02-12,2024-02-17,5.0,LATE,5.03
1,8,2024-02-19,2024-02-27,8.0,LATE,5.03
1,9,2024-02-26,2024-03-04,7.0,LATE,5.03
1,10,2024-03-04,2024-03-09,5.0,LATE,5.03
1,11,2024-03-11,2024-03-14,3.0,PAID,5.03
1,12,2024-03-18,2024-03-27,9.0,LATE,5.03
1,13,2024-03-25,2024-03-29,4.0,LATE,5.03
1,14,2024-04-01,2024-04-04,3.0,PAID,5.03
1,15,2024-04-08,2024-04-17,9.0,LATE,5.03
1,16,2024-04-15,2024-04-20,5.0,LATE,5.03
1,17,2024-04-22,2024-04-29,7.0,LATE,5.03
1,18,2024-04-29,2024-05-07,8.0,LATE,5.03
1,19,2024-05-06,,,MISSED,5.03
1,20,2024-05-13,2024-05-20,7.0,LATE,5.03
1,21,2024-05-20,2024-05-23,3.0,PAID,5.03
1,22,2024-05-27,2024-06-08,12.0,LATE,5.03
1,23,2024-06-03,2024-06-07,4.0,LATE,5.03
1,24,2024-06-10,2024-06-15,5.0,LATE,5.03
1,25,2024-06-17,2024-06-22,5.0,LATE,5.03
1,26,2024-06-24,2024-06-27,3.0,PAID,5.03
1,27,2024-07-01,2024-07-08,7.0,LATE,5.03
1,28,2024-07-08,2024-07-16,8.0,LATE,5.03
1,29,2024-07-15,2024-07-22,7.0,LATE,5.03
1,30,2024-07-22,2024-07-24,2.0,PAID,5.03
1,31,2024-07-29,2024-08-03,5.0,LATE,5.03
1,32,2024-08-05,2024-08-10,5.0,LATE,5.03
1,33,2024-08-12,2024-08-21,9.0,LATE,5.03
1,34,2024-08-19,2024-08-25,6.0,LATE,5.03
1,35,2024-08-26,2024-09-02,7.0,LATE,5.03
1,36,2024-09-02,2024-09-04,2.0,PAID,5.03
1,37,2024-09-09,2024-09-14,5.0,LATE,5.03
1,38,2024-09-16,,,MISSED,5.03
1,39,2024-09-23,2024-10-01,8.0,LATE,5.03
1,40,2024-09-30,,,MISSED,5.03
1,41,2024-10-07,,,MISSED,5.03
1,42,2024-10-14,2024-10-16,2.0,PAID,5.03
1,43,2024-10-21,2024-10-25,4.0,LATE,5.03
1,44,2024-10-28,,,MISSED,5.03
1,45,2024-11-04,2024-11-07,3.0,PAID,5.03
1,46,2024-11-11,,,MISSED,5.03
1,47,2024-11-18,,,MISSED,5.03
1,48,2024-11-25,2024-12-02,7.0,LATE,5.03
1,49,2024-12-02,,,MISSED,5.03
1,50,2024-12-09,2024-12-13,4.0,LATE,5.03
1,51,2024-12-16,2024-12-23,7.0,LATE,5.03
1,52,2024-12-23,2024-12-30,7.0,LATE,5.03
1,53,2024-12-30,2025-01-03,4.0,LATE,5.03
1,54,2025-01-06,2025-01-10,4.0,LATE,5.03
1,55,2025-01-13,2025-01-20,7.0,LATE,5.03
1,56,2025-01-20,2025-01-28,8.0,LATE,5.03
1,57,2025-01-27,2025-01-31,4.0,LATE,5.03
1,58,2025-02-03,2025-02-09,6.0,LATE,5.03
1,59,2025-02-10,2025-02-14,4.0,LATE,5.03
1,60,2025-02-17,,,MISSED,5.03
1,61,2025-02-24,2025-02-26,2.0,PAID,5.03
1,62,2025-03-03,2025-03-09,6.0,LATE,5.03
1,63,2025-03-10,2025-03-16,6.0,LATE,5.03
1,64,2025-03-17,,,MISSED,5.03
1,65,2025-03-24,2025-03-28,4.0,LATE,5.03
1,66,2025-03-31,,,MISSED,5.03
1,67,2025-04-07,2025-04-14,7.0,LATE,5.03
1,68,2025-04-14,2025-04-21,7.0,LATE,5.03
1,69,2025-04-21,2025-04-26,5.0,LATE,5.03
1,70,2025-04-28,2025-05-02,4.0,LATE,5.03
1,71,2025-05-05,,,MISSED,5.03
1,72,2025-05-12,2025-05-19,7.0,LATE,5.03
1,73,2025-05-19,2025-05-25,6.0,LATE,5.03
1,74,2025-05-26,,,MISSED,5.03
1,75,2025-06-02,2025-06-10,8.0,LATE,5.03
1,76,2025-06-09,2025-06-14,5.0,LATE,5.03
1,77,2025-06-16,,,MISSED,5.03
1,78,2025-06-23,2025-06-27,4.0,LATE,5.03
1,79,2025-06-30,2025-07-02,2.0,PAID,5.03
1,80,2025-07-07,2025-07-09,2.0,PAID,5.03
1,81,2025-07-14,,,MISSED,5.03
1,82,2025-07-21,2025-07-25,4.0,LATE,5.03
1,83,2025-07-28,,,MISSED,5.03
1,84,2025-08-04,,,MISSED,5.03
1,85,2025-08-11,2025-08-16,5.0,LATE,5.03
1,86,2025-08-18,2025-08-23,5.0,LATE,5.03
1,87,2025-08-25,2025-09-01,7.0,LATE,5.03
1,88,2025-09-01,,,MISSED,5.03
1,89,2025-09-08,,,MISSED,5.03
1,90,2025-09-15,2025-09-24,9.0,LATE,5.03
1,91,2025-09-22,2025-09-24,2.0,PAID,5.03
1,92,2025-09-29,,,MISSED,5.03
1,93,2025-10-06,2025-10-10,4.0,LATE,5.03
1,94,2025-10-13,2025-10-18,5.0,LATE,5.03
1,95,2025-10-20,2025-10-25,5.0,LATE,5.03
1,96,2025-10-27,,,MISSED,5.03
1,97,2025-11-03,2025-11-11,8.0,LATE,5.03
1,98,2025-11-10,2025-11-17,7.0,LATE,5.03
1,99,2025-11-17,,,MISSED,5.03
1,100,2025-11-24,2025-11-30,6.0,LATE,5.03
1,101,2025-12-01,2025-12-05,4.0,LATE,5.03
1,102,2025-12-08,2025-12-11,3.0,PAID,5.03
1,103,2025-12-15,2025-12-24,9.0,LATE,5.03
1,104,2025-12-22,2025-12-27,5.0,LATE,5.03
2,1,2024-01-01,2024-01-11,10.0,LATE,4.76
2,2,2024-01-08,2024-01-16,8.0,LATE,4.76
2,3,2024-01-15,2024-01-19,4.0,LATE,4.76
2,4,2024-01-22,,,MISSED,4.76
2,5,2024-01-29,,,MISSED,4.76
2,6,2024-02-05,,,MISSED,4.76
2,7,2024-02-12,2024-02-23,11.0,LATE,4.76
2,8,2024-02-19,,,MISSED,4.76
2,9,2024-02-26,,,MISSED,4.76
2,10,2024-03-04,2024-03-07,3.0,PAID,4.76
2,11,2024-03-11,2024-03-18,7.0,LATE,4.76
2,12,2024-03-18,2024-03-23,5.0,LATE,4.76
2,13,2024-03-25,2024-03-29,4.0,LATE,4.76
2,14,2024-04-01,2024-04-07,6.0,LATE,4.76
2,15,2024-04-08,2024-04-17,9.0,LATE,4.76
2,16,2024-04-15,2024-04-19,4.0,LATE,4.76
2,17,2024-04-22,,,MISSED,4.76
2,18,2024-04-29,2024-04-30,1.0,PAID,4.76
2,19,2024-05-06,2024-05-10,4.0,LATE,4.76
2,20,2024-05-13,2024-05-20,7.0,LATE,4.76
2,21,2024-05-20,2024-05-28,8.0,LATE,4.76
2,22,2024-05-27,,,MISSED,4.76
2,23,2024-06-03,2024-06-07,4.0,LATE,4.76
2,24,2024-06-10,2024-06-16,6.0,LATE,4.76
2,25,2024-06-17,2024-06-21,4.0,LATE,4.76
2,26,2024-06-24,2024-06-24,0.0,PAID,4.76
2,27,2024-07-01,,,MISSED,4.76
2,28,2024-07-08,,,MISSED,4.76
2,29,2024-07-15,2024-07-23,8.0,LATE,4.76
2,30,2024-07-22,,,MISSED,4.76
2,31,2024-07-29,2024-08-05,7.0,LATE,4.76
2,32,2024-08-05,2024-08-12,7.0,LATE,4.76
2,33,2024-08-12,2024-08-15,3.0,PAID,4.76
2,34,2024-08-19,2024-08-24,5.0,LATE,4.76
2,35,2024-08-26,,,MISSED,4.76
2,36,2024-09-02,2024-09-06,4.0,LATE,4.76
2,37,2024-09-09,2024-09-14,5.0,LATE,4.76
2,38,2024-09-16,,,MISSED,4.76
2,39,2024-09-23,2024-09-27,4.0,LATE,4.76
2,40,2024-09-30,2024-10-03,3.0,PAID,4.76
2,41,2024-10-07,2024-10-11,4.0,LATE,4.76
2,42,2024-10-14,2024-10-21,7.0,LATE,4.76
2,43,2024-10-21,,,MISSED,4.76
2,44,2024-10-28,2024-11-03,6.0,LATE,4.76
2,45,2024-11-04,2024-11-07,3.0,PAID,4.76
2,46,2024-11-11,,,MISSED,4.76
2,47,2024-11-18,2024-11-22,4.0,LATE,4.76
2,48,2024-11-25,2024-12-02,7.0,LATE,4.76
2,49,2024-12-02,2024-12-06,4.0,LATE,4.76
2,50,2024-12-09,2024-12-16,7.0,LATE,4.76
2,51,2024-12-16,2024-12-19,3.0,PAID,4.76
2,52,2024-12-23,2024-12-25,2.0,PAID,4.76
2,53,2024-12-30,,,MISSED,4.76
2,54,2025-01-06,2025-01-12,6.0,LATE,4.76
2,55,2025-01-13,2025-01-17,4.0,LATE,4.76
2,56,2025-01-20,2025-01-21,1.0,PAID,4.76
2,57,2025-01-27,,,MISSED,4.76
2,58,2025-02-03,2025-02-06,3.0,PAID,4.76
2,59,2025-02-10,,,MISSED,4.76
2,60,2025-02-17,2025-02-23,6.0,LATE,4.76
2,61,2025-02-24,2025-02-27,3.0,PAID,4.76
2,62,2025-03-03,2025-03-08,5.0,LATE,4.76
2,63,2025-03-10,,,MISSED,4.76
2,64,2025-03-17,2025-03-20,3.0,PAID,4.76
2,65,2025-03-24,,,MISSED,4.76
2,66,2025-03-31,2025-04-04,4.0,LATE,4.76
2,67,2025-04-07,,,MISSED,4.76
2,68,2025-04-14,2025-04-17,3.0,PAID,4.76
2,69,2025-04-21,2025-04-26,5.0,LATE,4.76
2,70,2025-04-28,2025-04-29,1.0,PAID,4.76
2,71,2025-05-05,2025-05-13,8.0,LATE,4.76
2,72,2025-05-12,2025-05-17,5.0,LATE,4.76
2,73,2025-05-19,,,MISSED,4.76
2,74,2025-05-26,2025-05-30,4.0,LATE,4.76
2,75,2025-06-02,2025-06-09,7.0,LATE,4.76
2,76,2025-06-09,2025-06-17,8.0,LATE,4.76
2,77,2025-06-16,,,MISSED,4.76
2,78,2025-06-23,2025-06-30,7.0,LATE,4.76
2,79,2025-06-30,2025-07-04,4.0,LATE,4.76
2,80,2025-07-07,2025-07-11,4.0,LATE,4.76
2,81,2025-07-14,2025-07-19,5.0,LATE,4.76
2,82,2025-07-21,,,MISSED,4.76
2,83,2025-07-28,,,MISSED,4.76
2,84,2025-08-04,2025-08-07,3.0,PAID,4.76
2,85,2025-08-11,,,MISSED,4.76
2,86,2025-08-18,,,MISSED,4.76
2,87,2025-08-25,2025-08-28,3.0,PAID,4.76
2,88,2025-09-01,2025-09-07,6.0,LATE,4.76
2,89,2025-09-08,,,MISSED,4.76
2,90,2025-09-15,2025-09-19,4.0,LATE,4.76
2,91,2025-09-22,,,MISSED,4.76
2,92,2025-09-29,,,MISSED,4.76
2,93,2025-10-06,2025-10-12,6.0,LATE,4.76
2,94,2025-10-13,,,MISSED,4.76
2,95,2025-10-20,2025-10-25,5.0,LATE,4.76
2,96,2025-10-27,2025-11-05,9.0,LATE,4.76
2,97,2025-11-03,2025-11-05,2.0,PAID,4.76
2,98,2025-11-10,2025-11-11,1.0,PAID,4.76
2,99,2025-11-17,,,MISSED,4.76
2,100,2025-11-24,,,MISSED,4.76
2,101,2025-12-01,2025-12-08,7.0,LATE,4.76
2,102,2025-12-08,2025-12-11,3.0,PAID,4.76
2,103,2025-12-15,,,MISSED,4.76
2,104,2025-12-22,,,MISSED,4.76
3,1,2024-01-01,2024-01-07,6.0,LATE,6.54
3,2,2024-01-08,,,MISSED,6.54
3,3,2024-01-15,2024-01-21,6.0,LATE,6.54
3,4,2024-01-22,2024-02-03,12.0,LATE,6.54
3,5,2024-01-29,2024-02-07,9.0,LATE,6.54
3,6,2024-02-05,2024-02-10,5.0,LATE,6.54
3,7,2024-02-12,,,MISSED,6.54
3,8,2024-02-19,2024-02-27,8.0,LATE,6.54
3,9,2024-02-26,2024-03-01,4.0,LATE,6.54
3,10,2024-03-04,,,MISSED,6.54
3,11,2024-03-11,2024-03-17,6.0,LATE,6.54
3,12,2024-03-18,2024-03-27,9.0,LATE,6.54
3,13,2024-03-25,2024-04-04,10.0,LATE,6.54
3,14,2024-04-01,2024-04-05,4.0,LATE,6.54
3,15,2024-04-08,2024-04-11,3.0,PAID,6.54
3,16,2024-04-15,2024-04-24,9.0,LATE,6.54
3,17,2024-04-22,2024-04-29,7.0,LATE,6.54
3,18,2024-04-29,2024-05-05,6.0,LATE,6.54
3,19,2024-05-06,2024-05-13,7.0,LATE,6.54
3,20,2024-05-13,,,MISSED,6.54
3,21,2024-05-20,2024-05-24,4.0,LATE,6.54
3,22,2024-05-27,2024-06-03,7.0,LATE,6.54
3,23,2024-06-03,2024-06-07,4.0,LATE,6.54
3,24,2024-06-10,2024-06-13,3.0,PAID,6.54
3,25,2024-06-17,2024-06-22,5.0,LATE,6.54
3,26,2024-06-24,2024-07-01,7.0,LATE,6.54
3,27,2024-07-01,,,MISSED,6.54
3,28,2024-07-08,2024-07-16,8.0,LATE,6.54
3,29,2024-07-15,2024-07-20,5.0,LATE,6.54
3,30,2024-07-22,2024-07-29,7.0,LATE,6.54
3,31,2024-07-29,2024-08-03,5.0,LATE,6.54
3,32,2024-08-05,2024-08-10,5.0,LATE,6.54
3,33,2024-08-12,2024-08-20,8.0,LATE,6.54
3,34,2024-08-19,2024-08-27,8.0,LATE,6.54
3,35,2024-08-26,2024-09-03,8.0,LATE,6.54
3,36,2024-09-02,,,MISSED,6.54
3,37,2024-09-09,2024-09-13,4.0,LATE,6.54
3,38,2024-09-16,2024-09-18,2.0,PAID,6.54
3,39,2024-09-23,2024-09-27,4.0,LATE,6.54
3,40,2024-09-30,,,MISSED,6.54
3,41,2024-10-07,2024-10-13,6.0,LATE,6.54
3,42,2024-10-14,2024-10-19,5.0,LATE,6.54
3,43,2024-10-21,,,MISSED,6.54
3,44,2024-10-28,,,MISSED,6.54
3,45,2024-11-04,2024-11-09,5.0,LATE,6.54
3,46,2024-11-11,2024-11-19,8.0,LATE,6.54
3,47,2024-11-18,2024-11-23,5.0,LATE,6.54
3,48,2024-11-25,2024-12-02,7.0,LATE,6.54
3,49,2024-12-02,2024-12-09,7.0,LATE,6.54
3,50,2024-12-09,2024-12-14,5.0,LATE,6.54
3,51,2024-12-16,2024-12-26,10.0,LATE,6.54
3,52,2024-12-23,2024-12-31,8.0,LATE,6.54
3,53,2024-12-30,2025-01-05,6.0,LATE,6.54
3,54,2025-01-06,,,MISSED,6.54
3,55,2025-01-13,2025-01-22,9.0,LATE,6.54
3,56,2025-01-20,,,MISSED,6.54
3,57,2025-01-27,,,MISSED,6.54
3,58,2025-02-03,2025-02-08,5.0,LATE,6.54
3,59,2025-02-10,2025-02-17,7.0,LATE,6.54
3,60,2025-02-17,2025-02-23,6.0,LATE,6.54
3,61,2025-02-24,2025-03-03,7.0,LATE,6.54
3,62,2025-03-03,2025-03-13,10.0,LATE,6.54
3,63,2025-03-10,2025-03-16,6.0,LATE,6.54
3,64,2025-03-17,,,MISSED,6.54
3,65,2025-03-24,2025-04-04,11.0,LATE,6.54
3,66,2025-03-31,,,MISSED,6.54
3,67,2025-04-07,2025-04-18,11.0,LATE,6.54
3,68,2025-04-14,,,MISSED,6.54
3,69,2025-04-21,2025-04-29,8.0,LATE,6.54
3,70,2025-04-28,2025-05-04,6.0,LATE,6.54
3,71,2025-05-05,,,MISSED,6.54
3,72,2025-05-12,2025-05-16,4.0,LATE,6.54
3,73,2025-05-19,2025-05-26,7.0,LATE,6.54
3,74,2025-05-26,2025-06-04,9.0,LATE,6.54
3,75,2025-06-02,2025-06-07,5.0,LATE,6.54
3,76,2025-06-09,2025-06-12,3.0,PAID,6.54
3,77,2025-06-16,2025-06-21,5.0,LATE,6.54
3,78,2025-06-23,,,MISSED,6.54
3,79,2025-06-30,,,MISSED,6.54
3,80,2025-07-07,,,MISSED,6.54
3,81,2025-07-14,2025-07-19,5.0,LATE,6.54
3,82,2025-07-21,2025-07-28,7.0,LATE,6.54
3,83,2025-07-28,,,MISSED,6.54
3,84,2025-08-04,,,MISSED,6.54
3,85,2025-08-11,2025-08-17,6.0,LATE,6.54
3,86,2025-08-18,,,MISSED,6.54
3,87,2025-08-25,2025-08-29,4.0,LATE,6.54
3,88,2025-09-01,2025-09-07,6.0,LATE,6.54
3,89,2025-09-08,2025-09-13,5.0,LATE,6.54
3,90,2025-09-15,2025-09-25,10.0,LATE,6.54
3,91,2025-09-22,,,MISSED,6.54
3,92,2025-09-29,2025-10-01,2.0,PAID,6.54
3,93,2025-10-06,2025-10-15,9.0,LATE,6.54
3,94,2025-10-13,2025-10-17,4.0,LATE,6.54
3,95,2025-10-20,2025-10-27,7.0,LATE,6.54
3,96,2025-10-27,2025-11-04,8.0,LATE,6.54
3,97,2025-11-03,2025-11-10,7.0,LATE,6.54
3,98,2025-11-10,2025-11-17,7.0,LATE,6.54
3,99,2025-11-17,,,MISSED,6.54
3,100,2025-11-24,2025-11-30,6.0,LATE,6.54
3,101,2025-12-01,2025-12-07,6.0,LATE,6.54
3,102,2025-12-08,2025-12-12,4.0,LATE,6.54
3,103,2025-12-15,2025-12-18,3.0,PAID,6.54
3,104,2025-12-22,2025-12-26,4.0,LATE,6.54
4,1,2024-01-01,2024-01-05,4.0,LATE,2.72
4,2,2024-01-08,2024-01-12,4.0,LATE,2.72
4,3,2024-01-15,2024-01-18,3.0,PAID,2.72
4,4,2024-01-22,2024-01-23,1.0,PAID,2.72
4,5,2024-01-29,,,MISSED,2.72
4,6,2024-02-05,2024-02-09,4.0,LATE,2.72
4,7,2024-02-12,,,MISSED,2.72
4,8,2024-02-19,2024-02-20,1.0,PAID,2.72
4,9,2024-02-26,2024-02-29,3.0,PAID,2.72
4,10,2024-03-04,2024-03-08,4.0,LATE,2.72
4,11,2024-03-11,2024-03-15,4.0,LATE,2.72
4,12,2024-03-18,2024-03-19,1.0,PAID,2.72
4,13,2024-03-25,2024-03-28,3.0,PAID,2.72
4,14,2024-04-01,2024-04-03,2.0,PAID,2.72
4,15,2024-04-08,2024-04-09,1.0,PAID,2.72
4,16,2024-04-15,,,MISSED,2.72
4,17,2024-04-22,2024-04-23,1.0,PAID,2.72
4,18,2024-04-29,2024-04-30,1.0,PAID,2.72
4,19,2024-05-06,2024-05-09,3.0,PAID,2.72
4,20,2024-05-13,,,MISSED,2.72
4,21,2024-05-20,,,MISSED,2.72
4,22,2024-05-27,2024-05-30,3.0,PAID,2.72
4,23,2024-06-03,2024-06-06,3.0,PAID,2.72
4,24,2024-06-10,2024-06-11,1.0,PAID,2.72
4,25,2024-06-17,2024-06-22,5.0,LATE,2.72
4,26,2024-06-24,2024-06-30,6.0,LATE,2.72
4,27,2024-07-01,,,MISSED,2.72
4,28,2024-07-08,2024-07-11,3.0,PAID,2.72
4,29,2024-07-15,,,MISSED,2.72
4,30,2024-07-22,2024-07-27,5.0,LATE,2.72
4,31,2024-07-29,2024-07-31,2.0,PAID,2.72
4,32,2024-08-05,,,MISSED,2.72
4,33,2024-08-12,2024-08-13,1.0,PAID,2.72
4,34,2024-08-19,2024-08-21,2.0,PAID,2.72
4,35,2024-08-26,,,MISSED,2.72
4,36,2024-09-02,2024-09-05,3.0,PAID,2.72
4,37,2024-09-09,2024-09-14,5.0,LATE,2.72
4,38,2024-09-16,,,MISSED,2.72
4,39,2024-09-23,2024-09-26,3.0,PAID,2.72
4,40,2024-09-30,2024-10-03,3.0,PAID,2.72
4,41,2024-10-07,2024-10-08,1.0,PAID,2.72
4,42,2024-10-14,2024-10-18,4.0,LATE,2.72
4,43,2024-10-21,2024-10-24,3.0,PAID,2.72
4,44,2024-10-28,,,MISSED,2.72
4,45,2024-11-04,2024-11-05,1.0,PAID,2.72
4,46,2024-11-11,,,MISSED,2.72
4,47,2024-11-18,,,MISSED,2.72
4,48,2024-11-25,2024-11-26,1.0,PAID,2.72
4,49,2024-12-02,2024-12-05,3.0,PAID,2.72
4,50,2024-12-09,2024-12-12,3.0,PAID,2.72
4,51,2024-12-16,2024-12-18,2.0,PAID,2.72
4,52,2024-12-23,2024-12-26,3.0,PAID,2.72
4,53,2024-12-30,2025-01-03,4.0,LATE,2.72
4,54,2025-01-06,2025-01-06,0.0,PAID,2.72
4,55,2025-01-13,2025-01-19,6.0,LATE,2.72
4,56,2025-01-20,,,MISSED,2.72
4,57,2025-01-27,2025-01-29,2.0,PAID,2.72
4,58,2025-02-03,2025-02-09,6.0,LATE,2.72
4,59,2025-02-10,,,MISSED,2.72
4,60,2025-02-17,2025-02-21,4.0,LATE,2.72
4,61,2025-02-24,2025-02-24,0.0,PAID,2.72
4,62,2025-03-03,2025-03-06,3.0,PAID,2.72
4,63,2025-03-10,2025-03-11,1.0,PAID,2.72
4,64,2025-03-17,,,MISSED,2.72
4,65,2025-03-24,2025-04-02,9.0,LATE,2.72
4,66,2025-03-31,2025-04-04,4.0,LATE,2.72
4,67,2025-04-07,2025-04-10,3.0,PAID,2.72
4,68,2025-04-14,2025-04-14,0.0,PAID,2.72
4,69,2025-04-21,,,MISSED,2.72
4,70,2025-04-28,2025-05-01,3.0,PAID,2.72
4,71,2025-05-05,,,MISSED,2.72
4,72,2025-05-12,2025-05-14,2.0,PAID,2.72
4,73,2025-05-19,2025-05-23,4.0,LATE,2.72
4,74,2025-05-26,2025-05-26,0.0,PAID,2.72
4,75,2025-06-02,2025-06-03,1.0,PAID,2.72
4,76,2025-06-09,2025-06-10,1.0,PAID,2.72
4,77,2025-06-16,2025-06-19,3.0,PAID,2.72
4,78,2025-06-23,,,MISSED,2.72
4,79,2025-06-30,,,MISSED,2.72
4,80,2025-07-07,2025-07-08,1.0,PAID,2.72
4,81,2025-07-14,2025-07-15,1.0,PAID,2.72
4,82,2025-07-21,,,MISSED,2.72
4,83,2025-07-28,2025-07-31,3.0,PAID,2.72
4,84,2025-08-04,2025-08-04,0.0,PAID,2.72
4,85,2025-08-11,2025-08-14,3.0,PAID,2.72
4,86,2025-08-18,2025-08-22,4.0,LATE,2.72
4,87,2025-08-25,2025-08-27,2.0,PAID,2.72
4,88,2025-09-01,2025-09-02,1.0,PAID,2.72
4,89,2025-09-08,2025-09-12,4.0,LATE,2.72
4,90,2025-09-15,2025-09-16,1.0,PAID,2.72
4,91,2025-09-22,2025-09-24,2.0,PAID,2.72
4,92,2025-09-29,,,MISSED,2.72
4,93,2025-10-06,2025-10-10,4.0,LATE,2.72
4,94,2025-10-13,,,MISSED,2.72
4,95,2025-10-20,2025-10-22,2.0,PAID,2.72
4,96,2025-10-27,2025-10-30,3.0,PAID,2.72
4,97,2025-11-03,2025-11-08,5.0,LATE,2.72
4,98,2025-11-10,2025-11-13,3.0,PAID,2.72
4,99,2025-11-17,,,MISSED,2.72
4,100,2025-11-24,2025-11-24,0.0,PAID,2.72
4,101,2025-12-01,2025-12-03,2.0,PAID,2.72
4,102,2025-12-08,2025-12-09,1.0,PAID,2.72
4,103,2025-12-15,2025-12-19,4.0,LATE,2.72
4,104,2025-12-22,,,MISSED,2.72
5,1,2024-01-01,,,MISSED,6.26
5,2,2024-01-08,2024-01-19,11.0,LATE,6.26
5,3,2024-01-15,2024-01-23,8.0,LATE,6.26
5,4,2024-01-22,2024-01-29,7.0,LATE,6.26
5,5,2024-01-29,,,MISSED,6.26
5,6,2024-02-05,2024-02-10,5.0,LATE,6.26
5,7,2024-02-12,,,MISSED,6.26
5,8,2024-02-19,2024-02-22,3.0,PAID,6.26
5,9,2024-02-26,,,MISSED,6.26
5,10,2024-03-04,,,MISSED,6.26
5,11,2024-03-11,,,MISSED,6.26
5,12,2024-03-18,2024-03-25,7.0,LATE,6.26
5,13,2024-03-25,,,MISSED,6.26
5,14,2024-04-01,2024-04-06,5.0,LATE,6.26
5,15,2024-04-08,,,MISSED,6.26
5,16,2024-04-15,2024-04-21,6.0,LATE,6.26
5,17,2024-04-22,2024-04-26,4.0,LATE,6.26
5,18,2024-04-29,,,MISSED,6.26
5,19,2024-05-06,2024-05-09,3.0,PAID,6.26
5,20,2024-05-13,,,MISSED,6.26
5,21,2024-05-20,2024-05-25,5.0,LATE,6.26
5,22,2024-05-27,,,MISSED,6.26
5,23,2024-06-03,2024-06-06,3.0,PAID,6.26
5,24,2024-06-10,2024-06-17,7.0,LATE,6.26
5,25,2024-06-17,,,MISSED,6.26
5,26,2024-06-24,2024-06-25,1.0,PAID,6.26
5,27,2024-07-01,,,MISSED,6.26
5,28,2024-07-08,2024-07-13,5.0,LATE,6.26
5,29,2024-07-15,2024-07-25,10.0,LATE,6.26
5,30,2024-07-22,2024-07-24,2.0,PAID,6.26
5,31,2024-07-29,,,MISSED,6.26
5,32,2024-08-05,2024-08-10,5.0,LATE,6.26
5,33,2024-08-12,2024-08-14,2.0,PAID,6.26
5,34,2024-08-19,,,MISSED,6.26
5,35,2024-08-26,2024-08-29,3.0,PAID,6.26
5,36,2024-09-02,,,MISSED,6.26
5,37,2024-09-09,2024-09-17,8.0,LATE,6.26
5,38,2024-09-16,2024-09-23,7.0,LATE,6.26
5,39,2024-09-23,2024-10-01,8.0,LATE,6.26
5,40,2024-09-30,2024-10-13,13.0,LATE,6.26
5,41,2024-10-07,2024-10-12,5.0,LATE,6.26
5,42,2024-10-14,,,MISSED,6.26
5,43,2024-10-21,,,MISSED,6.26
5,44,2024-10-28,2024-10-29,1.0,PAID,6.26
5,45,2024-11-04,2024-11-09,5.0,LATE,6.26
5,46,2024-11-11,,,MISSED,6.26
5,47,2024-11-18,2024-11-25,7.0,LATE,6.26
5,48,2024-11-25,,,MISSED,6.26
5,49,2024-12-02,2024-12-05,3.0,PAID,6.26
5,50,2024-12-09,2024-12-19,10.0,LATE,6.26
5,51,2024-12-16,2024-12-28,12.0,LATE,6.26
5,52,2024-12-23,2024-12-29,6.0,LATE,6.26
5,53,2024-12-30,2025-01-08,9.0,LATE,6.26
5,54,2025-01-06,2025-01-12,6.0,LATE,6.26
5,55,2025-01-13,,,MISSED,6.26
5,56,2025-01-20,2025-01-27,7.0,LATE,6.26
5,57,2025-01-27,2025-02-06,10.0,LATE,6.26
5,58,2025-02-03,2025-02-09,6.0,LATE,6.26
5,59,2025-02-10,2025-02-18,8.0,LATE,6.26
5,60,2025-02-17,2025-02-24,7.0,LATE,6.26
5,61,2025-02-24,,,MISSED,6.26
5,62,2025-03-03,,,MISSED,6.26
5,63,2025-03-10,2025-03-15,5.0,LATE,6.26
5,64,2025-03-17,,,MISSED,6.26
5,65,2025-03-24,2025-04-01,8.0,LATE,6.26
5,66,2025-03-31,2025-04-07,7.0,LATE,6.26
5,67,2025-04-07,2025-04-15,8.0,LATE,6.26
5,68,2025-04-14,2025-04-16,2.0,PAID,6.26
5,69,2025-04-21,,,MISSED,6.26
5,70,2025-04-28,2025-05-04,6.0,LATE,6.26
5,71,2025-05-05,,,MISSED,6.26
5,72,2025-05-12,2025-05-14,2.0,PAID,6.26
5,73,2025-05-19,2025-05-24,5.0,LATE,6.26
5,74,2025-05-26,2025-06-03,8.0,LATE,6.26
5,75,2025-06-02,,,MISSED,6.26
5,76,2025-06-09,2025-06-19,10.0,LATE,6.26
5,77,2025-06-16,,,MISSED,6.26
5,78,2025-06-23,2025-06-29,6.0,LATE,6.26
5,79,2025-06-30,,,MISSED,6.26
5,80,2025-07-07,2025-07-19,12.0,LATE,6.26
5,81,2025-07-14,2025-07-16,2.0,PAID,6.26
5,82,2025-07-21,,,MISSED,6.26
5,83,2025-07-28,2025-08-03,6.0,LATE,6.26
5,84,2025-08-04,2025-08-08,4.0,LATE,6.26
5,85,2025-08-11,2025-08-19,8.0,LATE,6.26
5,86,2025-08-18,2025-08-22,4.0,LATE,6.26
5,87,2025-08-25,2025-09-03,9.0,LATE,6.26
5,88,2025-09-01,2025-09-07,6.0,LATE,6.26
5,89,2025-09-08,,,MISSED,6.26
5,90,2025-09-15,2025-09-19,4.0,LATE,6.26
5,91,2025-09-22,,,MISSED,6.26
5,92,2025-09-29,2025-10-07,8.0,LATE,6.26
5,93,2025-10-06,2025-10-15,9.0,LATE,6.26
5,94,2025-10-13,2025-10-18,5.0,LATE,6.26
5,95,2025-10-20,2025-10-24,4.0,LATE,6.26
5,96,2025-10-27,2025-11-02,6.0,LATE,6.26
5,97,2025-11-03,,,MISSED,6.26
5,98,2025-11-10,2025-11-13,3.0,PAID,6.26
5,99,2025-11-17,2025-11-25,8.0,LATE,6.26
5,100,2025-11-24,,,MISSED,6.26
5,101,2025-12-01,2025-12-11,10.0,LATE,6.26
5,102,2025-12-08,2025-12-13,5.0,LATE,6.26
5,103,2025-12-15,,,MISSED,6.26
5,104,2025-12-22,,,MISSED,6.26
6,1,2024-01-01,2024-01-05,4.0,LATE,4.44
6,2,2024-01-08,,,MISSED,4.44
6,3,2024-01-15,,,MISSED,4.44
6,4,2024-01-22,,,MISSED,4.44
6,5,2024-01-29,2024-01-31,2.0,PAID,4.44
6,6,2024-02-05,,,MISSED,4.44
6,7,2024-02-12,,,MISSED,4.44
6,8,2024-02-19,2024-02-25,6.0,LATE,4.44
6,9,2024-02-26,2024-03-03,6.0,LATE,4.44
6,10,2024-03-04,2024-03-11,7.0,LATE,4.44
6,11,2024-03-11,,,MISSED,4.44
6,12,2024-03-18,2024-03-26,8.0,LATE,4.44
6,13,2024-03-25,,,MISSED,4.44
6,14,2024-04-01,2024-04-06,5.0,LATE,4.44
6,15,2024-04-08,2024-04-13,5.0,LATE,4.44
6,16,2024-04-15,2024-04-22,7.0,LATE,4.44
6,17,2024-04-22,2024-05-01,9.0,LATE,4.44
6,18,2024-04-29,2024-05-06,7.0,LATE,4.44
6,19,2024-05-06,,,MISSED,4.44
6,20,2024-05-13,2024-05-16,3.0,PAID,4.44
6,21,2024-05-20,2024-05-21,1.0,PAID,4.44
6,22,2024-05-27,2024-06-01,5.0,LATE,4.44
6,23,2024-06-03,,,MISSED,4.44
6,24,2024-06-10,2024-06-18,8.0,LATE,4.44
6,25,2024-06-17,2024-06-21,4.0,LATE,4.44
6,26,2024-06-24,2024-06-30,6.0,LATE,4.44
6,27,2024-07-01,2024-07-05,4.0,LATE,4.44
6,28,2024-07-08,2024-07-14,6.0,LATE,4.44
6,29,2024-07-15,2024-07-21,6.0,LATE,4.44
6,30,2024-07-22,2024-07-25,3.0,PAID,4.44
6,31,2024-07-29,2024-08-08,10.0,LATE,4.44
6,32,2024-08-05,2024-08-08,3.0,PAID,4.44
6,33,2024-08-12,,,MISSED,4.44
6,34,2024-08-19,2024-08-21,2.0,PAID,4.44
6,35,2024-08-26,2024-08-31,5.0,LATE,4.44
6,36,2024-09-02,,,MISSED,4.44
6,37,2024-09-09,2024-09-15,6.0,LATE,4.44
6,38,2024-09-16,2024-09-19,3.0,PAID,4.44
6,39,2024-09-23,,,MISSED,4.44
6,40,2024-09-30,2024-10-02,2.0,PAID,4.44
6,41,2024-10-07,2024-10-13,6.0,LATE,4.44
6,42,2024-10-14,2024-10-19,5.0,LATE,4.44
6,43,2024-10-21,2024-10-28,7.0,LATE,4.44
6,44,2024-10-28,2024-11-07,10.0,LATE,4.44
6,45,2024-11-04,2024-11-07,3.0,PAID,4.44
6,46,2024-11-11,2024-11-13,2.0,PAID,4.44
6,47,2024-11-18,2024-11-21,3.0,PAID,4.44
6,48,2024-11-25,2024-12-01,6.0,LATE,4.44
6,49,2024-12-02,,,MISSED,4.44
6,50,2024-12-09,,,MISSED,4.44
6,51,2024-12-16,2024-12-18,2.0,PAID,4.44
6,52,2024-12-23,,,MISSED,4.44
6,53,2024-12-30,,,MISSED,4.44
6,54,2025-01-06,2025-01-10,4.0,LATE,4.44
6,55,2025-01-13,2025-01-15,2.0,PAID,4.44
6,56,2025-01-20,2025-01-23,3.0,PAID,4.44
6,57,2025-01-27,,,MISSED,4.44
6,58,2025-02-03,2025-02-10,7.0,LATE,4.44
6,59,2025-02-10,2025-02-17,7.0,LATE,4.44
6,60,2025-02-17,2025-02-23,6.0,LATE,4.44
6,61,2025-02-24,2025-03-02,6.0,LATE,4.44
6,62,2025-03-03,2025-03-07,4.0,LATE,4.44
6,63,2025-03-10,,,MISSED,4.44
6,64,2025-03-17,2025-03-23,6.0,LATE,4.44
6,65,2025-03-24,2025-03-28,4.0,LATE,4.44
6,66,2025-03-31,2025-04-06,6.0,LATE,4.44
6,67,2025-04-07,2025-04-12,5.0,LATE,4.44
6,68,2025-04-14,2025-04-21,7.0,LATE,4.44
6,69,2025-04-21,,,MISSED,4.44
6,70,2025-04-28,,,MISSED,4.44
6,71,2025-05-05,2025-05-10,5.0,LATE,4.44
6,72,2025-05-12,2025-05-21,9.0,LATE,4.44
6,73,2025-05-19,2025-05-27,8.0,LATE,4.44
6,74,2025-05-26,2025-05-31,5.0,LATE,4.44
6,75,2025-06-02,,,MISSED,4.44
6,76,2025-06-09,2025-06-19,10.0,LATE,4.44
6,77,2025-06-16,2025-06-20,4.0,LATE,4.44
6,78,2025-06-23,2025-06-24,1.0,PAID,4.44
6,79,2025-06-30,2025-07-06,6.0,LATE,4.44
6,80,2025-07-07,2025-07-12,5.0,LATE,4.44
6,81,2025-07-14,,,MISSED,4.44
6,82,2025-07-21,2025-07-27,6.0,LATE,4.44
6,83,2025-07-28,2025-08-01,4.0,LATE,4.44
6,84,2025-08-04,2025-08-12,8.0,LATE,4.44
6,85,2025-08-11,2025-08-17,6.0,LATE,4.44
6,86,2025-08-18,2025-08-25,7.0,LATE,4.44
6,87,2025-08-25,2025-08-29,4.0,LATE,4.44
6,88,2025-09-01,2025-09-05,4.0,LATE,4.44
6,89,2025-09-08,2025-09-10,2.0,PAID,4.44
6,90,2025-09-15,2025-09-17,2.0,PAID,4.44
6,91,2025-09-22,2025-09-26,4.0,LATE,4.44
6,92,2025-09-29,,,MISSED,4.44
6,93,2025-10-06,2025-10-11,5.0,LATE,4.44
6,94,2025-10-13,2025-10-19,6.0,LATE,4.44
6,95,2025-10-20,2025-10-25,5.0,LATE,4.44
6,96,2025-10-27,2025-10-30,3.0,PAID,4.44
6,97,2025-11-03,2025-11-10,7.0,LATE,4.44
6,98,2025-11-10,2025-11-17,7.0,LATE,4.44
6,99,2025-11-17,,,MISSED,4.44
6,100,2025-11-24,2025-11-29,5.0,LATE,4.44
6,101,2025-12-01,2025-12-07,6.0,LATE,4.44
6,102,2025-12-08,2025-12-11,3.0,PAID,4.44
6,103,2025-12-15,2025-12-19,4.0,LATE,4.44
6,104,2025-12-22,2025-12-26,4.0,LATE,4.44
7,1,2024-01-01,2024-01-03,2.0,PAID,2.08
7,2,2024-01-08,2024-01-09,1.0,PAID,2.08
7,3,2024-01-15,2024-01-17,2.0,PAID,2.08
7,4,2024-01-22,2024-01-26,4.0,LATE,2.08
7,5,2024-01-29,2024-02-01,3.0,PAID,2.08
7,6,2024-02-05,2024-02-07,2.0,PAID,2.08
7,7,2024-02-12,2024-02-14,2.0,PAID,2.08
7,8,2024-02-19,2024-02-21,2.0,PAID,2.08
7,9,2024-02-26,2024-02-29,3.0,PAID,2.08
7,10,2024-03-04,2024-03-05,1.0,PAID,2.08
7,11,2024-03-11,2024-03-14,3.0,PAID,2.08
7,12,2024-03-18,,,MISSED,2.08
7,13,2024-03-25,2024-03-28,3.0,PAID,2.08
7,14,2024-04-01,2024-04-04,3.0,PAID,2.08
7,15,2024-04-08,2024-04-10,2.0,PAID,2.08
7,16,2024-04-15,2024-04-17,2.0,PAID,2.08
7,17,2024-04-22,,,MISSED,2.08
7,18,2024-04-29,2024-04-30,1.0,PAID,2.08
7,19,2024-05-06,2024-05-07,1.0,PAID,2.08
7,20,2024-05-13,,,MISSED,2.08
7,21,2024-05-20,2024-05-24,4.0,LATE,2.08
7,22,2024-05-27,,,MISSED,2.08
7,23,2024-06-03,2024-06-05,2.0,PAID,2.08
7,24,2024-06-10,2024-06-14,4.0,LATE,2.08
7,25,2024-06-17,2024-06-19,2.0,PAID,2.08
7,26,2024-06-24,2024-06-25,1.0,PAID,2.08
7,27,2024-07-01,2024-07-03,2.0,PAID,2.08
7,28,2024-07-08,2024-07-09,1.0,PAID,2.08
7,29,2024-07-15,2024-07-15,0.0,PAID,2.08
7,30,2024-07-22,2024-07-25,3.0,PAID,2.08
7,31,2024-07-29,2024-08-01,3.0,PAID,2.08
7,32,2024-08-05,2024-08-06,1.0,PAID,2.08
7,33,2024-08-12,2024-08-15,3.0,PAID,2.08
7,34,2024-08-19,2024-08-19,0.0,PAID,2.08
7,35,2024-08-26,,,MISSED,2.08
7,36,2024-09-02,2024-09-05,3.0,PAID,2.08
7,37,2024-09-09,2024-09-09,0.0,PAID,2.08
7,38,2024-09-16,2024-09-19,3.0,PAID,2.08
7,39,2024-09-23,2024-09-25,2.0,PAID,2.08
7,40,2024-09-30,,,MISSED,2.08
7,41,2024-10-07,2024-10-09,2.0,PAID,2.08
7,42,2024-10-14,2024-10-19,5.0,LATE,2.08
7,43,2024-10-21,2024-10-22,1.0,PAID,2.08
7,44,2024-10-28,2024-10-30,2.0,PAID,2.08
7,45,2024-11-04,2024-11-07,3.0,PAID,2.08
7,46,2024-11-11,2024-11-15,4.0,LATE,2.08
7,47,2024-11-18,2024-11-20,2.0,PAID,2.08
7,48,2024-11-25,2024-11-28,3.0,PAID,2.08
7,49,2024-12-02,,,MISSED,2.08
7,50,2024-12-09,2024-12-10,1.0,PAID,2.08
7,51,2024-12-16,2024-12-18,2.0,PAID,2.08
7,52,2024-12-23,2024-12-26,3.0,PAID,2.08
7,53,2024-12-30,,,MISSED,2.08
7,54,2025-01-06,2025-01-08,2.0,PAID,2.08
7,55,2025-01-13,,,MISSED,2.08
7,56,2025-01-20,2025-01-25,5.0,LATE,2.08
7,57,2025-01-27,2025-01-28,1.0,PAID,2.08
7,58,2025-02-03,2025-02-04,1.0,PAID,2.08
7,59,2025-02-10,2025-02-12,2.0,PAID,2.08
7,60,2025-02-17,,,MISSED,2.08
7,61,2025-02-24,2025-02-25,1.0,PAID,2.08
7,62,2025-03-03,2025-03-05,2.0,PAID,2.08
7,63,2025-03-10,2025-03-11,1.0,PAID,2.08
7,64,2025-03-17,2025-03-21,4.0,LATE,2.08
7,65,2025-03-24,2025-03-26,2.0,PAID,2.08
7,66,2025-03-31,2025-04-03,3.0,PAID,2.08
7,67,2025-04-07,2025-04-09,2.0,PAID,2.08
7,68,2025-04-14,,,MISSED,2.08
7,69,2025-04-21,2025-04-21,0.0,PAID,2.08
7,70,2025-04-28,2025-04-29,1.0,PAID,2.08
7,71,2025-05-05,2025-05-10,5.0,LATE,2.08
7,72,2025-05-12,2025-05-15,3.0,PAID,2.08
7,73,2025-05-19,,,MISSED,2.08
7,74,2025-05-26,,,MISSED,2.08
7,75,2025-06-02,2025-06-06,4.0,LATE,2.08
7,76,2025-06-09,2025-06-09,0.0,PAID,2.08
7,77,2025-06-16,2025-06-18,2.0,PAID,2.08
7,78,2025-06-23,2025-06-24,1.0,PAID,2.08
7,79,2025-06-30,2025-07-01,1.0,PAID,2.08
7,80,2025-07-07,2025-07-09,2.0,PAID,2.08
7,81,2025-07-14,2025-07-16,2.0,PAID,2.08
7,82,2025-07-21,,,MISSED,2.08
7,83,2025-07-28,,,MISSED,2.08
7,84,2025-08-04,2025-08-07,3.0,PAID,2.08
7,85,2025-08-11,2025-08-12,1.0,PAID,2.08
7,86,2025-08-18,2025-08-21,3.0,PAID,2.08
7,87,2025-08-25,2025-08-25,0.0,PAID,2.08
7,88,2025-09-01,2025-09-04,3.0,PAID,2.08
7,89,2025-09-08,2025-09-09,1.0,PAID,2.08
7,90,2025-09-15,2025-09-18,3.0,PAID,2.08
7,91,2025-09-22,,,MISSED,2.08
7,92,2025-09-29,2025-09-29,0.0,PAID,2.08
7,93,2025-10-06,2025-10-06,0.0,PAID,2.08
7,94,2025-10-13,2025-10-16,3.0,PAID,2.08
7,95,2025-10-20,2025-10-23,3.0,PAID,2.08
7,96,2025-10-27,2025-10-29,2.0,PAID,2.08
7,97,2025-11-03,2025-11-06,3.0,PAID,2.08
7,98,2025-11-10,2025-11-11,1.0,PAID,2.08
7,99,2025-11-17,2025-11-20,3.0,PAID,2.08
7,100,2025-11-24,2025-11-27,3.0,PAID,2.08
7,101,2025-12-01,,,MISSED,2.08
7,102,2025-12-08,2025-12-09,1.0,PAID,2.08
7,103,2025-12-15,2025-12-17,2.0,PAID,2.08
7,104,2025-12-22,2025-12-24,2.0,PAID,2.08
8,1,2024-01-01,2024-01-06,5.0,LATE,2.84
8,2,2024-01-08,2024-01-09,1.0,PAID,2.84
8,3,2024-01-15,2024-01-20,5.0,LATE,2.84
8,4,2024-01-22,2024-01-26,4.0,LATE,2.84
8,5,2024-01-29,2024-02-02,4.0,LATE,2.84
8,6,2024-02-05,2024-02-11,6.0,LATE,2.84
8,7,2024-02-12,2024-02-12,0.0,PAID,2.84
8,8,2024-02-19,2024-02-25,6.0,LATE,2.84
8,9,2024-02-26,2024-02-28,2.0,PAID,2.84
8,10,2024-03-04,2024-03-09,5.0,LATE,2.84
8,11,2024-03-11,2024-03-14,3.0,PAID,2.84
8,12,2024-03-18,,,MISSED,2.84
8,13,2024-03-25,2024-03-27,2.0,PAID,2.84
8,14,2024-04-01,,,MISSED,2.84
8,15,2024-04-08,2024-04-10,2.0,PAID,2.84
8,16,2024-04-15,2024-04-17,2.0,PAID,2.84
8,17,2024-04-22,,,MISSED,2.84
8,18,2024-04-29,2024-05-01,2.0,PAID,2.84
8,19,2024-05-06,,,MISSED,2.84
8,20,2024-05-13,2024-05-16,3.0,PAID,2.84
8,21,2024-05-20,,,MISSED,2.84
8,22,2024-05-27,2024-05-28,1.0,PAID,2.84
8,23,2024-06-03,,,MISSED,2.84
8,24,2024-06-10,,,MISSED,2.84
8,25,2024-06-17,2024-06-24,7.0,LATE,2.84
8,26,2024-06-24,2024-06-28,4.0,LATE,2.84
8,27,2024-07-01,,,MISSED,2.84
8,28,2024-07-08,2024-07-11,3.0,PAID,2.84
8,29,2024-07-15,2024-07-16,1.0,PAID,2.84
8,30,2024-07-22,2024-07-26,4.0,LATE,2.84
8,31,2024-07-29,2024-08-02,4.0,LATE,2.84
8,32,2024-08-05,2024-08-09,4.0,LATE,2.84
8,33,2024-08-12,2024-08-14,2.0,PAID,2.84
8,34,2024-08-19,2024-08-22,3.0,PAID,2.84
8,35,2024-08-26,2024-08-27,1.0,PAID,2.84
8,36,2024-09-02,2024-09-02,0.0,PAID,2.84
8,37,2024-09-09,2024-09-13,4.0,LATE,2.84
8,38,2024-09-16,,,MISSED,2.84
8,39,2024-09-23,2024-09-28,5.0,LATE,2.84
8,40,2024-09-30,2024-10-04,4.0,LATE,2.84
8,41,2024-10-07,2024-10-11,4.0,LATE,2.84
8,42,2024-10-14,2024-10-17,3.0,PAID,2.84
8,43,2024-10-21,2024-10-22,1.0,PAID,2.84
8,44,2024-10-28,2024-11-01,4.0,LATE,2.84
8,45,2024-11-04,2024-11-07,3.0,PAID,2.84
8,46,2024-11-11,2024-11-13,2.0,PAID,2.84
8,47,2024-11-18,2024-11-24,6.0,LATE,2.84
8,48,2024-11-25,2024-11-25,0.0,PAID,2.84
8,49,2024-12-02,,,MISSED,2.84
8,50,2024-12-09,2024-12-16,7.0,LATE,2.84
8,51,2024-12-16,2024-12-18,2.0,PAID,2.84
8,52,2024-12-23,2024-12-24,1.0,PAID,2.84
8,53,2024-12-30,2025-01-03,4.0,LATE,2.84
8,54,2025-01-06,2025-01-08,2.0,PAID,2.84
8,55,2025-01-13,2025-01-14,1.0,PAID,2.84
8,56,2025-01-20,,,MISSED,2.84
8,57,2025-01-27,2025-01-31,4.0,LATE,2.84
8,58,2025-02-03,2025-02-06,3.0,PAID,2.84
8,59,2025-02-10,2025-02-14,4.0,LATE,2.84
8,60,2025-02-17,2025-02-18,1.0,PAID,2.84
8,61,2025-02-24,2025-02-25,1.0,PAID,2.84
8,62,2025-03-03,,,MISSED,2.84
8,63,2025-03-10,2025-03-13,3.0,PAID,2.84
8,64,2025-03-17,2025-03-18,1.0,PAID,2.84
8,65,2025-03-24,,,MISSED,2.84
8,66,2025-03-31,2025-04-03,3.0,PAID,2.84
8,67,2025-04-07,2025-04-10,3.0,PAID,2.84
8,68,2025-04-14,,,MISSED,2.84
8,69,2025-04-21,2025-04-23,2.0,PAID,2.84
8,70,2025-04-28,2025-05-02,4.0,LATE,2.84
8,71,2025-05-05,2025-05-08,3.0,PAID,2.84
8,72,2025-05-12,,,MISSED,2.84
8,73,2025-05-19,2025-05-21,2.0,PAID,2.84
8,74,2025-05-26,2025-05-30,4.0,LATE,2.84
8,75,2025-06-02,,,MISSED,2.84
8,76,2025-06-09,,,MISSED,2.84
8,77,2025-06-16,2025-06-18,2.0,PAID,2.84
8,78,2025-06-23,2025-06-25,2.0,PAID,2.84
8,79,2025-06-30,2025-07-02,2.0,PAID,2.84
8,80,2025-07-07,2025-07-09,2.0,PAID,2.84
8,81,2025-07-14,2025-07-19,5.0,LATE,2.84
8,82,2025-07-21,2025-07-23,2.0,PAID,2.84
8,83,2025-07-28,2025-07-29,1.0,PAID,2.84
8,84,2025-08-04,2025-08-05,1.0,PAID,2.84
8,85,2025-08-11,2025-08-13,2.0,PAID,2.84
8,86,2025-08-18,2025-08-20,2.0,PAID,2.84
8,87,2025-08-25,2025-08-26,1.0,PAID,2.84
8,88,2025-09-01,2025-09-03,2.0,PAID,2.84
8,89,2025-09-08,,,MISSED,2.84
8,90,2025-09-15,,,MISSED,2.84
8,91,2025-09-22,2025-09-23,1.0,PAID,2.84
8,92,2025-09-29,2025-10-03,4.0,LATE,2.84
8,93,2025-10-06,2025-10-09,3.0,PAID,2.84
8,94,2025-10-13,2025-10-14,1.0,PAID,2.84
8,95,2025-10-20,,,MISSED,2.84
8,96,2025-10-27,2025-10-29,2.0,PAID,2.84
8,97,2025-11-03,,,MISSED,2.84
8,98,2025-11-10,2025-11-12,2.0,PAID,2.84
8,99,2025-11-17,,,MISSED,2.84
8,100,2025-11-24,,,MISSED,2.84
8,101,2025-12-01,2025-12-06,5.0,LATE,2.84
8,102,2025-12-08,,,MISSED,2.84
8,103,2025-12-15,2025-12-24,9.0,LATE,2.84
8,104,2025-12-22,,,MISSED,2.84
9,1,2024-01-01,2024-01-04,3.0,PAID,4.39
9,2,2024-01-08,2024-01-12,4.0,LATE,4.39
9,3,2024-01-15,2024-01-22,7.0,LATE,4.39
9,4,2024-01-22,2024-01-25,3.0,PAID,4.39
9,5,2024-01-29,2024-02-04,6.0,LATE,4.39
9,6,2024-02-05,2024-02-11,6.0,LATE,4.39
9,7,2024-02-12,,,MISSED,4.39
9,8,2024-02-19,,,MISSED,4.39
9,9,2024-02-26,,,MISSED,4.39
9,10,2024-03-04,2024-03-09,5.0,LATE,4.39
9,11,2024-03-11,2024-03-14,3.0,PAID,4.39
9,12,2024-03-18,2024-03-21,3.0,PAID,4.39
9,13,2024-03-25,2024-03-31,6.0,LATE,4.39
9,14,2024-04-01,2024-04-07,6.0,LATE,4.39
9,15,2024-04-08,2024-04-13,5.0,LATE,4.39
9,16,2024-04-15,2024-04-17,2.0,PAID,4.39
9,17,2024-04-22,2024-04-24,2.0,PAID,4.39
9,18,2024-04-29,2024-05-05,6.0,LATE,4.39
9,19,2024-05-06,2024-05-13,7.0,LATE,4.39
9,20,2024-05-13,2024-05-20,7.0,LATE,4.39
9,21,2024-05-20,2024-05-25,5.0,LATE,4.39
9,22,2024-05-27,2024-06-01,5.0,LATE,4.39
9,23,2024-06-03,,,MISSED,4.39
9,24,2024-06-10,2024-06-11,1.0,PAID,4.39
9,25,2024-06-17,2024-06-20,3.0,PAID,4.39
9,26,2024-06-24,2024-06-29,5.0,LATE,4.39
9,27,2024-07-01,2024-07-04,3.0,PAID,4.39
9,28,2024-07-08,,,MISSED,4.39
9,29,2024-07-15,,,MISSED,4.39
9,30,2024-07-22,2024-07-26,4.0,LATE,4.39
9,31,2024-07-29,2024-08-02,4.0,LATE,4.39
9,32,2024-08-05,,,MISSED,4.39
9,33,2024-08-12,,,MISSED,4.39
9,34,2024-08-19,2024-08-24,5.0,LATE,4.39
9,35,2024-08-26,2024-09-04,9.0,LATE,4.39
9,36,2024-09-02,2024-09-07,5.0,LATE,4.39
9,37,2024-09-09,2024-09-14,5.0,LATE,4.39
9,38,2024-09-16,2024-09-19,3.0,PAID,4.39
9,39,2024-09-23,2024-09-27,4.0,LATE,4.39
9,40,2024-09-30,2024-10-05,5.0,LATE,4.39
9,41,2024-10-07,2024-10-10,3.0,PAID,4.39
9,42,2024-10-14,2024-10-20,6.0,LATE,4.39
9,43,2024-10-21,2024-10-24,3.0,PAID,4.39
9,44,2024-10-28,,,MISSED,4.39
9,45,2024-11-04,2024-11-09,5.0,LATE,4.39
9,46,2024-11-11,2024-11-16,5.0,LATE,4.39
9,47,2024-11-18,,,MISSED,4.39
9,48,2024-11-25,,,MISSED,4.39
9,49,2024-12-02,2024-12-06,4.0,LATE,4.39
9,50,2024-12-09,2024-12-11,2.0,PAID,4.39
9,51,2024-12-16,2024-12-20,4.0,LATE,4.39
9,52,2024-12-23,2024-12-26,3.0,PAID,4.39
9,53,2024-12-30,2024-12-31,1.0,PAID,4.39
9,54,2025-01-06,2025-01-09,3.0,PAID,4.39
9,55,2025-01-13,2025-01-18,5.0,LATE,4.39
9,56,2025-01-20,2025-01-23,3.0,PAID,4.39
9,57,2025-01-27,,,MISSED,4.39
9,58,2025-02-03,2025-02-07,4.0,LATE,4.39
9,59,2025-02-10,2025-02-14,4.0,LATE,4.39
9,60,2025-02-17,2025-02-22,5.0,LATE,4.39
9,61,2025-02-24,2025-03-05,9.0,LATE,4.39
9,62,2025-03-03,2025-03-07,4.0,LATE,4.39
9,63,2025-03-10,2025-03-17,7.0,LATE,4.39
9,64,2025-03-17,2025-03-24,7.0,LATE,4.39
9,65,2025-03-24,2025-03-27,3.0,PAID,4.39
9,66,2025-03-31,2025-04-08,8.0,LATE,4.39
9,67,2025-04-07,2025-04-12,5.0,LATE,4.39
9,68,2025-04-14,2025-04-16,2.0,PAID,4.39
9,69,2025-04-21,,,MISSED,4.39
9,70,2025-04-28,2025-05-02,4.0,LATE,4.39
9,71,2025-05-05,2025-05-08,3.0,PAID,4.39
9,72,2025-05-12,2025-05-18,6.0,LATE,4.39
9,73,2025-05-19,2025-05-23,4.0,LATE,4.39
9,74,2025-05-26,2025-06-01,6.0,LATE,4.39
9,75,2025-06-02,2025-06-09,7.0,LATE,4.39
9,76,2025-06-09,2025-06-13,4.0,LATE,4.39
9,77,2025-06-16,2025-06-18,2.0,PAID,4.39
9,78,2025-06-23,2025-06-28,5.0,LATE,4.39
9,79,2025-06-30,2025-07-02,2.0,PAID,4.39
9,80,2025-07-07,2025-07-11,4.0,LATE,4.39
9,81,2025-07-14,,,MISSED,4.39
9,82,2025-07-21,2025-07-25,4.0,LATE,4.39
9,83,2025-07-28,,,MISSED,4.39
9,84,2025-08-04,2025-08-10,6.0,LATE,4.39
9,85,2025-08-11,2025-08-14,3.0,PAID,4.39
9,86,2025-08-18,2025-08-19,1.0,PAID,4.39
9,87,2025-08-25,2025-08-30,5.0,LATE,4.39
9,88,2025-09-01,2025-09-02,1.0,PAID,4.39
9,89,2025-09-08,2025-09-12,4.0,LATE,4.39
9,90,2025-09-15,2025-09-17,2.0,PAID,4.39
9,91,2025-09-22,2025-09-26,4.0,LATE,4.39
9,92,2025-09-29,,,MISSED,4.39
9,93,2025-10-06,,,MISSED,4.39
9,94,2025-10-13,2025-10-19,6.0,LATE,4.39
9,95,2025-10-20,,,MISSED,4.39
9,96,2025-10-27,,,MISSED,4.39
9,97,2025-11-03,,,MISSED,4.39
9,98,2025-11-10,,,MISSED,4.39
9,99,2025-11-17,2025-11-20,3.0,PAID,4.39
9,100,2025-11-24,2025-11-28,4.0,LATE,4.39
9,101,2025-12-01,2025-12-02,1.0,PAID,4.39
9,102,2025-12-08,2025-12-12,4.0,LATE,4.39
9,103,2025-12-15,2025-12-18,3.0,PAID,4.39
9,104,2025-12-22,2025-12-23,1.0,PAID,4.39
10,1,2024-01-01,2024-01-06,5.0,LATE,3.82
10,2,2024-01-08,,,MISSED,3.82
10,3,2024-01-15,,,MISSED,3.82
10,4,2024-01-22,2024-01-27,5.0,LATE,3.82
10,5,2024-01-29,2024-02-01,3.0,PAID,3.82
10,6,2024-02-05,2024-02-08,3.0,PAID,3.82
10,7,2024-02-12,2024-02-17,5.0,LATE,3.82
10,8,2024-02-19,2024-02-23,4.0,LATE,3.82
10,9,2024-02-26,2024-02-27,1.0,PAID,3.82
10,10,2024-03-04,,,MISSED,3.82
10,11,2024-03-11,2024-03-17,6.0,LATE,3.82
10,12,2024-03-18,2024-03-19,1.0,PAID,3.82
10,13,2024-03-25,,,MISSED,3.82
10,14,2024-04-01,,,MISSED,3.82
10,15,2024-04-08,2024-04-10,2.0,PAID,3.82
10,16,2024-04-15,,,MISSED,3.82
10,17,2024-04-22,,,MISSED,3.82
10,18,2024-04-29,2024-05-04,5.0,LATE,3.82
10,19,2024-05-06,,,MISSED,3.82
10,20,2024-05-13,,,MISSED,3.82
10,21,2024-05-20,2024-05-23,3.0,PAID,3.82
10,22,2024-05-27,,,MISSED,3.82
10,23,2024-06-03,2024-06-07,4.0,LATE,3.82
10,24,2024-06-10,2024-06-11,1.0,PAID,3.82
10,25,2024-06-17,2024-06-23,6.0,LATE,3.82
10,26,2024-06-24,2024-06-27,3.0,PAID,3.82
10,27,2024-07-01,2024-07-04,3.0,PAID,3.82
10,28,2024-07-08,2024-07-12,4.0,LATE,3.82
10,29,2024-07-15,2024-07-19,4.0,LATE,3.82
10,30,2024-07-22,2024-07-25,3.0,PAID,3.82
10,31,2024-07-29,2024-08-01,3.0,PAID,3.82
10,32,2024-08-05,2024-08-08,3.0,PAID,3.82
10,33,2024-08-12,2024-08-16,4.0,LATE,3.82
10,34,2024-08-19,,,MISSED,3.82
10,35,2024-08-26,2024-08-27,1.0,PAID,3.82
10,36,2024-09-02,2024-09-06,4.0,LATE,3.82
10,37,2024-09-09,,,MISSED,3.82
10,38,2024-09-16,2024-09-18,2.0,PAID,3.82
10,39,2024-09-23,2024-09-29,6.0,LATE,3.82
10,40,2024-09-30,2024-10-03,3.0,PAID,3.82
10,41,2024-10-07,2024-10-14,7.0,LATE,3.82
10,42,2024-10-14,2024-10-20,6.0,LATE,3.82
10,43,2024-10-21,2024-10-23,2.0,PAID,3.82
10,44,2024-10-28,2024-11-03,6.0,LATE,3.82
10,45,2024-11-04,2024-11-09,5.0,LATE,3.82
10,46,2024-11-11,,,MISSED,3.82
10,47,2024-11-18,2024-11-18,0.0,PAID,3.82
10,48,2024-11-25,2024-12-01,6.0,LATE,3.82
10,49,2024-12-02,2024-12-08,6.0,LATE,3.82
10,50,2024-12-09,2024-12-11,2.0,PAID,3.82
10,51,2024-12-16,2024-12-20,4.0,LATE,3.82
10,52,2024-12-23,2024-12-26,3.0,PAID,3.82
10,53,2024-12-30,2025-01-02,3.0,PAID,3.82
10,54,2025-01-06,,,MISSED,3.82
10,55,2025-01-13,,,MISSED,3.82
10,56,2025-01-20,,,MISSED,3.82
10,57,2025-01-27,2025-02-01,5.0,LATE,3.82
10,58,2025-02-03,,,MISSED,3.82
10,59,2025-02-10,2025-02-12,2.0,PAID,3.82
10,60,2025-02-17,2025-02-18,1.0,PAID,3.82
10,61,2025-02-24,2025-02-28,4.0,LATE,3.82
10,62,2025-03-03,2025-03-05,2.0,PAID,3.82
10,63,2025-03-10,2025-03-14,4.0,LATE,3.82
10,64,2025-03-17,,,MISSED,3.82
10,65,2025-03-24,,,MISSED,3.82
10,66,2025-03-31,2025-04-04,4.0,LATE,3.82
10,67,2025-04-07,,,MISSED,3.82
10,68,2025-04-14,2025-04-18,4.0,LATE,3.82
10,69,2025-04-21,,,MISSED,3.82
10,70,2025-04-28,2025-05-07,9.0,LATE,3.82
10,71,2025-05-05,2025-05-08,3.0,PAID,3.82
10,72,2025-05-12,2025-05-12,0.0,PAID,3.82
10,73,2025-05-19,,,MISSED,3.82
10,74,2025-05-26,2025-05-30,4.0,LATE,3.82
10,75,2025-06-02,2025-06-10,8.0,LATE,3.82
10,76,2025-06-09,2025-06-13,4.0,LATE,3.82
10,77,2025-06-16,2025-06-17,1.0,PAID,3.82
10,78,2025-06-23,,,MISSED,3.82
10,79,2025-06-30,2025-07-02,2.0,PAID,3.82
10,80,2025-07-07,2025-07-11,4.0,LATE,3.82
10,81,2025-07-14,2025-07-16,2.0,PAID,3.82
10,82,2025-07-21,2025-07-22,1.0,PAID,3.82
10,83,2025-07-28,2025-07-30,2.0,PAID,3.82
10,84,2025-08-04,2025-08-07,3.0,PAID,3.82
10,85,2025-08-11,,,MISSED,3.82
10,86,2025-08-18,2025-08-20,2.0,PAID,3.82
10,87,2025-08-25,2025-08-30,5.0,LATE,3.82
10,88,2025-09-01,,,MISSED,3.82
10,89,2025-09-08,2025-09-09,1.0,PAID,3.82
10,90,2025-09-15,2025-09-19,4.0,LATE,3.82
10,91,2025-09-22,,,MISSED,3.82
10,92,2025-09-29,,,MISSED,3.82
10,93,2025-10-06,2025-10-08,2.0,PAID,3.82
10,94,2025-10-13,2025-10-15,2.0,PAID,3.82
10,95,2025-10-20,,,MISSED,3.82
10,96,2025-10-27,2025-11-03,7.0,LATE,3.82
10,97,2025-11-03,2025-11-08,5.0,LATE,3.82
10,98,2025-11-10,,,MISSED,3.82
10,99,2025-11-17,2025-11-21,4.0,LATE,3.82
10,100,2025-11-24,,,MISSED,3.82
10,101,2025-12-01,2025-12-07,6.0,LATE,3.82
10,102,2025-12-08,,,MISSED,3.82
10,103,2025-12-15,2025-12-18,3.0,PAID,3.82
10,104,2025-12-22,2025-12-28,6.0,LATE,3.82
11,1,2024-01-01,,,MISSED,4.21
11,2,2024-01-08,2024-01-11,3.0,PAID,4.21
11,3,2024-01-15,2024-01-18,3.0,PAID,4.21
11,4,2024-01-22,,,MISSED,4.21
11,5,2024-01-29,2024-02-02,4.0,LATE,4.21
11,6,2024-02-05,2024-02-08,3.0,PAID,4.21
11,7,2024-02-12,2024-02-17,5.0,LATE,4.21
11,8,2024-02-19,2024-02-21,2.0,PAID,4.21
11,9,2024-02-26,2024-03-01,4.0,LATE,4.21
11,10,2024-03-04,2024-03-05,1.0,PAID,4.21
11,11,2024-03-11,,,MISSED,4.21
11,12,2024-03-18,,,MISSED,4.21
11,13,2024-03-25,2024-03-30,5.0,LATE,4.21
11,14,2024-04-01,2024-04-04,3.0,PAID,4.21
11,15,2024-04-08,,,MISSED,4.21
11,16,2024-04-15,2024-04-18,3.0,PAID,4.21
11,17,2024-04-22,,,MISSED,4.21
11,18,2024-04-29,,,MISSED,4.21
11,19,2024-05-06,2024-05-08,2.0,PAID,4.21
11,20,2024-05-13,2024-05-18,5.0,LATE,4.21
11,21,2024-05-20,2024-05-27,7.0,LATE,4.21
11,22,2024-05-27,2024-06-01,5.0,LATE,4.21
11,23,2024-06-03,,,MISSED,4.21
11,24,2024-06-10,,,MISSED,4.21
11,25,2024-06-17,2024-06-19,2.0,PAID,4.21
11,26,2024-06-24,2024-06-29,5.0,LATE,4.21
11,27,2024-07-01,2024-07-03,2.0,PAID,4.21
11,28,2024-07-08,,,MISSED,4.21
11,29,2024-07-15,,,MISSED,4.21
11,30,2024-07-22,2024-07-26,4.0,LATE,4.21
11,31,2024-07-29,2024-07-30,1.0,PAID,4.21
11,32,2024-08-05,2024-08-07,2.0,PAID,4.21
11,33,2024-08-12,,,MISSED,4.21
11,34,2024-08-19,,,MISSED,4.21
11,35,2024-08-26,2024-09-01,6.0,LATE,4.21
11,36,2024-09-02,2024-09-04,2.0,PAID,4.21
11,37,2024-09-09,2024-09-16,7.0,LATE,4.21
11,38,2024-09-16,2024-09-21,5.0,LATE,4.21
11,39,2024-09-23,2024-09-25,2.0,PAID,4.21
11,40,2024-09-30,,,MISSED,4.21
11,41,2024-10-07,2024-10-15,8.0,LATE,4.21
11,42,2024-10-14,2024-10-17,3.0,PAID,4.21
11,43,2024-10-21,2024-10-21,0.0,PAID,4.21
11,44,2024-10-28,2024-11-02,5.0,LATE,4.21
11,45,2024-11-04,2024-11-11,7.0,LATE,4.21
11,46,2024-11-11,2024-11-16,5.0,LATE,4.21
11,47,2024-11-18,,,MISSED,4.21
11,48,2024-11-25,2024-11-28,3.0,PAID,4.21
11,49,2024-12-02,,,MISSED,4.21
11,50,2024-12-09,2024-12-15,6.0,LATE,4.21
11,51,2024-12-16,2024-12-22,6.0,LATE,4.21
11,52,2024-12-23,2024-12-31,8.0,LATE,4.21
11,53,2024-12-30,2025-01-11,12.0,LATE,4.21
11,54,2025-01-06,2025-01-09,3.0,PAID,4.21
11,55,2025-01-13,2025-01-19,6.0,LATE,4.21
11,56,2025-01-20,2025-01-29,9.0,LATE,4.21
11,57,2025-01-27,2025-02-01,5.0,LATE,4.21
11,58,2025-02-03,2025-02-07,4.0,LATE,4.21
11,59,2025-02-10,2025-02-13,3.0,PAID,4.21
11,60,2025-02-17,2025-02-18,1.0,PAID,4.21
11,61,2025-02-24,2025-03-02,6.0,LATE,4.21
11,62,2025-03-03,2025-03-07,4.0,LATE,4.21
11,63,2025-03-10,2025-03-15,5.0,LATE,4.21
11,64,2025-03-17,2025-03-20,3.0,PAID,4.21
11,65,2025-03-24,,,MISSED,4.21
11,66,2025-03-31,,,MISSED,4.21
11,67,2025-04-07,,,MISSED,4.21
11,68,2025-04-14,2025-04-18,4.0,LATE,4.21
11,69,2025-04-21,2025-04-28,7.0,LATE,4.21
11,70,2025-04-28,2025-05-01,3.0,PAID,4.21
11,71,2025-05-05,,,MISSED,4.21
11,72,2025-05-12,,,MISSED,4.21
11,73,2025-05-19,2025-05-24,5.0,LATE,4.21
11,74,2025-05-26,2025-05-28,2.0,PAID,4.21
11,75,2025-06-02,,,MISSED,4.21
11,76,2025-06-09,,,MISSED,4.21
11,77,2025-06-16,,,MISSED,4.21
11,78,2025-06-23,2025-06-29,6.0,LATE,4.21
11,79,2025-06-30,,,MISSED,4.21
11,80,2025-07-07,2025-07-12,5.0,LATE,4.21
11,81,2025-07-14,2025-07-15,1.0,PAID,4.21
11,82,2025-07-21,2025-07-25,4.0,LATE,4.21
11,83,2025-07-28,2025-08-03,6.0,LATE,4.21
11,84,2025-08-04,,,MISSED,4.21
11,85,2025-08-11,2025-08-14,3.0,PAID,4.21
11,86,2025-08-18,2025-08-19,1.0,PAID,4.21
11,87,2025-08-25,2025-08-28,3.0,PAID,4.21
11,88,2025-09-01,2025-09-02,1.0,PAID,4.21
11,89,2025-09-08,2025-09-14,6.0,LATE,4.21
11,90,2025-09-15,,,MISSED,4.21
11,91,2025-09-22,2025-09-28,6.0,LATE,4.21
11,92,2025-09-29,2025-09-30,1.0,PAID,4.21
11,93,2025-10-06,2025-10-10,4.0,LATE,4.21
11,94,2025-10-13,,,MISSED,4.21
11,95,2025-10-20,2025-10-26,6.0,LATE,4.21
11,96,2025-10-27,,,MISSED,4.21
11,97,2025-11-03,2025-11-07,4.0,LATE,4.21
11,98,2025-11-10,2025-11-16,6.0,LATE,4.21
11,99,2025-11-17,,,MISSED,4.21
11,100,2025-11-24,2025-11-28,4.0,LATE,4.21
11,101,2025-12-01,,,MISSED,4.21
11,102,2025-12-08,2025-12-11,3.0,PAID,4.21
11,103,2025-12-15,,,MISSED,4.21
11,104,2025-12-22,,,MISSED,4.21
12,1,2024-01-01,2024-01-02,1.0,PAID,3.65
12,2,2024-01-08,2024-01-11,3.0,PAID,3.65
12,3,2024-01-15,2024-01-18,3.0,PAID,3.65
12,4,2024-01-22,2024-01-27,5.0,LATE,3.65
12,5,2024-01-29,,,MISSED,3.65
12,6,2024-02-05,2024-02-09,4.0,LATE,3.65
12,7,2024-02-12,2024-02-16,4.0,LATE,3.65
12,8,2024-02-19,2024-02-21,2.0,PAID,3.65
12,9,2024-02-26,,,MISSED,3.65
12,10,2024-03-04,,,MISSED,3.65
12,11,2024-03-11,2024-03-17,6.0,LATE,3.65
12,12,2024-03-18,2024-03-20,2.0,PAID,3.65
12,13,2024-03-25,2024-03-27,2.0,PAID,3.65
12,14,2024-04-01,2024-04-03,2.0,PAID,3.65
12,15,2024-04-08,2024-04-14,6.0,LATE,3.65
12,16,2024-04-15,2024-04-19,4.0,LATE,3.65
12,17,2024-04-22,2024-04-26,4.0,LATE,3.65
12,18,2024-04-29,2024-05-07,8.0,LATE,3.65
12,19,2024-05-06,2024-05-09,3.0,PAID,3.65
12,20,2024-05-13,,,MISSED,3.65
12,21,2024-05-20,,,MISSED,3.65
12,22,2024-05-27,2024-05-31,4.0,LATE,3.65
12,23,2024-06-03,,,MISSED,3.65
12,24,2024-06-10,2024-06-15,5.0,LATE,3.65
12,25,2024-06-17,2024-06-18,1.0,PAID,3.65
12,26,2024-06-24,2024-06-28,4.0,LATE,3.65
12,27,2024-07-01,2024-07-06,5.0,LATE,3.65
12,28,2024-07-08,2024-07-15,7.0,LATE,3.65
12,29,2024-07-15,2024-07-20,5.0,LATE,3.65
12,30,2024-07-22,2024-07-28,6.0,LATE,3.65
12,31,2024-07-29,,,MISSED,3.65
12,32,2024-08-05,2024-08-07,2.0,PAID,3.65
12,33,2024-08-12,2024-08-19,7.0,LATE,3.65
12,34,2024-08-19,2024-08-20,1.0,PAID,3.65
12,35,2024-08-26,,,MISSED,3.65
12,36,2024-09-02,2024-09-10,8.0,LATE,3.65
12,37,2024-09-09,2024-09-14,5.0,LATE,3.65
12,38,2024-09-16,2024-09-19,3.0,PAID,3.65
12,39,2024-09-23,2024-09-29,6.0,LATE,3.65
12,40,2024-09-30,2024-10-01,1.0,PAID,3.65
12,41,2024-10-07,,,MISSED,3.65
12,42,2024-10-14,2024-10-16,2.0,PAID,3.65
12,43,2024-10-21,2024-10-24,3.0,PAID,3.65
12,44,2024-10-28,,,MISSED,3.65
12,45,2024-11-04,2024-11-06,2.0,PAID,3.65
12,46,2024-11-11,2024-11-17,6.0,LATE,3.65
12,47,2024-11-18,2024-11-21,3.0,PAID,3.65
12,48,2024-11-25,2024-11-26,1.0,PAID,3.65
12,49,2024-12-02,2024-12-04,2.0,PAID,3.65
12,50,2024-12-09,,,MISSED,3.65
12,51,2024-12-16,2024-12-19,3.0,PAID,3.65
12,52,2024-12-23,2024-12-27,4.0,LATE,3.65
12,53,2024-12-30,,,MISSED,3.65
12,54,2025-01-06,2025-01-09,3.0,PAID,3.65
12,55,2025-01-13,2025-01-16,3.0,PAID,3.65
12,56,2025-01-20,2025-01-21,1.0,PAID,3.65
12,57,2025-01-27,,,MISSED,3.65
12,58,2025-02-03,,,MISSED,3.65
12,59,2025-02-10,2025-02-12,2.0,PAID,3.65
12,60,2025-02-17,2025-02-20,3.0,PAID,3.65
12,61,2025-02-24,2025-02-28,4.0,LATE,3.65
12,62,2025-03-03,2025-03-09,6.0,LATE,3.65
12,63,2025-03-10,2025-03-13,3.0,PAID,3.65
12,64,2025-03-17,2025-03-21,4.0,LATE,3.65
12,65,2025-03-24,2025-03-28,4.0,LATE,3.65
12,66,2025-03-31,2025-04-01,1.0,PAID,3.65
12,67,2025-04-07,,,MISSED,3.65
12,68,2025-04-14,2025-04-21,7.0,LATE,3.65
12,69,2025-04-21,2025-04-27,6.0,LATE,3.65
12,70,2025-04-28,2025-04-30,2.0,PAID,3.65
12,71,2025-05-05,2025-05-14,9.0,LATE,3.65
12,72,2025-05-12,2025-05-16,4.0,LATE,3.65
12,73,2025-05-19,2025-05-22,3.0,PAID,3.65
12,74,2025-05-26,2025-06-01,6.0,LATE,3.65
12,75,2025-06-02,,,MISSED,3.65
12,76,2025-06-09,2025-06-14,5.0,LATE,3.65
12,77,2025-06-16,2025-06-23,7.0,LATE,3.65
12,78,2025-06-23,2025-06-27,4.0,LATE,3.65
12,79,2025-06-30,,,MISSED,3.65
12,80,2025-07-07,2025-07-07,0.0,PAID,3.65
12,81,2025-07-14,2025-07-19,5.0,LATE,3.65
12,82,2025-07-21,,,MISSED,3.65
12,83,2025-07-28,,,MISSED,3.65
12,84,2025-08-04,2025-08-10,6.0,LATE,3.65
12,85,2025-08-11,2025-08-16,5.0,LATE,3.65
12,86,2025-08-18,2025-08-21,3.0,PAID,3.65
12,87,2025-08-25,2025-08-31,6.0,LATE,3.65
12,88,2025-09-01,2025-09-02,1.0,PAID,3.65
12,89,2025-09-08,2025-09-08,0.0,PAID,3.65
12,90,2025-09-15,,,MISSED,3.65
12,91,2025-09-22,2025-09-27,5.0,LATE,3.65
12,92,2025-09-29,,,MISSED,3.65
12,93,2025-10-06,2025-10-09,3.0,PAID,3.65
12,94,2025-10-13,2025-10-16,3.0,PAID,3.65
12,95,2025-10-20,2025-10-24,4.0,LATE,3.65
12,96,2025-10-27,2025-10-31,4.0,LATE,3.65
12,97,2025-11-03,,,MISSED,3.65
12,98,2025-11-10,,,MISSED,3.65
12,99,2025-11-17,2025-11-22,5.0,LATE,3.65
12,100,2025-11-24,,,MISSED,3.65
12,101,2025-12-01,2025-12-04,3.0,PAID,3.65
12,102,2025-12-08,2025-12-18,10.0,LATE,3.65
12,103,2025-12-15,,,MISSED,3.65
12,104,2025-12-22,,,MISSED,3.65
13,1,2024-01-01,2024-01-03,2.0,PAID,1.07
13,2,2024-01-08,2024-01-10,2.0,PAID,1.07
13,3,2024-01-15,2024-01-16,1.0,PAID,1.07
13,4,2024-01-22,2024-01-23,1.0,PAID,1.07
13,5,2024-01-29,2024-01-29,0.0,PAID,1.07
13,6,2024-02-05,2024-02-08,3.0,PAID,1.07
13,7,2024-02-12,2024-02-13,1.0,PAID,1.07
13,8,2024-02-19,2024-02-21,2.0,PAID,1.07
13,9,2024-02-26,2024-02-26,0.0,PAID,1.07
13,10,2024-03-04,,,MISSED,1.07
13,11,2024-03-11,2024-03-12,1.0,PAID,1.07
13,12,2024-03-18,,,MISSED,1.07
13,13,2024-03-25,2024-03-25,0.0,PAID,1.07
13,14,2024-04-01,2024-04-01,0.0,PAID,1.07
13,15,2024-04-08,2024-04-11,3.0,PAID,1.07
13,16,2024-04-15,2024-04-16,1.0,PAID,1.07
13,17,2024-04-22,,,MISSED,1.07
13,18,2024-04-29,2024-04-30,1.0,PAID,1.07
13,19,2024-05-06,2024-05-07,1.0,PAID,1.07
13,20,2024-05-13,2024-05-14,1.0,PAID,1.07
13,21,2024-05-20,2024-05-21,1.0,PAID,1.07
13,22,2024-05-27,2024-05-29,2.0,PAID,1.07
13,23,2024-06-03,2024-06-04,1.0,PAID,1.07
13,24,2024-06-10,2024-06-11,1.0,PAID,1.07
13,25,2024-06-17,2024-06-17,0.0,PAID,1.07
13,26,2024-06-24,2024-06-26,2.0,PAID,1.07
13,27,2024-07-01,2024-07-04,3.0,PAID,1.07
13,28,2024-07-08,2024-07-10,2.0,PAID,1.07
13,29,2024-07-15,2024-07-16,1.0,PAID,1.07
13,30,2024-07-22,2024-07-23,1.0,PAID,1.07
13,31,2024-07-29,2024-07-29,0.0,PAID,1.07
13,32,2024-08-05,2024-08-05,0.0,PAID,1.07
13,33,2024-08-12,2024-08-14,2.0,PAID,1.07
13,34,2024-08-19,2024-08-19,0.0,PAID,1.07
13,35,2024-08-26,2024-08-27,1.0,PAID,1.07
13,36,2024-09-02,2024-09-03,1.0,PAID,1.07
13,37,2024-09-09,2024-09-10,1.0,PAID,1.07
13,38,2024-09-16,2024-09-17,1.0,PAID,1.07
13,39,2024-09-23,2024-09-23,0.0,PAID,1.07
13,40,2024-09-30,2024-10-01,1.0,PAID,1.07
13,41,2024-10-07,2024-10-09,2.0,PAID,1.07
13,42,2024-10-14,2024-10-15,1.0,PAID,1.07
13,43,2024-10-21,2024-10-21,0.0,PAID,1.07
13,44,2024-10-28,2024-10-29,1.0,PAID,1.07
13,45,2024-11-04,2024-11-04,0.0,PAID,1.07
13,46,2024-11-11,2024-11-13,2.0,PAID,1.07
13,47,2024-11-18,2024-11-19,1.0,PAID,1.07
13,48,2024-11-25,2024-12-02,7.0,LATE,1.07
13,49,2024-12-02,2024-12-04,2.0,PAID,1.07
13,50,2024-12-09,2024-12-10,1.0,PAID,1.07
13,51,2024-12-16,2024-12-20,4.0,LATE,1.07
13,52,2024-12-23,2024-12-25,2.0,PAID,1.07
13,53,2024-12-30,2025-01-01,2.0,PAID,1.07
13,54,2025-01-06,2025-01-06,0.0,PAID,1.07
13,55,2025-01-13,2025-01-14,1.0,PAID,1.07
13,56,2025-01-20,2025-01-21,1.0,PAID,1.07
13,57,2025-01-27,2025-02-02,6.0,LATE,1.07
13,58,2025-02-03,2025-02-03,0.0,PAID,1.07
13,59,2025-02-10,2025-02-11,1.0,PAID,1.07
13,60,2025-02-17,2025-02-17,0.0,PAID,1.07
13,61,2025-02-24,2025-02-25,1.0,PAID,1.07
13,62,2025-03-03,2025-03-05,2.0,PAID,1.07
13,63,2025-03-10,2025-03-11,1.0,PAID,1.07
13,64,2025-03-17,2025-03-19,2.0,PAID,1.07
13,65,2025-03-24,2025-03-25,1.0,PAID,1.07
13,66,2025-03-31,2025-04-01,1.0,PAID,1.07
13,67,2025-04-07,2025-04-09,2.0,PAID,1.07
13,68,2025-04-14,2025-04-15,1.0,PAID,1.07
13,69,2025-04-21,2025-04-24,3.0,PAID,1.07
13,70,2025-04-28,2025-04-29,1.0,PAID,1.07
13,71,2025-05-05,,,MISSED,1.07
13,72,2025-05-12,2025-05-13,1.0,PAID,1.07
13,73,2025-05-19,,,MISSED,1.07
13,74,2025-05-26,2025-05-26,0.0,PAID,1.07
13,75,2025-06-02,2025-06-03,1.0,PAID,1.07
13,76,2025-06-09,2025-06-09,0.0,PAID,1.07
13,77,2025-06-16,2025-06-16,0.0,PAID,1.07
13,78,2025-06-23,2025-06-24,1.0,PAID,1.07
13,79,2025-06-30,2025-07-01,1.0,PAID,1.07
13,80,2025-07-07,2025-07-07,0.0,PAID,1.07
13,81,2025-07-14,2025-07-14,0.0,PAID,1.07
13,82,2025-07-21,,,MISSED,1.07
13,83,2025-07-28,,,MISSED,1.07
13,84,2025-08-04,2025-08-04,0.0,PAID,1.07
13,85,2025-08-11,2025-08-12,1.0,PAID,1.07
13,86,2025-08-18,2025-08-18,0.0,PAID,1.07
13,87,2025-08-25,2025-08-28,3.0,PAID,1.07
13,88,2025-09-01,2025-09-02,1.0,PAID,1.07
13,89,2025-09-08,2025-09-10,2.0,PAID,1.07
13,90,2025-09-15,2025-09-15,0.0,PAID,1.07
13,91,2025-09-22,2025-09-22,0.0,PAID,1.07
13,92,2025-09-29,,,MISSED,1.07
13,93,2025-10-06,,,MISSED,1.07
13,94,2025-10-13,2025-10-14,1.0,PAID,1.07
13,95,2025-10-20,2025-10-21,1.0,PAID,1.07
13,96,2025-10-27,,,MISSED,1.07
13,97,2025-11-03,2025-11-03,0.0,PAID,1.07
13,98,2025-11-10,2025-11-10,0.0,PAID,1.07
13,99,2025-11-17,2025-11-18,1.0,PAID,1.07
13,100,2025-11-24,2025-11-24,0.0,PAID,1.07
13,101,2025-12-01,2025-12-02,1.0,PAID,1.07
13,102,2025-12-08,2025-12-08,0.0,PAID,1.07
13,103,2025-12-15,,,MISSED,1.07
13,104,2025-12-22,2025-12-24,2.0,PAID,1.07
14,1,2024-01-01,2024-01-01,0.0,PAID,4.54
14,2,2024-01-08,2024-01-09,1.0,PAID,4.54
14,3,2024-01-15,2024-01-17,2.0,PAID,4.54
14,4,2024-01-22,2024-01-27,5.0,LATE,4.54
14,5,2024-01-29,2024-02-04,6.0,LATE,4.54
14,6,2024-02-05,2024-02-11,6.0,LATE,4.54
14,7,2024-02-12,2024-02-18,6.0,LATE,4.54
14,8,2024-02-19,2024-02-21,2.0,PAID,4.54
14,9,2024-02-26,,,MISSED,4.54
14,10,2024-03-04,2024-03-07,3.0,PAID,4.54
14,11,2024-03-11,2024-03-15,4.0,LATE,4.54
14,12,2024-03-18,2024-03-22,4.0,LATE,4.54
14,13,2024-03-25,2024-03-27,2.0,PAID,4.54
14,14,2024-04-01,,,MISSED,4.54
14,15,2024-04-08,2024-04-12,4.0,LATE,4.54
14,16,2024-04-15,,,MISSED,4.54
14,17,2024-04-22,,,MISSED,4.54
14,18,2024-04-29,,,MISSED,4.54
14,19,2024-05-06,2024-05-09,3.0,PAID,4.54
14,20,2024-05-13,2024-05-19,6.0,LATE,4.54
14,21,2024-05-20,,,MISSED,4.54
14,22,2024-05-27,,,MISSED,4.54
14,23,2024-06-03,,,MISSED,4.54
14,24,2024-06-10,2024-06-18,8.0,LATE,4.54
14,25,2024-06-17,,,MISSED,4.54
14,26,2024-06-24,2024-06-30,6.0,LATE,4.54
14,27,2024-07-01,2024-07-03,2.0,PAID,4.54
14,28,2024-07-08,,,MISSED,4.54
14,29,2024-07-15,,,MISSED,4.54
14,30,2024-07-22,2024-07-28,6.0,LATE,4.54
14,31,2024-07-29,,,MISSED,4.54
14,32,2024-08-05,2024-08-10,5.0,LATE,4.54
14,33,2024-08-12,2024-08-16,4.0,LATE,4.54
14,34,2024-08-19,,,MISSED,4.54
14,35,2024-08-26,2024-08-29,3.0,PAID,4.54
14,36,2024-09-02,2024-09-05,3.0,PAID,4.54
14,37,2024-09-09,,,MISSED,4.54
14,38,2024-09-16,2024-09-20,4.0,LATE,4.54
14,39,2024-09-23,,,MISSED,4.54
14,40,2024-09-30,2024-10-07,7.0,LATE,4.54
14,41,2024-10-07,,,MISSED,4.54
14,42,2024-10-14,2024-10-19,5.0,LATE,4.54
14,43,2024-10-21,2024-10-23,2.0,PAID,4.54
14,44,2024-10-28,2024-11-01,4.0,LATE,4.54
14,45,2024-11-04,,,MISSED,4.54
14,46,2024-11-11,,,MISSED,4.54
14,47,2024-11-18,,,MISSED,4.54
14,48,2024-11-25,2024-12-01,6.0,LATE,4.54
14,49,2024-12-02,2024-12-06,4.0,LATE,4.54
14,50,2024-12-09,,,MISSED,4.54
14,51,2024-12-16,2024-12-21,5.0,LATE,4.54
14,52,2024-12-23,,,MISSED,4.54
14,53,2024-12-30,,,MISSED,4.54
14,54,2025-01-06,2025-01-10,4.0,LATE,4.54
14,55,2025-01-13,2025-01-16,3.0,PAID,4.54
14,56,2025-01-20,2025-01-24,4.0,LATE,4.54
14,57,2025-01-27,2025-02-02,6.0,LATE,4.54
14,58,2025-02-03,,,MISSED,4.54
14,59,2025-02-10,2025-02-16,6.0,LATE,4.54
14,60,2025-02-17,,,MISSED,4.54
14,61,2025-02-24,2025-02-28,4.0,LATE,4.54
14,62,2025-03-03,2025-03-06,3.0,PAID,4.54
14,63,2025-03-10,2025-03-15,5.0,LATE,4.54
14,64,2025-03-17,,,MISSED,4.54
14,65,2025-03-24,,,MISSED,4.54
14,66,2025-03-31,,,MISSED,4.54
14,67,2025-04-07,2025-04-08,1.0,PAID,4.54
14,68,2025-04-14,,,MISSED,4.54
14,69,2025-04-21,2025-04-23,2.0,PAID,4.54
14,70,2025-04-28,2025-04-29,1.0,PAID,4.54
14,71,2025-05-05,2025-05-08,3.0,PAID,4.54
14,72,2025-05-12,2025-05-22,10.0,LATE,4.54
14,73,2025-05-19,2025-05-22,3.0,PAID,4.54
14,74,2025-05-26,2025-05-28,2.0,PAID,4.54
14,75,2025-06-02,2025-06-04,2.0,PAID,4.54
14,76,2025-06-09,,,MISSED,4.54
14,77,2025-06-16,2025-06-19,3.0,PAID,4.54
14,78,2025-06-23,2025-06-28,5.0,LATE,4.54
14,79,2025-06-30,2025-07-07,7.0,LATE,4.54
14,80,2025-07-07,,,MISSED,4.54
14,81,2025-07-14,2025-07-15,1.0,PAID,4.54
14,82,2025-07-21,2025-07-23,2.0,PAID,4.54
14,83,2025-07-28,2025-08-01,4.0,LATE,4.54
14,84,2025-08-04,2025-08-07,3.0,PAID,4.54
14,85,2025-08-11,,,MISSED,4.54
14,86,2025-08-18,2025-08-22,4.0,LATE,4.54
14,87,2025-08-25,,,MISSED,4.54
14,88,2025-09-01,2025-09-03,2.0,PAID,4.54
14,89,2025-09-08,2025-09-12,4.0,LATE,4.54
14,90,2025-09-15,2025-09-18,3.0,PAID,4.54
14,91,2025-09-22,,,MISSED,4.54
14,92,2025-09-29,2025-10-05,6.0,LATE,4.54
14,93,2025-10-06,,,MISSED,4.54
14,94,2025-10-13,,,MISSED,4.54
14,95,2025-10-20,2025-10-26,6.0,LATE,4.54
14,96,2025-10-27,2025-11-02,6.0,LATE,4.54
14,97,2025-11-03,2025-11-07,4.0,LATE,4.54
14,98,2025-11-10,,,MISSED,4.54
14,99,2025-11-17,,,MISSED,4.54
14,100,2025-11-24,2025-11-29,5.0,LATE,4.54
14,101,2025-12-01,2025-12-08,7.0,LATE,4.54
14,102,2025-12-08,2025-12-13,5.0,LATE,4.54
14,103,2025-12-15,2025-12-19,4.0,LATE,4.54
14,104,2025-12-22,2025-12-23,1.0,PAID,4.54
15,1,2024-01-01,2024-01-02,1.0,PAID,1.22
15,2,2024-01-08,2024-01-10,2.0,PAID,1.22
15,3,2024-01-15,2024-01-18,3.0,PAID,1.22
15,4,2024-01-22,2024-01-24,2.0,PAID,1.22
15,5,2024-01-29,2024-01-30,1.0,PAID,1.22
15,6,2024-02-05,,,MISSED,1.22
15,7,2024-02-12,2024-02-14,2.0,PAID,1.22
15,8,2024-02-19,2024-02-21,2.0,PAID,1.22
15,9,2024-02-26,2024-02-27,1.0,PAID,1.22
15,10,2024-03-04,2024-03-05,1.0,PAID,1.22
15,11,2024-03-11,2024-03-12,1.0,PAID,1.22
15,12,2024-03-18,,,MISSED,1.22
15,13,2024-03-25,2024-03-27,2.0,PAID,1.22
15,14,2024-04-01,2024-04-03,2.0,PAID,1.22
15,15,2024-04-08,2024-04-08,0.0,PAID,1.22
15,16,2024-04-15,2024-04-16,1.0,PAID,1.22
15,17,2024-04-22,2024-04-25,3.0,PAID,1.22
15,18,2024-04-29,2024-05-02,3.0,PAID,1.22
15,19,2024-05-06,2024-05-07,1.0,PAID,1.22
15,20,2024-05-13,2024-05-13,0.0,PAID,1.22
15,21,2024-05-20,,,MISSED,1.22
15,22,2024-05-27,2024-05-28,1.0,PAID,1.22
15,23,2024-06-03,2024-06-03,0.0,PAID,1.22
15,24,2024-06-10,2024-06-12,2.0,PAID,1.22
15,25,2024-06-17,2024-06-18,1.0,PAID,1.22
15,26,2024-06-24,2024-06-25,1.0,PAID,1.22
15,27,2024-07-01,,,MISSED,1.22
15,28,2024-07-08,2024-07-08,0.0,PAID,1.22
15,29,2024-07-15,2024-07-17,2.0,PAID,1.22
15,30,2024-07-22,2024-07-24,2.0,PAID,1.22
15,31,2024-07-29,2024-07-30,1.0,PAID,1.22
15,32,2024-08-05,2024-08-05,0.0,PAID,1.22
15,33,2024-08-12,2024-08-14,2.0,PAID,1.22
15,34,2024-08-19,2024-08-19,0.0,PAID,1.22
15,35,2024-08-26,2024-08-27,1.0,PAID,1.22
15,36,2024-09-02,2024-09-02,0.0,PAID,1.22
15,37,2024-09-09,2024-09-11,2.0,PAID,1.22
15,38,2024-09-16,2024-09-17,1.0,PAID,1.22
15,39,2024-09-23,2024-09-23,0.0,PAID,1.22
15,40,2024-09-30,2024-10-01,1.0,PAID,1.22
15,41,2024-10-07,2024-10-08,1.0,PAID,1.22
15,42,2024-10-14,2024-10-14,0.0,PAID,1.22
15,43,2024-10-21,2024-10-24,3.0,PAID,1.22
15,44,2024-10-28,2024-10-28,0.0,PAID,1.22
15,45,2024-11-04,,,MISSED,1.22
15,46,2024-11-11,2024-11-12,1.0,PAID,1.22
15,47,2024-11-18,2024-11-20,2.0,PAID,1.22
15,48,2024-11-25,2024-11-25,0.0,PAID,1.22
15,49,2024-12-02,2024-12-04,2.0,PAID,1.22
15,50,2024-12-09,2024-12-10,1.0,PAID,1.22
15,51,2024-12-16,2024-12-16,0.0,PAID,1.22
15,52,2024-12-23,2024-12-24,1.0,PAID,1.22
15,53,2024-12-30,2025-01-02,3.0,PAID,1.22
15,54,2025-01-06,2025-01-07,1.0,PAID,1.22
15,55,2025-01-13,2025-01-16,3.0,PAID,1.22
15,56,2025-01-20,2025-01-23,3.0,PAID,1.22
15,57,2025-01-27,2025-01-28,1.0,PAID,1.22
15,58,2025-02-03,2025-02-05,2.0,PAID,1.22
15,59,2025-02-10,2025-02-11,1.0,PAID,1.22
15,60,2025-02-17,2025-02-18,1.0,PAID,1.22
15,61,2025-02-24,2025-02-26,2.0,PAID,1.22
15,62,2025-03-03,2025-03-04,1.0,PAID,1.22
15,63,2025-03-10,2025-03-11,1.0,PAID,1.22
15,64,2025-03-17,2025-03-19,2.0,PAID,1.22
15,65,2025-03-24,2025-03-24,0.0,PAID,1.22
15,66,2025-03-31,,,MISSED,1.22
15,67,2025-04-07,2025-04-09,2.0,PAID,1.22
15,68,2025-04-14,2025-04-14,0.0,PAID,1.22
15,69,2025-04-21,2025-04-23,2.0,PAID,1.22
15,70,2025-04-28,2025-04-29,1.0,PAID,1.22
15,71,2025-05-05,2025-05-07,2.0,PAID,1.22
15,72,2025-05-12,2025-05-15,3.0,PAID,1.22
15,73,2025-05-19,2025-05-23,4.0,LATE,1.22
15,74,2025-05-26,2025-05-30,4.0,LATE,1.22
15,75,2025-06-02,2025-06-05,3.0,PAID,1.22
15,76,2025-06-09,2025-06-10,1.0,PAID,1.22
15,77,2025-06-16,2025-06-16,0.0,PAID,1.22
15,78,2025-06-23,2025-06-28,5.0,LATE,1.22
15,79,2025-06-30,2025-07-03,3.0,PAID,1.22
15,80,2025-07-07,2025-07-08,1.0,PAID,1.22
15,81,2025-07-14,2025-07-14,0.0,PAID,1.22
15,82,2025-07-21,2025-07-21,0.0,PAID,1.22
15,83,2025-07-28,2025-07-30,2.0,PAID,1.22
15,84,2025-08-04,2025-08-04,0.0,PAID,1.22
15,85,2025-08-11,2025-08-14,3.0,PAID,1.22
15,86,2025-08-18,2025-08-19,1.0,PAID,1.22
15,87,2025-08-25,2025-08-25,0.0,PAID,1.22
15,88,2025-09-01,2025-09-01,0.0,PAID,1.22
15,89,2025-09-08,2025-09-09,1.0,PAID,1.22
15,90,2025-09-15,2025-09-15,0.0,PAID,1.22
15,91,2025-09-22,2025-09-24,2.0,PAID,1.22
15,92,2025-09-29,2025-09-30,1.0,PAID,1.22
15,93,2025-10-06,2025-10-08,2.0,PAID,1.22
15,94,2025-10-13,2025-10-13,0.0,PAID,1.22
15,95,2025-10-20,2025-10-21,1.0,PAID,1.22
15,96,2025-10-27,2025-10-27,0.0,PAID,1.22
15,97,2025-11-03,2025-11-06,3.0,PAID,1.22
15,98,2025-11-10,2025-11-10,0.0,PAID,1.22
15,99,2025-11-17,2025-11-18,1.0,PAID,1.22
15,100,2025-11-24,2025-11-25,1.0,PAID,1.22
15,101,2025-12-01,,,MISSED,1.22
15,102,2025-12-08,2025-12-10,2.0,PAID,1.22
15,103,2025-12-15,2025-12-17,2.0,PAID,1.22
15,104,2025-12-22,2025-12-23,1.0,PAID,1.22
16,1,2024-01-01,,,MISSED,5.7
16,2,2024-01-08,2024-01-15,7.0,LATE,5.7
16,3,2024-01-15,2024-01-19,4.0,LATE,5.7
16,4,2024-01-22,2024-01-29,7.0,LATE,5.7
16,5,2024-01-29,2024-02-04,6.0,LATE,5.7
16,6,2024-02-05,2024-02-10,5.0,LATE,5.7
16,7,2024-02-12,,,MISSED,5.7
16,8,2024-02-19,,,MISSED,5.7
16,9,2024-02-26,2024-03-04,7.0,LATE,5.7
16,10,2024-03-04,2024-03-13,9.0,LATE,5.7
16,11,2024-03-11,2024-03-20,9.0,LATE,5.7
16,12,2024-03-18,,,MISSED,5.7
16,13,2024-03-25,2024-04-01,7.0,LATE,5.7
16,14,2024-04-01,,,MISSED,5.7
16,15,2024-04-08,2024-04-17,9.0,LATE,5.7
16,16,2024-04-15,,,MISSED,5.7
16,17,2024-04-22,,,MISSED,5.7
16,18,2024-04-29,2024-05-08,9.0,LATE,5.7
16,19,2024-05-06,2024-05-13,7.0,LATE,5.7
16,20,2024-05-13,2024-05-20,7.0,LATE,5.7
16,21,2024-05-20,2024-05-27,7.0,LATE,5.7
16,22,2024-05-27,2024-05-30,3.0,PAID,5.7
16,23,2024-06-03,2024-06-08,5.0,LATE,5.7
16,24,2024-06-10,,,MISSED,5.7
16,25,2024-06-17,2024-06-20,3.0,PAID,5.7
16,26,2024-06-24,2024-06-29,5.0,LATE,5.7
16,27,2024-07-01,2024-07-08,7.0,LATE,5.7
16,28,2024-07-08,2024-07-15,7.0,LATE,5.7
16,29,2024-07-15,2024-07-20,5.0,LATE,5.7
16,30,2024-07-22,2024-07-27,5.0,LATE,5.7
16,31,2024-07-29,2024-08-03,5.0,LATE,5.7
16,32,2024-08-05,,,MISSED,5.7
16,33,2024-08-12,,,MISSED,5.7
16,34,2024-08-19,2024-08-25,6.0,LATE,5.7
16,35,2024-08-26,2024-09-02,7.0,LATE,5.7
16,36,2024-09-02,2024-09-06,4.0,LATE,5.7
16,37,2024-09-09,,,MISSED,5.7
16,38,2024-09-16,2024-09-20,4.0,LATE,5.7
16,39,2024-09-23,,,MISSED,5.7
16,40,2024-09-30,2024-10-05,5.0,LATE,5.7
16,41,2024-10-07,2024-10-13,6.0,LATE,5.7
16,42,2024-10-14,2024-10-21,7.0,LATE,5.7
16,43,2024-10-21,2024-10-26,5.0,LATE,5.7
16,44,2024-10-28,2024-10-30,2.0,PAID,5.7
16,45,2024-11-04,2024-11-07,3.0,PAID,5.7
16,46,2024-11-11,2024-11-24,13.0,LATE,5.7
16,47,2024-11-18,2024-11-29,11.0,LATE,5.7
16,48,2024-11-25,2024-12-03,8.0,LATE,5.7
16,49,2024-12-02,2024-12-08,6.0,LATE,5.7
16,50,2024-12-09,2024-12-16,7.0,LATE,5.7
16,51,2024-12-16,2024-12-21,5.0,LATE,5.7
16,52,2024-12-23,2024-12-28,5.0,LATE,5.7
16,53,2024-12-30,,,MISSED,5.7
16,54,2025-01-06,2025-01-12,6.0,LATE,5.7
16,55,2025-01-13,2025-01-18,5.0,LATE,5.7
16,56,2025-01-20,,,MISSED,5.7
16,57,2025-01-27,2025-02-06,10.0,LATE,5.7
16,58,2025-02-03,2025-02-06,3.0,PAID,5.7
16,59,2025-02-10,,,MISSED,5.7
16,60,2025-02-17,2025-02-24,7.0,LATE,5.7
16,61,2025-02-24,,,MISSED,5.7
16,62,2025-03-03,2025-03-13,10.0,LATE,5.7
16,63,2025-03-10,2025-03-16,6.0,LATE,5.7
16,64,2025-03-17,,,MISSED,5.7
16,65,2025-03-24,,,MISSED,5.7
16,66,2025-03-31,2025-04-07,7.0,LATE,5.7
16,67,2025-04-07,2025-04-13,6.0,LATE,5.7
16,68,2025-04-14,2025-04-20,6.0,LATE,5.7
16,69,2025-04-21,2025-04-27,6.0,LATE,5.7
16,70,2025-04-28,2025-05-02,4.0,LATE,5.7
16,71,2025-05-05,2025-05-14,9.0,LATE,5.7
16,72,2025-05-12,,,MISSED,5.7
16,73,2025-05-19,2025-05-24,5.0,LATE,5.7
16,74,2025-05-26,2025-06-03,8.0,LATE,5.7
16,75,2025-06-02,2025-06-08,6.0,LATE,5.7
16,76,2025-06-09,2025-06-14,5.0,LATE,5.7
16,77,2025-06-16,2025-06-24,8.0,LATE,5.7
16,78,2025-06-23,2025-06-30,7.0,LATE,5.7
16,79,2025-06-30,,,MISSED,5.7
16,80,2025-07-07,2025-07-10,3.0,PAID,5.7
16,81,2025-07-14,2025-07-22,8.0,LATE,5.7
16,82,2025-07-21,2025-07-30,9.0,LATE,5.7
16,83,2025-07-28,,,MISSED,5.7
16,84,2025-08-04,,,MISSED,5.7
16,85,2025-08-11,2025-08-17,6.0,LATE,5.7
16,86,2025-08-18,2025-08-25,7.0,LATE,5.7
16,87,2025-08-25,,,MISSED,5.7
16,88,2025-09-01,2025-09-06,5.0,LATE,5.7
16,89,2025-09-08,,,MISSED,5.7
16,90,2025-09-15,2025-09-18,3.0,PAID,5.7
16,91,2025-09-22,2025-09-29,7.0,LATE,5.7
16,92,2025-09-29,2025-10-08,9.0,LATE,5.7
16,93,2025-10-06,,,MISSED,5.7
16,94,2025-10-13,2025-10-20,7.0,LATE,5.7
16,95,2025-10-20,2025-10-26,6.0,LATE,5.7
16,96,2025-10-27,2025-11-04,8.0,LATE,5.7
16,97,2025-11-03,2025-11-10,7.0,LATE,5.7
16,98,2025-11-10,2025-11-18,8.0,LATE,5.7
16,99,2025-11-17,2025-11-23,6.0,LATE,5.7
16,100,2025-11-24,,,MISSED,5.7
16,101,2025-12-01,2025-12-08,7.0,LATE,5.7
16,102,2025-12-08,2025-12-11,3.0,PAID,5.7
16,103,2025-12-15,2025-12-18,3.0,PAID,5.7
16,104,2025-12-22,,,MISSED,5.7
17,1,2024-01-01,2024-01-11,10.0,LATE,5.97
17,2,2024-01-08,,,MISSED,5.97
17,3,2024-01-15,,,MISSED,5.97
17,4,2024-01-22,2024-01-29,7.0,LATE,5.97
17,5,2024-01-29,,,MISSED,5.97
17,6,2024-02-05,,,MISSED,5.97
17,7,2024-02-12,,,MISSED,5.97
17,8,2024-02-19,2024-02-26,7.0,LATE,5.97
17,9,2024-02-26,,,MISSED,5.97
17,10,2024-03-04,,,MISSED,5.97
17,11,2024-03-11,2024-03-14,3.0,PAID,5.97
17,12,2024-03-18,,,MISSED,5.97
17,13,2024-03-25,,,MISSED,5.97
17,14,2024-04-01,2024-04-04,3.0,PAID,5.97
17,15,2024-04-08,,,MISSED,5.97
17,16,2024-04-15,2024-04-20,5.0,LATE,5.97
17,17,2024-04-22,,,MISSED,5.97
17,18,2024-04-29,2024-05-02,3.0,PAID,5.97
17,19,2024-05-06,2024-05-10,4.0,LATE,5.97
17,20,2024-05-13,,,MISSED,5.97
17,21,2024-05-20,2024-05-26,6.0,LATE,5.97
17,22,2024-05-27,,,MISSED,5.97
17,23,2024-06-03,2024-06-07,4.0,LATE,5.97
17,24,2024-06-10,2024-06-19,9.0,LATE,5.97
17,25,2024-06-17,2024-06-18,1.0,PAID,5.97
17,26,2024-06-24,2024-07-02,8.0,LATE,5.97
17,27,2024-07-01,,,MISSED,5.97
17,28,2024-07-08,,,MISSED,5.97
17,29,2024-07-15,2024-07-16,1.0,PAID,5.97
17,30,2024-07-22,2024-07-25,3.0,PAID,5.97
17,31,2024-07-29,,,MISSED,5.97
17,32,2024-08-05,2024-08-08,3.0,PAID,5.97
17,33,2024-08-12,2024-08-17,5.0,LATE,5.97
17,34,2024-08-19,2024-08-29,10.0,LATE,5.97
17,35,2024-08-26,,,MISSED,5.97
17,36,2024-09-02,2024-09-14,12.0,LATE,5.97
17,37,2024-09-09,2024-09-12,3.0,PAID,5.97
17,38,2024-09-16,2024-09-24,8.0,LATE,5.97
17,39,2024-09-23,2024-09-30,7.0,LATE,5.97
17,40,2024-09-30,2024-10-03,3.0,PAID,5.97
17,41,2024-10-07,2024-10-11,4.0,LATE,5.97
17,42,2024-10-14,2024-10-18,4.0,LATE,5.97
17,43,2024-10-21,2024-10-30,9.0,LATE,5.97
17,44,2024-10-28,2024-11-03,6.0,LATE,5.97
17,45,2024-11-04,2024-11-10,6.0,LATE,5.97
17,46,2024-11-11,2024-11-14,3.0,PAID,5.97
17,47,2024-11-18,,,MISSED,5.97
17,48,2024-11-25,2024-11-29,4.0,LATE,5.97
17,49,2024-12-02,,,MISSED,5.97
17,50,2024-12-09,2024-12-12,3.0,PAID,5.97
17,51,2024-12-16,,,MISSED,5.97
17,52,2024-12-23,2024-12-28,5.0,LATE,5.97
17,53,2024-12-30,2025-01-07,8.0,LATE,5.97
17,54,2025-01-06,2025-01-10,4.0,LATE,5.97
17,55,2025-01-13,2025-01-18,5.0,LATE,5.97
17,56,2025-01-20,,,MISSED,5.97
17,57,2025-01-27,,,MISSED,5.97
17,58,2025-02-03,2025-02-10,7.0,LATE,5.97
17,59,2025-02-10,2025-02-17,7.0,LATE,5.97
17,60,2025-02-17,2025-02-24,7.0,LATE,5.97
17,61,2025-02-24,2025-02-27,3.0,PAID,5.97
17,62,2025-03-03,,,MISSED,5.97
17,63,2025-03-10,2025-03-17,7.0,LATE,5.97
17,64,2025-03-17,,,MISSED,5.97
17,65,2025-03-24,,,MISSED,5.97
17,66,2025-03-31,2025-04-06,6.0,LATE,5.97
17,67,2025-04-07,2025-04-12,5.0,LATE,5.97
17,68,2025-04-14,,,MISSED,5.97
17,69,2025-04-21,2025-04-27,6.0,LATE,5.97
17,70,2025-04-28,2025-05-07,9.0,LATE,5.97
17,71,2025-05-05,,,MISSED,5.97
17,72,2025-05-12,2025-05-20,8.0,LATE,5.97
17,73,2025-05-19,2025-05-23,4.0,LATE,5.97
17,74,2025-05-26,2025-06-02,7.0,LATE,5.97
17,75,2025-06-02,2025-06-04,2.0,PAID,5.97
17,76,2025-06-09,,,MISSED,5.97
17,77,2025-06-16,2025-06-24,8.0,LATE,5.97
17,78,2025-06-23,2025-07-01,8.0,LATE,5.97
17,79,2025-06-30,,,MISSED,5.97
17,80,2025-07-07,2025-07-10,3.0,PAID,5.97
17,81,2025-07-14,2025-07-17,3.0,PAID,5.97
17,82,2025-07-21,,,MISSED,5.97
17,83,2025-07-28,2025-08-02,5.0,LATE,5.97
17,84,2025-08-04,2025-08-16,12.0,LATE,5.97
17,85,2025-08-11,2025-08-12,1.0,PAID,5.97
17,86,2025-08-18,,,MISSED,5.97
17,87,2025-08-25,2025-08-30,5.0,LATE,5.97
17,88,2025-09-01,2025-09-06,5.0,LATE,5.97
17,89,2025-09-08,2025-09-16,8.0,LATE,5.97
17,90,2025-09-15,2025-09-20,5.0,LATE,5.97
17,91,2025-09-22,,,MISSED,5.97
17,92,2025-09-29,2025-10-03,4.0,LATE,5.97
17,93,2025-10-06,2025-10-12,6.0,LATE,5.97
17,94,2025-10-13,,,MISSED,5.97
17,95,2025-10-20,,,MISSED,5.97
17,96,2025-10-27,,,MISSED,5.97
17,97,2025-11-03,2025-11-07,4.0,LATE,5.97
17,98,2025-11-10,2025-11-15,5.0,LATE,5.97
17,99,2025-11-17,2025-11-25,8.0,LATE,5.97
17,100,2025-11-24,2025-11-27,3.0,PAID,5.97
17,101,2025-12-01,2025-12-09,8.0,LATE,5.97
17,102,2025-12-08,2025-12-11,3.0,PAID,5.97
17,103,2025-12-15,,,MISSED,5.97
17,104,2025-12-22,2025-12-31,9.0,LATE,5.97
18,1,2024-01-01,,,MISSED,1.26
18,2,2024-01-08,2024-01-08,0.0,PAID,1.26
18,3,2024-01-15,,,MISSED,1.26
18,4,2024-01-22,2024-01-24,2.0,PAID,1.26
18,5,2024-01-29,2024-01-29,0.0,PAID,1.26
18,6,2024-02-05,2024-02-08,3.0,PAID,1.26
18,7,2024-02-12,2024-02-12,0.0,PAID,1.26
18,8,2024-02-19,2024-02-19,0.0,PAID,1.26
18,9,2024-02-26,2024-02-28,2.0,PAID,1.26
18,10,2024-03-04,2024-03-04,0.0,PAID,1.26
18,11,2024-03-11,2024-03-11,0.0,PAID,1.26
18,12,2024-03-18,2024-03-21,3.0,PAID,1.26
18,13,2024-03-25,,,MISSED,1.26
18,14,2024-04-01,2024-04-03,2.0,PAID,1.26
18,15,2024-04-08,2024-04-09,1.0,PAID,1.26
18,16,2024-04-15,,,MISSED,1.26
18,17,2024-04-22,2024-04-23,1.0,PAID,1.26
18,18,2024-04-29,,,MISSED,1.26
18,19,2024-05-06,,,MISSED,1.26
18,20,2024-05-13,2024-05-14,1.0,PAID,1.26
18,21,2024-05-20,2024-05-22,2.0,PAID,1.26
18,22,2024-05-27,2024-05-27,0.0,PAID,1.26
18,23,2024-06-03,2024-06-07,4.0,LATE,1.26
18,24,2024-06-10,2024-06-11,1.0,PAID,1.26
18,25,2024-06-17,2024-06-19,2.0,PAID,1.26
18,26,2024-06-24,2024-06-25,1.0,PAID,1.26
18,27,2024-07-01,2024-07-02,1.0,PAID,1.26
18,28,2024-07-08,2024-07-09,1.0,PAID,1.26
18,29,2024-07-15,2024-07-16,1.0,PAID,1.26
18,30,2024-07-22,2024-07-25,3.0,PAID,1.26
18,31,2024-07-29,2024-07-31,2.0,PAID,1.26
18,32,2024-08-05,2024-08-07,2.0,PAID,1.26
18,33,2024-08-12,2024-08-13,1.0,PAID,1.26
18,34,2024-08-19,,,MISSED,1.26
18,35,2024-08-26,2024-08-27,1.0,PAID,1.26
18,36,2024-09-02,2024-09-02,0.0,PAID,1.26
18,37,2024-09-09,2024-09-11,2.0,PAID,1.26
18,38,2024-09-16,2024-09-17,1.0,PAID,1.26
18,39,2024-09-23,2024-09-24,1.0,PAID,1.26
18,40,2024-09-30,2024-10-01,1.0,PAID,1.26
18,41,2024-10-07,,,MISSED,1.26
18,42,2024-10-14,2024-10-15,1.0,PAID,1.26
18,43,2024-10-21,2024-10-26,5.0,LATE,1.26
18,44,2024-10-28,2024-10-28,0.0,PAID,1.26
18,45,2024-11-04,2024-11-07,3.0,PAID,1.26
18,46,2024-11-11,2024-11-12,1.0,PAID,1.26
18,47,2024-11-18,2024-11-18,0.0,PAID,1.26
18,48,2024-11-25,2024-11-29,4.0,LATE,1.26
18,49,2024-12-02,2024-12-04,2.0,PAID,1.26
18,50,2024-12-09,2024-12-11,2.0,PAID,1.26
18,51,2024-12-16,2024-12-17,1.0,PAID,1.26
18,52,2024-12-23,2024-12-24,1.0,PAID,1.26
18,53,2024-12-30,2024-12-31,1.0,PAID,1.26
18,54,2025-01-06,2025-01-08,2.0,PAID,1.26
18,55,2025-01-13,2025-01-14,1.0,PAID,1.26
18,56,2025-01-20,2025-01-20,0.0,PAID,1.26
18,57,2025-01-27,2025-01-29,2.0,PAID,1.26
18,58,2025-02-03,2025-02-03,0.0,PAID,1.26
18,59,2025-02-10,2025-02-11,1.0,PAID,1.26
18,60,2025-02-17,2025-02-18,1.0,PAID,1.26
18,61,2025-02-24,2025-02-24,0.0,PAID,1.26
18,62,2025-03-03,2025-03-03,0.0,PAID,1.26
18,63,2025-03-10,,,MISSED,1.26
18,64,2025-03-17,2025-03-18,1.0,PAID,1.26
18,65,2025-03-24,2025-03-28,4.0,LATE,1.26
18,66,2025-03-31,2025-03-31,0.0,PAID,1.26
18,67,2025-04-07,2025-04-11,4.0,LATE,1.26
18,68,2025-04-14,,,MISSED,1.26
18,69,2025-04-21,2025-04-23,2.0,PAID,1.26
18,70,2025-04-28,2025-04-29,1.0,PAID,1.26
18,71,2025-05-05,2025-05-06,1.0,PAID,1.26
18,72,2025-05-12,2025-05-15,3.0,PAID,1.26
18,73,2025-05-19,2025-05-21,2.0,PAID,1.26
18,74,2025-05-26,2025-05-26,0.0,PAID,1.26
18,75,2025-06-02,2025-06-02,0.0,PAID,1.26
18,76,2025-06-09,2025-06-12,3.0,PAID,1.26
18,77,2025-06-16,2025-06-17,1.0,PAID,1.26
18,78,2025-06-23,,,MISSED,1.26
18,79,2025-06-30,2025-06-30,0.0,PAID,1.26
18,80,2025-07-07,2025-07-10,3.0,PAID,1.26
18,81,2025-07-14,2025-07-18,4.0,LATE,1.26
18,82,2025-07-21,,,MISSED,1.26
18,83,2025-07-28,2025-07-29,1.0,PAID,1.26
18,84,2025-08-04,,,MISSED,1.26
18,85,2025-08-11,2025-08-13,2.0,PAID,1.26
18,86,2025-08-18,2025-08-18,0.0,PAID,1.26
18,87,2025-08-25,2025-08-25,0.0,PAID,1.26
18,88,2025-09-01,,,MISSED,1.26
18,89,2025-09-08,2025-09-11,3.0,PAID,1.26
18,90,2025-09-15,2025-09-17,2.0,PAID,1.26
18,91,2025-09-22,2025-09-25,3.0,PAID,1.26
18,92,2025-09-29,,,MISSED,1.26
18,93,2025-10-06,2025-10-07,1.0,PAID,1.26
18,94,2025-10-13,,,MISSED,1.26
18,95,2025-10-20,2025-10-20,0.0,PAID,1.26
18,96,2025-10-27,2025-10-29,2.0,PAID,1.26
18,97,2025-11-03,2025-11-03,0.0,PAID,1.26
18,98,2025-11-10,,,MISSED,1.26
18,99,2025-11-17,,,MISSED,1.26
18,100,2025-11-24,2025-11-25,1.0,PAID,1.26
18,101,2025-12-01,2025-12-04,3.0,PAID,1.26
18,102,2025-12-08,2025-12-11,3.0,PAID,1.26
18,103,2025-12-15,2025-12-16,1.0,PAID,1.26
18,104,2025-12-22,2025-12-23,1.0,PAID,1.26
19,1,2024-01-01,2024-01-03,2.0,PAID,2.18
19,2,2024-01-08,2024-01-10,2.0,PAID,2.18
19,3,2024-01-15,2024-01-21,6.0,LATE,2.18
19,4,2024-01-22,,,MISSED,2.18
19,5,2024-01-29,,,MISSED,2.18
19,6,2024-02-05,2024-02-11,6.0,LATE,2.18
19,7,2024-02-12,2024-02-15,3.0,PAID,2.18
19,8,2024-02-19,2024-02-21,2.0,PAID,2.18
19,9,2024-02-26,,,MISSED,2.18
19,10,2024-03-04,2024-03-06,2.0,PAID,2.18
19,11,2024-03-11,2024-03-11,0.0,PAID,2.18
19,12,2024-03-18,2024-03-22,4.0,LATE,2.18
19,13,2024-03-25,2024-03-26,1.0,PAID,2.18
19,14,2024-04-01,,,MISSED,2.18
19,15,2024-04-08,,,MISSED,2.18
19,16,2024-04-15,2024-04-17,2.0,PAID,2.18
19,17,2024-04-22,2024-04-22,0.0,PAID,2.18
19,18,2024-04-29,2024-04-30,1.0,PAID,2.18
19,19,2024-05-06,2024-05-10,4.0,LATE,2.18
19,20,2024-05-13,2024-05-17,4.0,LATE,2.18
19,21,2024-05-20,,,MISSED,2.18
19,22,2024-05-27,2024-05-29,2.0,PAID,2.18
19,23,2024-06-03,2024-06-05,2.0,PAID,2.18
19,24,2024-06-10,,,MISSED,2.18
19,25,2024-06-17,,,MISSED,2.18
19,26,2024-06-24,2024-06-25,1.0,PAID,2.18
19,27,2024-07-01,,,MISSED,2.18
19,28,2024-07-08,2024-07-09,1.0,PAID,2.18
19,29,2024-07-15,2024-07-17,2.0,PAID,2.18
19,30,2024-07-22,,,MISSED,2.18
19,31,2024-07-29,2024-07-29,0.0,PAID,2.18
19,32,2024-08-05,,,MISSED,2.18
19,33,2024-08-12,2024-08-15,3.0,PAID,2.18
19,34,2024-08-19,,,MISSED,2.18
19,35,2024-08-26,2024-08-27,1.0,PAID,2.18
19,36,2024-09-02,,,MISSED,2.18
19,37,2024-09-09,2024-09-12,3.0,PAID,2.18
19,38,2024-09-16,2024-09-17,1.0,PAID,2.18
19,39,2024-09-23,2024-09-24,1.0,PAID,2.18
19,40,2024-09-30,2024-09-30,0.0,PAID,2.18
19,41,2024-10-07,2024-10-07,0.0,PAID,2.18
19,42,2024-10-14,2024-10-15,1.0,PAID,2.18
19,43,2024-10-21,2024-10-24,3.0,PAID,2.18
19,44,2024-10-28,2024-11-01,4.0,LATE,2.18
19,45,2024-11-04,2024-11-05,1.0,PAID,2.18
19,46,2024-11-11,2024-11-11,0.0,PAID,2.18
19,47,2024-11-18,2024-11-18,0.0,PAID,2.18
19,48,2024-11-25,,,MISSED,2.18
19,49,2024-12-02,2024-12-04,2.0,PAID,2.18
19,50,2024-12-09,2024-12-09,0.0,PAID,2.18
19,51,2024-12-16,2024-12-20,4.0,LATE,2.18
19,52,2024-12-23,2024-12-24,1.0,PAID,2.18
19,53,2024-12-30,2025-01-01,2.0,PAID,2.18
19,54,2025-01-06,2025-01-10,4.0,LATE,2.18
19,55,2025-01-13,2025-01-14,1.0,PAID,2.18
19,56,2025-01-20,2025-01-23,3.0,PAID,2.18
19,57,2025-01-27,,,MISSED,2.18
19,58,2025-02-03,2025-02-03,0.0,PAID,2.18
19,59,2025-02-10,2025-02-13,3.0,PAID,2.18
19,60,2025-02-17,,,MISSED,2.18
19,61,2025-02-24,2025-02-28,4.0,LATE,2.18
19,62,2025-03-03,2025-03-05,2.0,PAID,2.18
19,63,2025-03-10,2025-03-10,0.0,PAID,2.18
19,64,2025-03-17,,,MISSED,2.18
19,65,2025-03-24,2025-03-26,2.0,PAID,2.18
19,66,2025-03-31,,,MISSED,2.18
19,67,2025-04-07,2025-04-08,1.0,PAID,2.18
19,68,2025-04-14,2025-04-18,4.0,LATE,2.18
19,69,2025-04-21,2025-04-23,2.0,PAID,2.18
19,70,2025-04-28,2025-05-01,3.0,PAID,2.18
19,71,2025-05-05,2025-05-08,3.0,PAID,2.18
19,72,2025-05-12,2025-05-12,0.0,PAID,2.18
19,73,2025-05-19,2025-05-20,1.0,PAID,2.18
19,74,2025-05-26,2025-05-29,3.0,PAID,2.18
19,75,2025-06-02,2025-06-04,2.0,PAID,2.18
19,76,2025-06-09,2025-06-11,2.0,PAID,2.18
19,77,2025-06-16,2025-06-18,2.0,PAID,2.18
19,78,2025-06-23,2025-06-25,2.0,PAID,2.18
19,79,2025-06-30,2025-07-03,3.0,PAID,2.18
19,80,2025-07-07,2025-07-09,2.0,PAID,2.18
19,81,2025-07-14,,,MISSED,2.18
19,82,2025-07-21,2025-07-23,2.0,PAID,2.18
19,83,2025-07-28,2025-07-30,2.0,PAID,2.18
19,84,2025-08-04,2025-08-05,1.0,PAID,2.18
19,85,2025-08-11,2025-08-12,1.0,PAID,2.18
19,86,2025-08-18,2025-08-26,8.0,LATE,2.18
19,87,2025-08-25,2025-08-27,2.0,PAID,2.18
19,88,2025-09-01,2025-09-03,2.0,PAID,2.18
19,89,2025-09-08,2025-09-09,1.0,PAID,2.18
19,90,2025-09-15,,,MISSED,2.18
19,91,2025-09-22,,,MISSED,2.18
19,92,2025-09-29,2025-10-02,3.0,PAID,2.18
19,93,2025-10-06,,,MISSED,2.18
19,94,2025-10-13,2025-10-18,5.0,LATE,2.18
19,95,2025-10-20,2025-10-22,2.0,PAID,2.18
19,96,2025-10-27,2025-11-01,5.0,LATE,2.18
19,97,2025-11-03,2025-11-05,2.0,PAID,2.18
19,98,2025-11-10,2025-11-11,1.0,PAID,2.18
19,99,2025-11-17,2025-11-19,2.0,PAID,2.18
19,100,2025-11-24,2025-11-25,1.0,PAID,2.18
19,101,2025-12-01,2025-12-06,5.0,LATE,2.18
19,102,2025-12-08,2025-12-11,3.0,PAID,2.18
19,103,2025-12-15,,,MISSED,2.18
19,104,2025-12-22,2025-12-25,3.0,PAID,2.18
20,1,2024-01-01,2024-01-11,10.0,LATE,5.57
20,2,2024-01-08,2024-01-15,7.0,LATE,5.57
20,3,2024-01-15,,,MISSED,5.57
20,4,2024-01-22,2024-01-23,1.0,PAID,5.57
20,5,2024-01-29,2024-02-03,5.0,LATE,5.57
20,6,2024-02-05,2024-02-10,5.0,LATE,5.57
20,7,2024-02-12,2024-02-18,6.0,LATE,5.57
20,8,2024-02-19,2024-02-22,3.0,PAID,5.57
20,9,2024-02-26,,,MISSED,5.57
20,10,2024-03-04,2024-03-08,4.0,LATE,5.57
20,11,2024-03-11,2024-03-23,12.0,LATE,5.57
20,12,2024-03-18,,,MISSED,5.57
20,13,2024-03-25,,,MISSED,5.57
20,14,2024-04-01,2024-04-07,6.0,LATE,5.57
20,15,2024-04-08,,,MISSED,5.57
20,16,2024-04-15,,,MISSED,5.57
20,17,2024-04-22,,,MISSED,5.57
20,18,2024-04-29,2024-05-04,5.0,LATE,5.57
20,19,2024-05-06,,,MISSED,5.57
20,20,2024-05-13,,,MISSED,5.57
20,21,2024-05-20,,,MISSED,5.57
20,22,2024-05-27,2024-06-04,8.0,LATE,5.57
20,23,2024-06-03,,,MISSED,5.57
20,24,2024-06-10,2024-06-16,6.0,LATE,5.57
20,25,2024-06-17,2024-06-21,4.0,LATE,5.57
20,26,2024-06-24,2024-06-26,2.0,PAID,5.57
20,27,2024-07-01,2024-07-09,8.0,LATE,5.57
20,28,2024-07-08,2024-07-20,12.0,LATE,5.57
20,29,2024-07-15,2024-07-20,5.0,LATE,5.57
20,30,2024-07-22,2024-07-25,3.0,PAID,5.57
20,31,2024-07-29,2024-08-03,5.0,LATE,5.57
20,32,2024-08-05,2024-08-10,5.0,LATE,5.57
20,33,2024-08-12,2024-08-17,5.0,LATE,5.57
20,34,2024-08-19,2024-08-24,5.0,LATE,5.57
20,35,2024-08-26,2024-08-30,4.0,LATE,5.57
20,36,2024-09-02,2024-09-08,6.0,LATE,5.57
20,37,2024-09-09,,,MISSED,5.57
20,38,2024-09-16,,,MISSED,5.57
20,39,2024-09-23,2024-09-24,1.0,PAID,5.57
20,40,2024-09-30,2024-10-08,8.0,LATE,5.57
20,41,2024-10-07,2024-10-08,1.0,PAID,5.57
20,42,2024-10-14,2024-10-20,6.0,LATE,5.57
20,43,2024-10-21,2024-11-03,13.0,LATE,5.57
20,44,2024-10-28,2024-11-02,5.0,LATE,5.57
20,45,2024-11-04,2024-11-11,7.0,LATE,5.57
20,46,2024-11-11,,,MISSED,5.57
20,47,2024-11-18,,,MISSED,5.57
20,48,2024-11-25,2024-11-29,4.0,LATE,5.57
20,49,2024-12-02,2024-12-08,6.0,LATE,5.57
20,50,2024-12-09,2024-12-16,7.0,LATE,5.57
20,51,2024-12-16,2024-12-26,10.0,LATE,5.57
20,52,2024-12-23,2024-12-29,6.0,LATE,5.57
20,53,2024-12-30,,,MISSED,5.57
20,54,2025-01-06,,,MISSED,5.57
20,55,2025-01-13,2025-01-15,2.0,PAID,5.57
20,56,2025-01-20,2025-01-27,7.0,LATE,5.57
20,57,2025-01-27,,,MISSED,5.57
20,58,2025-02-03,2025-02-11,8.0,LATE,5.57
20,59,2025-02-10,2025-02-17,7.0,LATE,5.57
20,60,2025-02-17,,,MISSED,5.57
20,61,2025-02-24,,,MISSED,5.57
20,62,2025-03-03,,,MISSED,5.57
20,63,2025-03-10,2025-03-17,7.0,LATE,5.57
20,64,2025-03-17,2025-03-23,6.0,LATE,5.57
20,65,2025-03-24,,,MISSED,5.57
20,66,2025-03-31,2025-04-07,7.0,LATE,5.57
20,67,2025-04-07,,,MISSED,5.57
20,68,2025-04-14,2025-04-16,2.0,PAID,5.57
20,69,2025-04-21,2025-04-26,5.0,LATE,5.57
20,70,2025-04-28,2025-05-06,8.0,LATE,5.57
20,71,2025-05-05,2025-05-07,2.0,PAID,5.57
20,72,2025-05-12,,,MISSED,5.57
20,73,2025-05-19,2025-05-21,2.0,PAID,5.57
20,74,2025-05-26,,,MISSED,5.57
20,75,2025-06-02,2025-06-09,7.0,LATE,5.57
20,76,2025-06-09,2025-06-14,5.0,LATE,5.57
20,77,2025-06-16,2025-06-20,4.0,LATE,5.57
20,78,2025-06-23,2025-06-25,2.0,PAID,5.57
20,79,2025-06-30,2025-07-07,7.0,LATE,5.57
20,80,2025-07-07,2025-07-09,2.0,PAID,5.57
20,81,2025-07-14,2025-07-20,6.0,LATE,5.57
20,82,2025-07-21,2025-07-23,2.0,PAID,5.57
20,83,2025-07-28,2025-08-02,5.0,LATE,5.57
20,84,2025-08-04,2025-08-08,4.0,LATE,5.57
20,85,2025-08-11,2025-08-14,3.0,PAID,5.57
20,86,2025-08-18,,,MISSED,5.57
20,87,2025-08-25,,,MISSED,5.57
20,88,2025-09-01,,,MISSED,5.57
20,89,2025-09-08,2025-09-10,2.0,PAID,5.57
20,90,2025-09-15,2025-09-19,4.0,LATE,5.57
20,91,2025-09-22,,,MISSED,5.57
20,92,2025-09-29,,,MISSED,5.57
20,93,2025-10-06,2025-10-12,6.0,LATE,5.57
20,94,2025-10-13,,,MISSED,5.57
20,95,2025-10-20,2025-10-25,5.0,LATE,5.57
20,96,2025-10-27,,,MISSED,5.57
20,97,2025-11-03,,,MISSED,5.57
20,98,2025-11-10,,,MISSED,5.57
20,99,2025-11-17,2025-11-27,10.0,LATE,5.57
20,100,2025-11-24,2025-11-27,3.0,PAID,5.57
20,101,2025-12-01,2025-12-10,9.0,LATE,5.57
20,102,2025-12-08,,,MISSED,5.57
20,103,2025-12-15,,,MISSED,5.57
20,104,2025-12-22,,,MISSED,5.57
21,1,2024-01-01,,,MISSED,6.36
21,2,2024-01-08,2024-01-10,2.0,PAID,6.36
21,3,2024-01-15,2024-01-22,7.0,LATE,6.36
21,4,2024-01-22,,,MISSED,6.36
21,5,2024-01-29,2024-02-03,5.0,LATE,6.36
21,6,2024-02-05,,,MISSED,6.36
21,7,2024-02-12,2024-02-19,7.0,LATE,6.36
21,8,2024-02-19,2024-02-25,6.0,LATE,6.36
21,9,2024-02-26,2024-03-04,7.0,LATE,6.36
21,10,2024-03-04,,,MISSED,6.36
21,11,2024-03-11,2024-03-18,7.0,LATE,6.36
21,12,2024-03-18,,,MISSED,6.36
21,13,2024-03-25,2024-03-30,5.0,LATE,6.36
21,14,2024-04-01,2024-04-04,3.0,PAID,6.36
21,15,2024-04-08,2024-04-15,7.0,LATE,6.36
21,16,2024-04-15,2024-04-19,4.0,LATE,6.36
21,17,2024-04-22,,,MISSED,6.36
21,18,2024-04-29,2024-05-06,7.0,LATE,6.36
21,19,2024-05-06,2024-05-10,4.0,LATE,6.36
21,20,2024-05-13,2024-05-19,6.0,LATE,6.36
21,21,2024-05-20,2024-05-26,6.0,LATE,6.36
21,22,2024-05-27,2024-06-04,8.0,LATE,6.36
21,23,2024-06-03,2024-06-14,11.0,LATE,6.36
21,24,2024-06-10,2024-06-17,7.0,LATE,6.36
21,25,2024-06-17,2024-06-18,1.0,PAID,6.36
21,26,2024-06-24,2024-07-03,9.0,LATE,6.36
21,27,2024-07-01,,,MISSED,6.36
21,28,2024-07-08,2024-07-17,9.0,LATE,6.36
21,29,2024-07-15,,,MISSED,6.36
21,30,2024-07-22,2024-07-31,9.0,LATE,6.36
21,31,2024-07-29,,,MISSED,6.36
21,32,2024-08-05,,,MISSED,6.36
21,33,2024-08-12,2024-08-22,10.0,LATE,6.36
21,34,2024-08-19,2024-08-24,5.0,LATE,6.36
21,35,2024-08-26,2024-09-03,8.0,LATE,6.36
21,36,2024-09-02,2024-09-10,8.0,LATE,6.36
21,37,2024-09-09,,,MISSED,6.36
21,38,2024-09-16,,,MISSED,6.36
21,39,2024-09-23,,,MISSED,6.36
21,40,2024-09-30,2024-10-07,7.0,LATE,6.36
21,41,2024-10-07,2024-10-14,7.0,LATE,6.36
21,42,2024-10-14,2024-10-21,7.0,LATE,6.36
21,43,2024-10-21,2024-10-28,7.0,LATE,6.36
21,44,2024-10-28,2024-11-01,4.0,LATE,6.36
21,45,2024-11-04,,,MISSED,6.36
21,46,2024-11-11,2024-11-15,4.0,LATE,6.36
21,47,2024-11-18,2024-11-23,5.0,LATE,6.36
21,48,2024-11-25,2024-12-04,9.0,LATE,6.36
21,49,2024-12-02,2024-12-08,6.0,LATE,6.36
21,50,2024-12-09,2024-12-17,8.0,LATE,6.36
21,51,2024-12-16,2024-12-20,4.0,LATE,6.36
21,52,2024-12-23,2024-12-27,4.0,LATE,6.36
21,53,2024-12-30,2025-01-07,8.0,LATE,6.36
21,54,2025-01-06,2025-01-15,9.0,LATE,6.36
21,55,2025-01-13,2025-01-19,6.0,LATE,6.36
21,56,2025-01-20,2025-01-30,10.0,LATE,6.36
21,57,2025-01-27,2025-01-30,3.0,PAID,6.36
21,58,2025-02-03,2025-02-11,8.0,LATE,6.36
21,59,2025-02-10,2025-02-18,8.0,LATE,6.36
21,60,2025-02-17,2025-02-24,7.0,LATE,6.36
21,61,2025-02-24,2025-03-02,6.0,LATE,6.36
21,62,2025-03-03,2025-03-09,6.0,LATE,6.36
21,63,2025-03-10,,,MISSED,6.36
21,64,2025-03-17,2025-03-26,9.0,LATE,6.36
21,65,2025-03-24,,,MISSED,6.36
21,66,2025-03-31,,,MISSED,6.36
21,67,2025-04-07,2025-04-14,7.0,LATE,6.36
21,68,2025-04-14,2025-04-19,5.0,LATE,6.36
21,69,2025-04-21,,,MISSED,6.36
21,70,2025-04-28,,,MISSED,6.36
21,71,2025-05-05,,,MISSED,6.36
21,72,2025-05-12,2025-05-14,2.0,PAID,6.36
21,73,2025-05-19,2025-05-23,4.0,LATE,6.36
21,74,2025-05-26,,,MISSED,6.36
21,75,2025-06-02,,,MISSED,6.36
21,76,2025-06-09,2025-06-16,7.0,LATE,6.36
21,77,2025-06-16,2025-06-20,4.0,LATE,6.36
21,78,2025-06-23,2025-06-27,4.0,LATE,6.36
21,79,2025-06-30,2025-07-04,4.0,LATE,6.36
21,80,2025-07-07,,,MISSED,6.36
21,81,2025-07-14,2025-07-21,7.0,LATE,6.36
21,82,2025-07-21,2025-07-28,7.0,LATE,6.36
21,83,2025-07-28,2025-08-04,7.0,LATE,6.36
21,84,2025-08-04,2025-08-17,13.0,LATE,6.36
21,85,2025-08-11,2025-08-19,8.0,LATE,6.36
21,86,2025-08-18,2025-08-26,8.0,LATE,6.36
21,87,2025-08-25,,,MISSED,6.36
21,88,2025-09-01,2025-09-10,9.0,LATE,6.36
21,89,2025-09-08,2025-09-17,9.0,LATE,6.36
21,90,2025-09-15,2025-09-18,3.0,PAID,6.36
21,91,2025-09-22,2025-09-30,8.0,LATE,6.36
21,92,2025-09-29,2025-10-02,3.0,PAID,6.36
21,93,2025-10-06,2025-10-12,6.0,LATE,6.36
21,94,2025-10-13,2025-10-19,6.0,LATE,6.36
21,95,2025-10-20,2025-10-25,5.0,LATE,6.36
21,96,2025-10-27,2025-11-01,5.0,LATE,6.36
21,97,2025-11-03,,,MISSED,6.36
21,98,2025-11-10,,,MISSED,6.36
21,99,2025-11-17,2025-11-24,7.0,LATE,6.36
21,100,2025-11-24,,,MISSED,6.36
21,101,2025-12-01,,,MISSED,6.36
21,102,2025-12-08,,,MISSED,6.36
21,103,2025-12-15,2025-12-22,7.0,LATE,6.36
21,104,2025-12-22,2025-12-28,6.0,LATE,6.36
22,1,2024-01-01,2024-01-08,7.0,LATE,6.87
22,2,2024-01-08,2024-01-13,5.0,LATE,6.87
22,3,2024-01-15,2024-01-16,1.0,PAID,6.87
22,4,2024-01-22,2024-01-31,9.0,LATE,6.87
22,5,2024-01-29,,,MISSED,6.87
22,6,2024-02-05,2024-02-19,14.0,LATE,6.87
22,7,2024-02-12,,,MISSED,6.87
22,8,2024-02-19,,,MISSED,6.87
22,9,2024-02-26,2024-03-04,7.0,LATE,6.87
22,10,2024-03-04,,,MISSED,6.87
22,11,2024-03-11,,,MISSED,6.87
22,12,2024-03-18,2024-03-29,11.0,LATE,6.87
22,13,2024-03-25,,,MISSED,6.87
22,14,2024-04-01,,,MISSED,6.87
22,15,2024-04-08,2024-04-15,7.0,LATE,6.87
22,16,2024-04-15,2024-04-22,7.0,LATE,6.87
22,17,2024-04-22,2024-04-28,6.0,LATE,6.87
22,18,2024-04-29,2024-05-05,6.0,LATE,6.87
22,19,2024-05-06,,,MISSED,6.87
22,20,2024-05-13,2024-05-22,9.0,LATE,6.87
22,21,2024-05-20,,,MISSED,6.87
22,22,2024-05-27,2024-06-05,9.0,LATE,6.87
22,23,2024-06-03,2024-06-12,9.0,LATE,6.87
22,24,2024-06-10,2024-06-18,8.0,LATE,6.87
22,25,2024-06-17,,,MISSED,6.87
22,26,2024-06-24,2024-07-07,13.0,LATE,6.87
22,27,2024-07-01,2024-07-06,5.0,LATE,6.87
22,28,2024-07-08,2024-07-16,8.0,LATE,6.87
22,29,2024-07-15,2024-07-25,10.0,LATE,6.87
22,30,2024-07-22,,,MISSED,6.87
22,31,2024-07-29,2024-08-06,8.0,LATE,6.87
22,32,2024-08-05,2024-08-14,9.0,LATE,6.87
22,33,2024-08-12,2024-08-20,8.0,LATE,6.87
22,34,2024-08-19,2024-08-22,3.0,PAID,6.87
22,35,2024-08-26,2024-09-03,8.0,LATE,6.87
22,36,2024-09-02,2024-09-06,4.0,LATE,6.87
22,37,2024-09-09,2024-09-16,7.0,LATE,6.87
22,38,2024-09-16,2024-09-23,7.0,LATE,6.87
22,39,2024-09-23,2024-09-30,7.0,LATE,6.87
22,40,2024-09-30,2024-10-08,8.0,LATE,6.87
22,41,2024-10-07,2024-10-14,7.0,LATE,6.87
22,42,2024-10-14,,,MISSED,6.87
22,43,2024-10-21,,,MISSED,6.87
22,44,2024-10-28,,,MISSED,6.87
22,45,2024-11-04,2024-11-09,5.0,LATE,6.87
22,46,2024-11-11,2024-11-21,10.0,LATE,6.87
22,47,2024-11-18,2024-11-20,2.0,PAID,6.87
22,48,2024-11-25,2024-12-06,11.0,LATE,6.87
22,49,2024-12-02,2024-12-11,9.0,LATE,6.87
22,50,2024-12-09,2024-12-15,6.0,LATE,6.87
22,51,2024-12-16,2024-12-22,6.0,LATE,6.87
22,52,2024-12-23,2025-01-04,12.0,LATE,6.87
22,53,2024-12-30,2025-01-08,9.0,LATE,6.87
22,54,2025-01-06,2025-01-10,4.0,LATE,6.87
22,55,2025-01-13,,,MISSED,6.87
22,56,2025-01-20,,,MISSED,6.87
22,57,2025-01-27,2025-02-02,6.0,LATE,6.87
22,58,2025-02-03,,,MISSED,6.87
22,59,2025-02-10,,,MISSED,6.87
22,60,2025-02-17,,,MISSED,6.87
22,61,2025-02-24,,,MISSED,6.87
22,62,2025-03-03,2025-03-08,5.0,LATE,6.87
22,63,2025-03-10,,,MISSED,6.87
22,64,2025-03-17,,,MISSED,6.87
22,65,2025-03-24,2025-03-28,4.0,LATE,6.87
22,66,2025-03-31,,,MISSED,6.87
22,67,2025-04-07,2025-04-11,4.0,LATE,6.87
22,68,2025-04-14,2025-04-21,7.0,LATE,6.87
22,69,2025-04-21,,,MISSED,6.87
22,70,2025-04-28,,,MISSED,6.87
22,71,2025-05-05,2025-05-17,12.0,LATE,6.87
22,72,2025-05-12,2025-05-16,4.0,LATE,6.87
22,73,2025-05-19,2025-05-24,5.0,LATE,6.87
22,74,2025-05-26,2025-05-31,5.0,LATE,6.87
22,75,2025-06-02,2025-06-08,6.0,LATE,6.87
22,76,2025-06-09,2025-06-15,6.0,LATE,6.87
22,77,2025-06-16,2025-06-23,7.0,LATE,6.87
22,78,2025-06-23,,,MISSED,6.87
22,79,2025-06-30,2025-07-09,9.0,LATE,6.87
22,80,2025-07-07,2025-07-13,6.0,LATE,6.87
22,81,2025-07-14,,,MISSED,6.87
22,82,2025-07-21,2025-07-31,10.0,LATE,6.87
22,83,2025-07-28,,,MISSED,6.87
22,84,2025-08-04,,,MISSED,6.87
22,85,2025-08-11,2025-08-17,6.0,LATE,6.87
22,86,2025-08-18,2025-08-19,1.0,PAID,6.87
22,87,2025-08-25,2025-09-01,7.0,LATE,6.87
22,88,2025-09-01,,,MISSED,6.87
22,89,2025-09-08,2025-09-12,4.0,LATE,6.87
22,90,2025-09-15,2025-09-25,10.0,LATE,6.87
22,91,2025-09-22,2025-09-28,6.0,LATE,6.87
22,92,2025-09-29,2025-10-09,10.0,LATE,6.87
22,93,2025-10-06,2025-10-15,9.0,LATE,6.87
22,94,2025-10-13,2025-10-21,8.0,LATE,6.87
22,95,2025-10-20,2025-10-28,8.0,LATE,6.87
22,96,2025-10-27,2025-11-03,7.0,LATE,6.87
22,97,2025-11-03,2025-11-12,9.0,LATE,6.87
22,98,2025-11-10,2025-11-17,7.0,LATE,6.87
22,99,2025-11-17,2025-11-22,5.0,LATE,6.87
22,100,2025-11-24,2025-11-29,5.0,LATE,6.87
22,101,2025-12-01,2025-12-09,8.0,LATE,6.87
22,102,2025-12-08,2025-12-21,13.0,LATE,6.87
22,103,2025-12-15,2025-12-22,7.0,LATE,6.87
22,104,2025-12-22,,,MISSED,6.87
23,1,2024-01-01,2024-01-10,9.0,LATE,3.52
23,2,2024-01-08,2024-01-09,1.0,PAID,3.52
23,3,2024-01-15,,,MISSED,3.52
23,4,2024-01-22,,,MISSED,3.52
23,5,2024-01-29,2024-02-01,3.0,PAID,3.52
23,6,2024-02-05,2024-02-12,7.0,LATE,3.52
23,7,2024-02-12,2024-02-15,3.0,PAID,3.52
23,8,2024-02-19,,,MISSED,3.52
23,9,2024-02-26,,,MISSED,3.52
23,10,2024-03-04,2024-03-08,4.0,LATE,3.52
23,11,2024-03-11,2024-03-14,3.0,PAID,3.52
23,12,2024-03-18,2024-03-24,6.0,LATE,3.52
23,13,2024-03-25,,,MISSED,3.52
23,14,2024-04-01,2024-04-04,3.0,PAID,3.52
23,15,2024-04-08,2024-04-11,3.0,PAID,3.52
23,16,2024-04-15,2024-04-19,4.0,LATE,3.52
23,17,2024-04-22,,,MISSED,3.52
23,18,2024-04-29,2024-05-02,3.0,PAID,3.52
23,19,2024-05-06,2024-05-09,3.0,PAID,3.52
23,20,2024-05-13,2024-05-25,12.0,LATE,3.52
23,21,2024-05-20,,,MISSED,3.52
23,22,2024-05-27,2024-05-30,3.0,PAID,3.52
23,23,2024-06-03,2024-06-07,4.0,LATE,3.52
23,24,2024-06-10,,,MISSED,3.52
23,25,2024-06-17,,,MISSED,3.52
23,26,2024-06-24,2024-06-29,5.0,LATE,3.52
23,27,2024-07-01,2024-07-06,5.0,LATE,3.52
23,28,2024-07-08,2024-07-14,6.0,LATE,3.52
23,29,2024-07-15,2024-07-18,3.0,PAID,3.52
23,30,2024-07-22,2024-07-24,2.0,PAID,3.52
23,31,2024-07-29,,,MISSED,3.52
23,32,2024-08-05,,,MISSED,3.52
23,33,2024-08-12,2024-08-16,4.0,LATE,3.52
23,34,2024-08-19,2024-08-22,3.0,PAID,3.52
23,35,2024-08-26,,,MISSED,3.52
23,36,2024-09-02,2024-09-05,3.0,PAID,3.52
23,37,2024-09-09,2024-09-17,8.0,LATE,3.52
23,38,2024-09-16,2024-09-18,2.0,PAID,3.52
23,39,2024-09-23,2024-09-26,3.0,PAID,3.52
23,40,2024-09-30,2024-10-05,5.0,LATE,3.52
23,41,2024-10-07,2024-10-08,1.0,PAID,3.52
23,42,2024-10-14,,,MISSED,3.52
23,43,2024-10-21,2024-10-24,3.0,PAID,3.52
23,44,2024-10-28,2024-10-31,3.0,PAID,3.52
23,45,2024-11-04,2024-11-04,0.0,PAID,3.52
23,46,2024-11-11,2024-11-15,4.0,LATE,3.52
23,47,2024-11-18,2024-11-22,4.0,LATE,3.52
23,48,2024-11-25,2024-11-27,2.0,PAID,3.52
23,49,2024-12-02,,,MISSED,3.52
23,50,2024-12-09,2024-12-12,3.0,PAID,3.52
23,51,2024-12-16,2024-12-18,2.0,PAID,3.52
23,52,2024-12-23,2024-12-30,7.0,LATE,3.52
23,53,2024-12-30,,,MISSED,3.52
23,54,2025-01-06,2025-01-09,3.0,PAID,3.52
23,55,2025-01-13,,,MISSED,3.52
23,56,2025-01-20,,,MISSED,3.52
23,57,2025-01-27,2025-02-01,5.0,LATE,3.52
23,58,2025-02-03,2025-02-07,4.0,LATE,3.52
23,59,2025-02-10,,,MISSED,3.52
23,60,2025-02-17,,,MISSED,3.52
23,61,2025-02-24,2025-02-26,2.0,PAID,3.52
23,62,2025-03-03,2025-03-09,6.0,LATE,3.52
23,63,2025-03-10,2025-03-17,7.0,LATE,3.52
23,64,2025-03-17,2025-03-22,5.0,LATE,3.52
23,65,2025-03-24,2025-03-29,5.0,LATE,3.52
23,66,2025-03-31,,,MISSED,3.52
23,67,2025-04-07,,,MISSED,3.52
23,68,2025-04-14,2025-04-17,3.0,PAID,3.52
23,69,2025-04-21,,,MISSED,3.52
23,70,2025-04-28,2025-05-07,9.0,LATE,3.52
23,71,2025-05-05,,,MISSED,3.52
23,72,2025-05-12,2025-05-15,3.0,PAID,3.52
23,73,2025-05-19,2025-05-22,3.0,PAID,3.52
23,74,2025-05-26,,,MISSED,3.52
23,75,2025-06-02,2025-06-05,3.0,PAID,3.52
23,76,2025-06-09,2025-06-14,5.0,LATE,3.52
23,77,2025-06-16,2025-06-17,1.0,PAID,3.52
23,78,2025-06-23,2025-06-27,4.0,LATE,3.52
23,79,2025-06-30,2025-07-03,3.0,PAID,3.52
23,80,2025-07-07,2025-07-12,5.0,LATE,3.52
23,81,2025-07-14,,,MISSED,3.52
23,82,2025-07-21,,,MISSED,3.52
23,83,2025-07-28,,,MISSED,3.52
23,84,2025-08-04,2025-08-06,2.0,PAID,3.52
23,85,2025-08-11,2025-08-15,4.0,LATE,3.52
23,86,2025-08-18,2025-08-23,5.0,LATE,3.52
23,87,2025-08-25,2025-08-31,6.0,LATE,3.52
23,88,2025-09-01,,,MISSED,3.52
23,89,2025-09-08,,,MISSED,3.52
23,90,2025-09-15,,,MISSED,3.52
23,91,2025-09-22,2025-09-26,4.0,LATE,3.52
23,92,2025-09-29,2025-10-03,4.0,LATE,3.52
23,93,2025-10-06,2025-10-12,6.0,LATE,3.52
23,94,2025-10-13,2025-10-15,2.0,PAID,3.52
23,95,2025-10-20,2025-10-23,3.0,PAID,3.52
23,96,2025-10-27,2025-10-28,1.0,PAID,3.52
23,97,2025-11-03,2025-11-06,3.0,PAID,3.52
23,98,2025-11-10,2025-11-11,1.0,PAID,3.52
23,99,2025-11-17,2025-11-22,5.0,LATE,3.52
23,100,2025-11-24,2025-11-27,3.0,PAID,3.52
23,101,2025-12-01,2025-12-05,4.0,LATE,3.52
23,102,2025-12-08,,,MISSED,3.52
23,103,2025-12-15,2025-12-20,5.0,LATE,3.52
23,104,2025-12-22,2025-12-29,7.0,LATE,3.52
24,1,2024-01-01,2024-01-07,6.0,LATE,4.92
24,2,2024-01-08,2024-01-15,7.0,LATE,4.92
24,3,2024-01-15,,,MISSED,4.92
24,4,2024-01-22,2024-01-26,4.0,LATE,4.92
24,5,2024-01-29,2024-01-31,2.0,PAID,4.92
24,6,2024-02-05,,,MISSED,4.92
24,7,2024-02-12,2024-02-18,6.0,LATE,4.92
24,8,2024-02-19,,,MISSED,4.92
24,9,2024-02-26,2024-03-02,5.0,LATE,4.92
24,10,2024-03-04,2024-03-11,7.0,LATE,4.92
24,11,2024-03-11,2024-03-18,7.0,LATE,4.92
24,12,2024-03-18,2024-03-25,7.0,LATE,4.92
24,13,2024-03-25,,,MISSED,4.92
24,14,2024-04-01,2024-04-08,7.0,LATE,4.92
24,15,2024-04-08,2024-04-18,10.0,LATE,4.92
24,16,2024-04-15,2024-04-20,5.0,LATE,4.92
24,17,2024-04-22,2024-04-25,3.0,PAID,4.92
24,18,2024-04-29,2024-05-05,6.0,LATE,4.92
24,19,2024-05-06,,,MISSED,4.92
24,20,2024-05-13,,,MISSED,4.92
24,21,2024-05-20,2024-05-26,6.0,LATE,4.92
24,22,2024-05-27,,,MISSED,4.92
24,23,2024-06-03,2024-06-14,11.0,LATE,4.92
24,24,2024-06-10,2024-06-17,7.0,LATE,4.92
24,25,2024-06-17,2024-06-20,3.0,PAID,4.92
24,26,2024-06-24,2024-07-01,7.0,LATE,4.92
24,27,2024-07-01,,,MISSED,4.92
24,28,2024-07-08,2024-07-12,4.0,LATE,4.92
24,29,2024-07-15,2024-07-21,6.0,LATE,4.92
24,30,2024-07-22,2024-07-30,8.0,LATE,4.92
24,31,2024-07-29,2024-08-02,4.0,LATE,4.92
24,32,2024-08-05,2024-08-12,7.0,LATE,4.92
24,33,2024-08-12,,,MISSED,4.92
24,34,2024-08-19,2024-08-22,3.0,PAID,4.92
24,35,2024-08-26,,,MISSED,4.92
24,36,2024-09-02,,,MISSED,4.92
24,37,2024-09-09,,,MISSED,4.92
24,38,2024-09-16,2024-09-19,3.0,PAID,4.92
24,39,2024-09-23,,,MISSED,4.92
24,40,2024-09-30,,,MISSED,4.92
24,41,2024-10-07,,,MISSED,4.92
24,42,2024-10-14,2024-10-14,0.0,PAID,4.92
24,43,2024-10-21,2024-10-24,3.0,PAID,4.92
24,44,2024-10-28,2024-11-05,8.0,LATE,4.92
24,45,2024-11-04,2024-11-05,1.0,PAID,4.92
24,46,2024-11-11,2024-11-13,2.0,PAID,4.92
24,47,2024-11-18,,,MISSED,4.92
24,48,2024-11-25,,,MISSED,4.92
24,49,2024-12-02,2024-12-12,10.0,LATE,4.92
24,50,2024-12-09,2024-12-16,7.0,LATE,4.92
24,51,2024-12-16,,,MISSED,4.92
24,52,2024-12-23,2024-12-27,4.0,LATE,4.92
24,53,2024-12-30,2025-01-03,4.0,LATE,4.92
24,54,2025-01-06,,,MISSED,4.92
24,55,2025-01-13,2025-01-16,3.0,PAID,4.92
24,56,2025-01-20,2025-01-24,4.0,LATE,4.92
24,57,2025-01-27,,,MISSED,4.92
24,58,2025-02-03,,,MISSED,4.92
24,59,2025-02-10,2025-02-15,5.0,LATE,4.92
24,60,2025-02-17,2025-02-26,9.0,LATE,4.92
24,61,2025-02-24,2025-02-26,2.0,PAID,4.92
24,62,2025-03-03,2025-03-08,5.0,LATE,4.92
24,63,2025-03-10,2025-03-14,4.0,LATE,4.92
24,64,2025-03-17,2025-03-22,5.0,LATE,4.92
24,65,2025-03-24,2025-03-30,6.0,LATE,4.92
24,66,2025-03-31,,,MISSED,4.92
24,67,2025-04-07,2025-04-12,5.0,LATE,4.92
24,68,2025-04-14,2025-04-16,2.0,PAID,4.92
24,69,2025-04-21,,,MISSED,4.92
24,70,2025-04-28,,,MISSED,4.92
24,71,2025-05-05,2025-05-08,3.0,PAID,4.92
24,72,2025-05-12,2025-05-20,8.0,LATE,4.92
24,73,2025-05-19,,,MISSED,4.92
24,74,2025-05-26,,,MISSED,4.92
24,75,2025-06-02,2025-06-08,6.0,LATE,4.92
24,76,2025-06-09,2025-06-14,5.0,LATE,4.92
24,77,2025-06-16,2025-06-22,6.0,LATE,4.92
24,78,2025-06-23,2025-06-27,4.0,LATE,4.92
24,79,2025-06-30,2025-07-05,5.0,LATE,4.92
24,80,2025-07-07,2025-07-13,6.0,LATE,4.92
24,81,2025-07-14,2025-07-18,4.0,LATE,4.92
24,82,2025-07-21,2025-07-24,3.0,PAID,4.92
24,83,2025-07-28,2025-07-29,1.0,PAID,4.92
24,84,2025-08-04,2025-08-13,9.0,LATE,4.92
24,85,2025-08-11,2025-08-14,3.0,PAID,4.92
24,86,2025-08-18,2025-08-24,6.0,LATE,4.92
24,87,2025-08-25,2025-08-28,3.0,PAID,4.92
24,88,2025-09-01,2025-09-03,2.0,PAID,4.92
24,89,2025-09-08,2025-09-12,4.0,LATE,4.92
24,90,2025-09-15,,,MISSED,4.92
24,91,2025-09-22,2025-09-25,3.0,PAID,4.92
24,92,2025-09-29,2025-10-06,7.0,LATE,4.92
24,93,2025-10-06,2025-10-10,4.0,LATE,4.92
24,94,2025-10-13,,,MISSED,4.92
24,95,2025-10-20,2025-10-22,2.0,PAID,4.92
24,96,2025-10-27,2025-10-28,1.0,PAID,4.92
24,97,2025-11-03,,,MISSED,4.92
24,98,2025-11-10,,,MISSED,4.92
24,99,2025-11-17,2025-11-28,11.0,LATE,4.92
24,100,2025-11-24,,,MISSED,4.92
24,101,2025-12-01,2025-12-06,5.0,LATE,4.92
24,102,2025-12-08,,,MISSED,4.92
24,103,2025-12-15,2025-12-21,6.0,LATE,4.92
24,104,2025-12-22,2025-12-29,7.0,LATE,4.92
25,1,2024-01-01,2024-01-02,1.0,PAID,2.33
25,2,2024-01-08,,,MISSED,2.33
25,3,2024-01-15,,,MISSED,2.33
25,4,2024-01-22,2024-01-24,2.0,PAID,2.33
25,5,2024-01-29,,,MISSED,2.33
25,6,2024-02-05,2024-02-08,3.0,PAID,2.33
25,7,2024-02-12,2024-02-15,3.0,PAID,2.33
25,8,2024-02-19,,,MISSED,2.33
25,9,2024-02-26,2024-02-27,1.0,PAID,2.33
25,10,2024-03-04,2024-03-06,2.0,PAID,2.33
25,11,2024-03-11,2024-03-12,1.0,PAID,2.33
25,12,2024-03-18,,,MISSED,2.33
25,13,2024-03-25,2024-03-30,5.0,LATE,2.33
25,14,2024-04-01,2024-04-04,3.0,PAID,2.33
25,15,2024-04-08,2024-04-10,2.0,PAID,2.33
25,16,2024-04-15,2024-04-18,3.0,PAID,2.33
25,17,2024-04-22,2024-04-27,5.0,LATE,2.33
25,18,2024-04-29,2024-05-03,4.0,LATE,2.33
25,19,2024-05-06,2024-05-06,0.0,PAID,2.33
25,20,2024-05-13,2024-05-14,1.0,PAID,2.33
25,21,2024-05-20,2024-05-22,2.0,PAID,2.33
25,22,2024-05-27,2024-05-28,1.0,PAID,2.33
25,23,2024-06-03,,,MISSED,2.33
25,24,2024-06-10,2024-06-12,2.0,PAID,2.33
25,25,2024-06-17,2024-06-20,3.0,PAID,2.33
25,26,2024-06-24,2024-06-26,2.0,PAID,2.33
25,27,2024-07-01,2024-07-03,2.0,PAID,2.33
25,28,2024-07-08,2024-07-10,2.0,PAID,2.33
25,29,2024-07-15,2024-07-17,2.0,PAID,2.33
25,30,2024-07-22,2024-07-23,1.0,PAID,2.33
25,31,2024-07-29,,,MISSED,2.33
25,32,2024-08-05,2024-08-14,9.0,LATE,2.33
25,33,2024-08-12,2024-08-14,2.0,PAID,2.33
25,34,2024-08-19,2024-08-21,2.0,PAID,2.33
25,35,2024-08-26,2024-09-01,6.0,LATE,2.33
25,36,2024-09-02,2024-09-07,5.0,LATE,2.33
25,37,2024-09-09,2024-09-09,0.0,PAID,2.33
25,38,2024-09-16,2024-09-18,2.0,PAID,2.33
25,39,2024-09-23,2024-09-24,1.0,PAID,2.33
25,40,2024-09-30,,,MISSED,2.33
25,41,2024-10-07,2024-10-07,0.0,PAID,2.33
25,42,2024-10-14,,,MISSED,2.33
25,43,2024-10-21,,,MISSED,2.33
25,44,2024-10-28,,,MISSED,2.33
25,45,2024-11-04,,,MISSED,2.33
25,46,2024-11-11,,,MISSED,2.33
25,47,2024-11-18,2024-11-19,1.0,PAID,2.33
25,48,2024-11-25,2024-11-28,3.0,PAID,2.33
25,49,2024-12-02,2024-12-05,3.0,PAID,2.33
25,50,2024-12-09,2024-12-11,2.0,PAID,2.33
25,51,2024-12-16,2024-12-17,1.0,PAID,2.33
25,52,2024-12-23,2024-12-23,0.0,PAID,2.33
25,53,2024-12-30,,,MISSED,2.33
25,54,2025-01-06,2025-01-07,1.0,PAID,2.33
25,55,2025-01-13,2025-01-14,1.0,PAID,2.33
25,56,2025-01-20,,,MISSED,2.33
25,57,2025-01-27,2025-01-30,3.0,PAID,2.33
25,58,2025-02-03,,,MISSED,2.33
25,59,2025-02-10,2025-02-11,1.0,PAID,2.33
25,60,2025-02-17,2025-02-20,3.0,PAID,2.33
25,61,2025-02-24,,,MISSED,2.33
25,62,2025-03-03,2025-03-05,2.0,PAID,2.33
25,63,2025-03-10,2025-03-12,2.0,PAID,2.33
25,64,2025-03-17,2025-03-18,1.0,PAID,2.33
25,65,2025-03-24,,,MISSED,2.33
25,66,2025-03-31,2025-04-01,1.0,PAID,2.33
25,67,2025-04-07,2025-04-12,5.0,LATE,2.33
25,68,2025-04-14,2025-04-17,3.0,PAID,2.33
25,69,2025-04-21,2025-04-25,4.0,LATE,2.33
25,70,2025-04-28,2025-04-29,1.0,PAID,2.33
25,71,2025-05-05,2025-05-09,4.0,LATE,2.33
25,72,2025-05-12,,,MISSED,2.33
25,73,2025-05-19,2025-05-19,0.0,PAID,2.33
25,74,2025-05-26,2025-05-29,3.0,PAID,2.33
25,75,2025-06-02,2025-06-03,1.0,PAID,2.33
25,76,2025-06-09,2025-06-09,0.0,PAID,2.33
25,77,2025-06-16,2025-06-17,1.0,PAID,2.33
25,78,2025-06-23,,,MISSED,2.33
25,79,2025-06-30,2025-07-03,3.0,PAID,2.33
25,80,2025-07-07,2025-07-10,3.0,PAID,2.33
25,81,2025-07-14,2025-07-18,4.0,LATE,2.33
25,82,2025-07-21,2025-07-23,2.0,PAID,2.33
25,83,2025-07-28,2025-07-29,1.0,PAID,2.33
25,84,2025-08-04,2025-08-07,3.0,PAID,2.33
25,85,2025-08-11,2025-08-12,1.0,PAID,2.33
25,86,2025-08-18,2025-08-19,1.0,PAID,2.33
25,87,2025-08-25,2025-08-29,4.0,LATE,2.33
25,88,2025-09-01,2025-09-02,1.0,PAID,2.33
25,89,2025-09-08,2025-09-09,1.0,PAID,2.33
25,90,2025-09-15,,,MISSED,2.33
25,91,2025-09-22,2025-09-26,4.0,LATE,2.33
25,92,2025-09-29,,,MISSED,2.33
25,93,2025-10-06,2025-10-08,2.0,PAID,2.33
25,94,2025-10-13,2025-10-15,2.0,PAID,2.33
25,95,2025-10-20,2025-10-23,3.0,PAID,2.33
25,96,2025-10-27,2025-10-27,0.0,PAID,2.33
25,97,2025-11-03,2025-11-07,4.0,LATE,2.33
25,98,2025-11-10,2025-11-12,2.0,PAID,2.33
25,99,2025-11-17,2025-11-18,1.0,PAID,2.33
25,100,2025-11-24,2025-11-28,4.0,LATE,2.33
25,101,2025-12-01,2025-12-02,1.0,PAID,2.33
25,102,2025-12-08,2025-12-13,5.0,LATE,2.33
25,103,2025-12-15,2025-12-18,3.0,PAID,2.33
25,104,2025-12-22,2025-12-22,0.0,PAID,2.33
26,1,2024-01-01,,,MISSED,3.04
26,2,2024-01-08,2024-01-13,5.0,LATE,3.04
26,3,2024-01-15,2024-01-16,1.0,PAID,3.04
26,4,2024-01-22,2024-01-26,4.0,LATE,3.04
26,5,2024-01-29,2024-01-31,2.0,PAID,3.04
26,6,2024-02-05,,,MISSED,3.04
26,7,2024-02-12,2024-02-14,2.0,PAID,3.04
26,8,2024-02-19,2024-02-26,7.0,LATE,3.04
26,9,2024-02-26,2024-03-02,5.0,LATE,3.04
26,10,2024-03-04,2024-03-08,4.0,LATE,3.04
26,11,2024-03-11,2024-03-12,1.0,PAID,3.04
26,12,2024-03-18,2024-03-19,1.0,PAID,3.04
26,13,2024-03-25,,,MISSED,3.04
26,14,2024-04-01,2024-04-04,3.0,PAID,3.04
26,15,2024-04-08,2024-04-09,1.0,PAID,3.04
26,16,2024-04-15,,,MISSED,3.04
26,17,2024-04-22,2024-04-25,3.0,PAID,3.04
26,18,2024-04-29,2024-04-29,0.0,PAID,3.04
26,19,2024-05-06,2024-05-11,5.0,LATE,3.04
26,20,2024-05-13,2024-05-14,1.0,PAID,3.04
26,21,2024-05-20,2024-05-22,2.0,PAID,3.04
26,22,2024-05-27,2024-05-27,0.0,PAID,3.04
26,23,2024-06-03,,,MISSED,3.04
26,24,2024-06-10,2024-06-13,3.0,PAID,3.04
26,25,2024-06-17,2024-06-19,2.0,PAID,3.04
26,26,2024-06-24,2024-06-24,0.0,PAID,3.04
26,27,2024-07-01,2024-07-02,1.0,PAID,3.04
26,28,2024-07-08,2024-07-09,1.0,PAID,3.04
26,29,2024-07-15,2024-07-19,4.0,LATE,3.04
26,30,2024-07-22,,,MISSED,3.04
26,31,2024-07-29,,,MISSED,3.04
26,32,2024-08-05,,,MISSED,3.04
26,33,2024-08-12,2024-08-17,5.0,LATE,3.04
26,34,2024-08-19,2024-08-25,6.0,LATE,3.04
26,35,2024-08-26,,,MISSED,3.04
26,36,2024-09-02,2024-09-04,2.0,PAID,3.04
26,37,2024-09-09,2024-09-10,1.0,PAID,3.04
26,38,2024-09-16,,,MISSED,3.04
26,39,2024-09-23,2024-09-26,3.0,PAID,3.04
26,40,2024-09-30,2024-10-04,4.0,LATE,3.04
26,41,2024-10-07,2024-10-11,4.0,LATE,3.04
26,42,2024-10-14,2024-10-14,0.0,PAID,3.04
26,43,2024-10-21,2024-10-26,5.0,LATE,3.04
26,44,2024-10-28,2024-11-04,7.0,LATE,3.04
26,45,2024-11-04,2024-11-08,4.0,LATE,3.04
26,46,2024-11-11,2024-11-13,2.0,PAID,3.04
26,47,2024-11-18,,,MISSED,3.04
26,48,2024-11-25,,,MISSED,3.04
26,49,2024-12-02,2024-12-03,1.0,PAID,3.04
26,50,2024-12-09,2024-12-15,6.0,LATE,3.04
26,51,2024-12-16,2024-12-21,5.0,LATE,3.04
26,52,2024-12-23,,,MISSED,3.04
26,53,2024-12-30,2025-01-01,2.0,PAID,3.04
26,54,2025-01-06,2025-01-10,4.0,LATE,3.04
26,55,2025-01-13,2025-01-16,3.0,PAID,3.04
26,56,2025-01-20,2025-01-25,5.0,LATE,3.04
26,57,2025-01-27,2025-01-29,2.0,PAID,3.04
26,58,2025-02-03,2025-02-04,1.0,PAID,3.04
26,59,2025-02-10,2025-02-12,2.0,PAID,3.04
26,60,2025-02-17,,,MISSED,3.04
26,61,2025-02-24,2025-02-25,1.0,PAID,3.04
26,62,2025-03-03,2025-03-08,5.0,LATE,3.04
26,63,2025-03-10,2025-03-12,2.0,PAID,3.04
26,64,2025-03-17,2025-03-19,2.0,PAID,3.04
26,65,2025-03-24,,,MISSED,3.04
26,66,2025-03-31,,,MISSED,3.04
26,67,2025-04-07,2025-04-12,5.0,LATE,3.04
26,68,2025-04-14,2025-04-19,5.0,LATE,3.04
26,69,2025-04-21,2025-05-01,10.0,LATE,3.04
26,70,2025-04-28,,,MISSED,3.04
26,71,2025-05-05,2025-05-08,3.0,PAID,3.04
26,72,2025-05-12,,,MISSED,3.04
26,73,2025-05-19,2025-05-23,4.0,LATE,3.04
26,74,2025-05-26,,,MISSED,3.04
26,75,2025-06-02,2025-06-06,4.0,LATE,3.04
26,76,2025-06-09,2025-06-11,2.0,PAID,3.04
26,77,2025-06-16,2025-06-21,5.0,LATE,3.04
26,78,2025-06-23,2025-06-28,5.0,LATE,3.04
26,79,2025-06-30,2025-07-01,1.0,PAID,3.04
26,80,2025-07-07,,,MISSED,3.04
26,81,2025-07-14,,,MISSED,3.04
26,82,2025-07-21,2025-07-22,1.0,PAID,3.04
26,83,2025-07-28,2025-08-02,5.0,LATE,3.04
26,84,2025-08-04,2025-08-05,1.0,PAID,3.04
26,85,2025-08-11,,,MISSED,3.04
26,86,2025-08-18,,,MISSED,3.04
26,87,2025-08-25,2025-08-25,0.0,PAID,3.04
26,88,2025-09-01,2025-09-04,3.0,PAID,3.04
26,89,2025-09-08,,,MISSED,3.04
26,90,2025-09-15,2025-09-17,2.0,PAID,3.04
26,91,2025-09-22,,,MISSED,3.04
26,92,2025-09-29,2025-10-01,2.0,PAID,3.04
26,93,2025-10-06,2025-10-06,0.0,PAID,3.04
26,94,2025-10-13,2025-10-13,0.0,PAID,3.04
26,95,2025-10-20,2025-10-22,2.0,PAID,3.04
26,96,2025-10-27,2025-10-31,4.0,LATE,3.04
26,97,2025-11-03,2025-11-04,1.0,PAID,3.04
26,98,2025-11-10,2025-11-12,2.0,PAID,3.04
26,99,2025-11-17,,,MISSED,3.04
26,100,2025-11-24,2025-11-27,3.0,PAID,3.04
26,101,2025-12-01,2025-12-05,4.0,LATE,3.04
26,102,2025-12-08,2025-12-10,2.0,PAID,3.04
26,103,2025-12-15,,,MISSED,3.04
26,104,2025-12-22,2025-12-26,4.0,LATE,3.04
27,1,2024-01-01,2024-01-05,4.0,LATE,6.84
27,2,2024-01-08,2024-01-16,8.0,LATE,6.84
27,3,2024-01-15,2024-01-23,8.0,LATE,6.84
27,4,2024-01-22,,,MISSED,6.84
27,5,2024-01-29,2024-02-03,5.0,LATE,6.84
27,6,2024-02-05,2024-02-17,12.0,LATE,6.84
27,7,2024-02-12,2024-02-20,8.0,LATE,6.84
27,8,2024-02-19,2024-02-23,4.0,LATE,6.84
27,9,2024-02-26,,,MISSED,6.84
27,10,2024-03-04,,,MISSED,6.84
27,11,2024-03-11,2024-03-15,4.0,LATE,6.84
27,12,2024-03-18,2024-03-24,6.0,LATE,6.84
27,13,2024-03-25,,,MISSED,6.84
27,14,2024-04-01,,,MISSED,6.84
27,15,2024-04-08,,,MISSED,6.84
27,16,2024-04-15,,,MISSED,6.84
27,17,2024-04-22,2024-04-30,8.0,LATE,6.84
27,18,2024-04-29,2024-05-06,7.0,LATE,6.84
27,19,2024-05-06,,,MISSED,6.84
27,20,2024-05-13,2024-05-18,5.0,LATE,6.84
27,21,2024-05-20,2024-05-28,8.0,LATE,6.84
27,22,2024-05-27,2024-06-01,5.0,LATE,6.84
27,23,2024-06-03,2024-06-05,2.0,PAID,6.84
27,24,2024-06-10,2024-06-16,6.0,LATE,6.84
27,25,2024-06-17,2024-06-25,8.0,LATE,6.84
27,26,2024-06-24,,,MISSED,6.84
27,27,2024-07-01,2024-07-06,5.0,LATE,6.84
27,28,2024-07-08,2024-07-14,6.0,LATE,6.84
27,29,2024-07-15,2024-07-28,13.0,LATE,6.84
27,30,2024-07-22,,,MISSED,6.84
27,31,2024-07-29,,,MISSED,6.84
27,32,2024-08-05,2024-08-09,4.0,LATE,6.84
27,33,2024-08-12,2024-08-22,10.0,LATE,6.84
27,34,2024-08-19,,,MISSED,6.84
27,35,2024-08-26,2024-09-01,6.0,LATE,6.84
27,36,2024-09-02,2024-09-09,7.0,LATE,6.84
27,37,2024-09-09,2024-09-16,7.0,LATE,6.84
27,38,2024-09-16,2024-09-26,10.0,LATE,6.84
27,39,2024-09-23,,,MISSED,6.84
27,40,2024-09-30,,,MISSED,6.84
27,41,2024-10-07,2024-10-11,4.0,LATE,6.84
27,42,2024-10-14,2024-10-25,11.0,LATE,6.84
27,43,2024-10-21,2024-10-27,6.0,LATE,6.84
27,44,2024-10-28,2024-11-04,7.0,LATE,6.84
27,45,2024-11-04,2024-11-07,3.0,PAID,6.84
27,46,2024-11-11,2024-11-17,6.0,LATE,6.84
27,47,2024-11-18,2024-11-27,9.0,LATE,6.84
27,48,2024-11-25,,,MISSED,6.84
27,49,2024-12-02,,,MISSED,6.84
27,50,2024-12-09,2024-12-13,4.0,LATE,6.84
27,51,2024-12-16,2024-12-19,3.0,PAID,6.84
27,52,2024-12-23,2025-01-06,14.0,LATE,6.84
27,53,2024-12-30,2025-01-10,11.0,LATE,6.84
27,54,2025-01-06,,,MISSED,6.84
27,55,2025-01-13,2025-01-21,8.0,LATE,6.84
27,56,2025-01-20,,,MISSED,6.84
27,57,2025-01-27,,,MISSED,6.84
27,58,2025-02-03,,,MISSED,6.84
27,59,2025-02-10,2025-02-18,8.0,LATE,6.84
27,60,2025-02-17,,,MISSED,6.84
27,61,2025-02-24,,,MISSED,6.84
27,62,2025-03-03,,,MISSED,6.84
27,63,2025-03-10,,,MISSED,6.84
27,64,2025-03-17,,,MISSED,6.84
27,65,2025-03-24,2025-03-31,7.0,LATE,6.84
27,66,2025-03-31,2025-04-03,3.0,PAID,6.84
27,67,2025-04-07,,,MISSED,6.84
27,68,2025-04-14,2025-04-22,8.0,LATE,6.84
27,69,2025-04-21,2025-04-28,7.0,LATE,6.84
27,70,2025-04-28,2025-05-02,4.0,LATE,6.84
27,71,2025-05-05,,,MISSED,6.84
27,72,2025-05-12,2025-05-18,6.0,LATE,6.84
27,73,2025-05-19,2025-05-26,7.0,LATE,6.84
27,74,2025-05-26,,,MISSED,6.84
27,75,2025-06-02,2025-06-10,8.0,LATE,6.84
27,76,2025-06-09,2025-06-14,5.0,LATE,6.84
27,77,2025-06-16,2025-06-25,9.0,LATE,6.84
27,78,2025-06-23,,,MISSED,6.84
27,79,2025-06-30,2025-07-13,13.0,LATE,6.84
27,80,2025-07-07,2025-07-14,7.0,LATE,6.84
27,81,2025-07-14,2025-07-22,8.0,LATE,6.84
27,82,2025-07-21,2025-07-30,9.0,LATE,6.84
27,83,2025-07-28,2025-08-03,6.0,LATE,6.84
27,84,2025-08-04,2025-08-13,9.0,LATE,6.84
27,85,2025-08-11,2025-08-19,8.0,LATE,6.84
27,86,2025-08-18,,,MISSED,6.84
27,87,2025-08-25,2025-09-04,10.0,LATE,6.84
27,88,2025-09-01,,,MISSED,6.84
27,89,2025-09-08,,,MISSED,6.84
27,90,2025-09-15,2025-09-19,4.0,LATE,6.84
27,91,2025-09-22,2025-10-01,9.0,LATE,6.84
27,92,2025-09-29,2025-10-03,4.0,LATE,6.84
27,93,2025-10-06,,,MISSED,6.84
27,94,2025-10-13,2025-10-18,5.0,LATE,6.84
27,95,2025-10-20,2025-10-26,6.0,LATE,6.84
27,96,2025-10-27,2025-11-05,9.0,LATE,6.84
27,97,2025-11-03,2025-11-10,7.0,LATE,6.84
27,98,2025-11-10,2025-11-22,12.0,LATE,6.84
27,99,2025-11-17,2025-11-21,4.0,LATE,6.84
27,100,2025-11-24,2025-12-01,7.0,LATE,6.84
27,101,2025-12-01,2025-12-06,5.0,LATE,6.84
27,102,2025-12-08,2025-12-17,9.0,LATE,6.84
27,103,2025-12-15,,,MISSED,6.84
27,104,2025-12-22,2025-12-29,7.0,LATE,6.84
28,1,2024-01-01,2024-01-04,3.0,PAID,4.67
28,2,2024-01-08,,,MISSED,4.67
28,3,2024-01-15,2024-01-17,2.0,PAID,4.67
28,4,2024-01-22,,,MISSED,4.67
28,5,2024-01-29,2024-01-30,1.0,PAID,4.67
28,6,2024-02-05,2024-02-07,2.0,PAID,4.67
28,7,2024-02-12,,,MISSED,4.67
28,8,2024-02-19,,,MISSED,4.67
28,9,2024-02-26,2024-03-04,7.0,LATE,4.67
28,10,2024-03-04,,,MISSED,4.67
28,11,2024-03-11,,,MISSED,4.67
28,12,2024-03-18,,,MISSED,4.67
28,13,2024-03-25,,,MISSED,4.67
28,14,2024-04-01,2024-04-03,2.0,PAID,4.67
28,15,2024-04-08,,,MISSED,4.67
28,16,2024-04-15,2024-04-18,3.0,PAID,4.67
28,17,2024-04-22,2024-04-28,6.0,LATE,4.67
28,18,2024-04-29,2024-05-04,5.0,LATE,4.67
28,19,2024-05-06,2024-05-11,5.0,LATE,4.67
28,20,2024-05-13,2024-05-18,5.0,LATE,4.67
28,21,2024-05-20,2024-05-23,3.0,PAID,4.67
28,22,2024-05-27,2024-05-31,4.0,LATE,4.67
28,23,2024-06-03,,,MISSED,4.67
28,24,2024-06-10,2024-06-16,6.0,LATE,4.67
28,25,2024-06-17,2024-06-20,3.0,PAID,4.67
28,26,2024-06-24,2024-06-27,3.0,PAID,4.67
28,27,2024-07-01,2024-07-08,7.0,LATE,4.67
28,28,2024-07-08,,,MISSED,4.67
28,29,2024-07-15,2024-07-19,4.0,LATE,4.67
28,30,2024-07-22,2024-07-27,5.0,LATE,4.67
28,31,2024-07-29,,,MISSED,4.67
28,32,2024-08-05,,,MISSED,4.67
28,33,2024-08-12,,,MISSED,4.67
28,34,2024-08-19,2024-08-26,7.0,LATE,4.67
28,35,2024-08-26,2024-08-30,4.0,LATE,4.67
28,36,2024-09-02,2024-09-05,3.0,PAID,4.67
28,37,2024-09-09,,,MISSED,4.67
28,38,2024-09-16,2024-09-19,3.0,PAID,4.67
28,39,2024-09-23,,,MISSED,4.67
28,40,2024-09-30,2024-10-02,2.0,PAID,4.67
28,41,2024-10-07,2024-10-13,6.0,LATE,4.67
28,42,2024-10-14,2024-10-17,3.0,PAID,4.67
28,43,2024-10-21,2024-10-25,4.0,LATE,4.67
28,44,2024-10-28,2024-11-06,9.0,LATE,4.67
28,45,2024-11-04,2024-11-07,3.0,PAID,4.67
28,46,2024-11-11,,,MISSED,4.67
28,47,2024-11-18,2024-11-25,7.0,LATE,4.67
28,48,2024-11-25,,,MISSED,4.67
28,49,2024-12-02,2024-12-06,4.0,LATE,4.67
28,50,2024-12-09,,,MISSED,4.67
28,51,2024-12-16,2024-12-20,4.0,LATE,4.67
28,52,2024-12-23,2024-12-29,6.0,LATE,4.67
28,53,2024-12-30,2025-01-05,6.0,LATE,4.67
28,54,2025-01-06,,,MISSED,4.67
28,55,2025-01-13,,,MISSED,4.67
28,56,2025-01-20,2025-01-23,3.0,PAID,4.67
28,57,2025-01-27,2025-01-30,3.0,PAID,4.67
28,58,2025-02-03,2025-02-05,2.0,PAID,4.67
28,59,2025-02-10,,,MISSED,4.67
28,60,2025-02-17,2025-02-20,3.0,PAID,4.67
28,61,2025-02-24,,,MISSED,4.67
28,62,2025-03-03,2025-03-07,4.0,LATE,4.67
28,63,2025-03-10,2025-03-13,3.0,PAID,4.67
28,64,2025-03-17,2025-03-20,3.0,PAID,4.67
28,65,2025-03-24,2025-03-28,4.0,LATE,4.67
28,66,2025-03-31,2025-04-04,4.0,LATE,4.67
28,67,2025-04-07,2025-04-10,3.0,PAID,4.67
28,68,2025-04-14,2025-04-18,4.0,LATE,4.67
28,69,2025-04-21,2025-04-26,5.0,LATE,4.67
28,70,2025-04-28,2025-05-06,8.0,LATE,4.67
28,71,2025-05-05,,,MISSED,4.67
28,72,2025-05-12,2025-05-19,7.0,LATE,4.67
28,73,2025-05-19,,,MISSED,4.67
28,74,2025-05-26,2025-05-30,4.0,LATE,4.67
28,75,2025-06-02,,,MISSED,4.67
28,76,2025-06-09,2025-06-12,3.0,PAID,4.67
28,77,2025-06-16,2025-06-20,4.0,LATE,4.67
28,78,2025-06-23,2025-06-28,5.0,LATE,4.67
28,79,2025-06-30,2025-07-04,4.0,LATE,4.67
28,80,2025-07-07,2025-07-17,10.0,LATE,4.67
28,81,2025-07-14,2025-07-17,3.0,PAID,4.67
28,82,2025-07-21,2025-07-26,5.0,LATE,4.67
28,83,2025-07-28,,,MISSED,4.67
28,84,2025-08-04,2025-08-05,1.0,PAID,4.67
28,85,2025-08-11,2025-08-15,4.0,LATE,4.67
28,86,2025-08-18,2025-08-23,5.0,LATE,4.67
28,87,2025-08-25,2025-08-30,5.0,LATE,4.67
28,88,2025-09-01,2025-09-04,3.0,PAID,4.67
28,89,2025-09-08,2025-09-12,4.0,LATE,4.67
28,90,2025-09-15,2025-09-20,5.0,LATE,4.67
28,91,2025-09-22,,,MISSED,4.67
28,92,2025-09-29,2025-10-04,5.0,LATE,4.67
28,93,2025-10-06,2025-10-09,3.0,PAID,4.67
28,94,2025-10-13,,,MISSED,4.67
28,95,2025-10-20,,,MISSED,4.67
28,96,2025-10-27,2025-11-04,8.0,LATE,4.67
28,97,2025-11-03,2025-11-06,3.0,PAID,4.67
28,98,2025-11-10,2025-11-12,2.0,PAID,4.67
28,99,2025-11-17,2025-11-20,3.0,PAID,4.67
28,100,2025-11-24,2025-11-27,3.0,PAID,4.67
28,101,2025-12-01,2025-12-03,2.0,PAID,4.67
28,102,2025-12-08,2025-12-12,4.0,LATE,4.67
28,103,2025-12-15,,,MISSED,4.67
28,104,2025-12-22,2025-12-27,5.0,LATE,4.67
29,1,2024-01-01,2024-01-07,6.0,LATE,3.87
29,2,2024-01-08,2024-01-10,2.0,PAID,3.87
29,3,2024-01-15,2024-01-16,1.0,PAID,3.87
29,4,2024-01-22,2024-01-26,4.0,LATE,3.87
29,5,2024-01-29,,,MISSED,3.87
29,6,2024-02-05,2024-02-10,5.0,LATE,3.87
29,7,2024-02-12,2024-02-13,1.0,PAID,3.87
29,8,2024-02-19,,,MISSED,3.87
29,9,2024-02-26,2024-03-03,6.0,LATE,3.87
29,10,2024-03-04,2024-03-09,5.0,LATE,3.87
29,11,2024-03-11,2024-03-13,2.0,PAID,3.87
29,12,2024-03-18,2024-03-23,5.0,LATE,3.87
29,13,2024-03-25,2024-03-29,4.0,LATE,3.87
29,14,2024-04-01,2024-04-06,5.0,LATE,3.87
29,15,2024-04-08,,,MISSED,3.87
29,16,2024-04-15,2024-04-18,3.0,PAID,3.87
29,17,2024-04-22,,,MISSED,3.87
29,18,2024-04-29,2024-05-02,3.0,PAID,3.87
29,19,2024-05-06,2024-05-07,1.0,PAID,3.87
29,20,2024-05-13,2024-05-16,3.0,PAID,3.87
29,21,2024-05-20,2024-05-22,2.0,PAID,3.87
29,22,2024-05-27,2024-05-29,2.0,PAID,3.87
29,23,2024-06-03,,,MISSED,3.87
29,24,2024-06-10,2024-06-14,4.0,LATE,3.87
29,25,2024-06-17,2024-06-19,2.0,PAID,3.87
29,26,2024-06-24,2024-06-26,2.0,PAID,3.87
29,27,2024-07-01,2024-07-06,5.0,LATE,3.87
29,28,2024-07-08,,,MISSED,3.87
29,29,2024-07-15,,,MISSED,3.87
29,30,2024-07-22,,,MISSED,3.87
29,31,2024-07-29,2024-08-03,5.0,LATE,3.87
29,32,2024-08-05,,,MISSED,3.87
29,33,2024-08-12,,,MISSED,3.87
29,34,2024-08-19,,,MISSED,3.87
29,35,2024-08-26,,,MISSED,3.87
29,36,2024-09-02,2024-09-06,4.0,LATE,3.87
29,37,2024-09-09,2024-09-11,2.0,PAID,3.87
29,38,2024-09-16,2024-09-20,4.0,LATE,3.87
29,39,2024-09-23,2024-09-28,5.0,LATE,3.87
29,40,2024-09-30,2024-10-04,4.0,LATE,3.87
29,41,2024-10-07,2024-10-12,5.0,LATE,3.87
29,42,2024-10-14,2024-10-19,5.0,LATE,3.87
29,43,2024-10-21,2024-10-27,6.0,LATE,3.87
29,44,2024-10-28,2024-11-02,5.0,LATE,3.87
29,45,2024-11-04,2024-11-05,1.0,PAID,3.87
29,46,2024-11-11,,,MISSED,3.87
29,47,2024-11-18,2024-11-23,5.0,LATE,3.87
29,48,2024-11-25,2024-12-02,7.0,LATE,3.87
29,49,2024-12-02,2024-12-07,5.0,LATE,3.87
29,50,2024-12-09,2024-12-12,3.0,PAID,3.87
29,51,2024-12-16,2024-12-20,4.0,LATE,3.87
29,52,2024-12-23,2024-12-26,3.0,PAID,3.87
29,53,2024-12-30,2025-01-02,3.0,PAID,3.87
29,54,2025-01-06,2025-01-10,4.0,LATE,3.87
29,55,2025-01-13,2025-01-16,3.0,PAID,3.87
29,56,2025-01-20,2025-01-25,5.0,LATE,3.87
29,57,2025-01-27,,,MISSED,3.87
29,58,2025-02-03,2025-02-06,3.0,PAID,3.87
29,59,2025-02-10,2025-02-13,3.0,PAID,3.87
29,60,2025-02-17,,,MISSED,3.87
29,61,2025-02-24,2025-02-26,2.0,PAID,3.87
29,62,2025-03-03,2025-03-08,5.0,LATE,3.87
29,63,2025-03-10,2025-03-16,6.0,LATE,3.87
29,64,2025-03-17,,,MISSED,3.87
29,65,2025-03-24,2025-03-25,1.0,PAID,3.87
29,66,2025-03-31,,,MISSED,3.87
29,67,2025-04-07,,,MISSED,3.87
29,68,2025-04-14,2025-04-17,3.0,PAID,3.87
29,69,2025-04-21,2025-04-25,4.0,LATE,3.87
29,70,2025-04-28,,,MISSED,3.87
29,71,2025-05-05,2025-05-08,3.0,PAID,3.87
29,72,2025-05-12,,,MISSED,3.87
29,73,2025-05-19,2025-05-25,6.0,LATE,3.87
29,74,2025-05-26,2025-05-31,5.0,LATE,3.87
29,75,2025-06-02,2025-06-06,4.0,LATE,3.87
29,76,2025-06-09,,,MISSED,3.87
29,77,2025-06-16,2025-06-25,9.0,LATE,3.87
29,78,2025-06-23,2025-06-26,3.0,PAID,3.87
29,79,2025-06-30,2025-07-02,2.0,PAID,3.87
29,80,2025-07-07,2025-07-09,2.0,PAID,3.87
29,81,2025-07-14,2025-07-20,6.0,LATE,3.87
29,82,2025-07-21,,,MISSED,3.87
29,83,2025-07-28,2025-07-30,2.0,PAID,3.87
29,84,2025-08-04,,,MISSED,3.87
29,85,2025-08-11,2025-08-16,5.0,LATE,3.87
29,86,2025-08-18,,,MISSED,3.87
29,87,2025-08-25,2025-08-30,5.0,LATE,3.87
29,88,2025-09-01,,,MISSED,3.87
29,89,2025-09-08,2025-09-11,3.0,PAID,3.87
29,90,2025-09-15,,,MISSED,3.87
29,91,2025-09-22,,,MISSED,3.87
29,92,2025-09-29,2025-10-02,3.0,PAID,3.87
29,93,2025-10-06,,,MISSED,3.87
29,94,2025-10-13,,,MISSED,3.87
29,95,2025-10-20,2025-10-22,2.0,PAID,3.87
29,96,2025-10-27,,,MISSED,3.87
29,97,2025-11-03,2025-11-06,3.0,PAID,3.87
29,98,2025-11-10,2025-11-11,1.0,PAID,3.87
29,99,2025-11-17,2025-11-25,8.0,LATE,3.87
29,100,2025-11-24,2025-11-27,3.0,PAID,3.87
29,101,2025-12-01,,,MISSED,3.87
29,102,2025-12-08,2025-12-10,2.0,PAID,3.87
29,103,2025-12-15,2025-12-21,6.0,LATE,3.87
29,104,2025-12-22,2025-12-25,3.0,PAID,3.87
30,1,2024-01-01,2024-01-04,3.0,PAID,4.01
30,2,2024-01-08,2024-01-09,1.0,PAID,4.01
30,3,2024-01-15,,,MISSED,4.01
30,4,2024-01-22,2024-01-25,3.0,PAID,4.01
30,5,2024-01-29,2024-02-03,5.0,LATE,4.01
30,6,2024-02-05,2024-02-08,3.0,PAID,4.01
30,7,2024-02-12,,,MISSED,4.01
30,8,2024-02-19,2024-02-21,2.0,PAID,4.01
30,9,2024-02-26,2024-02-29,3.0,PAID,4.01
30,10,2024-03-04,2024-03-07,3.0,PAID,4.01
30,11,2024-03-11,2024-03-17,6.0,LATE,4.01
30,12,2024-03-18,2024-03-20,2.0,PAID,4.01
30,13,2024-03-25,2024-04-03,9.0,LATE,4.01
30,14,2024-04-01,2024-04-07,6.0,LATE,4.01
30,15,2024-04-08,2024-04-11,3.0,PAID,4.01
30,16,2024-04-15,2024-04-17,2.0,PAID,4.01
30,17,2024-04-22,2024-04-29,7.0,LATE,4.01
30,18,2024-04-29,2024-05-01,2.0,PAID,4.01
30,19,2024-05-06,2024-05-09,3.0,PAID,4.01
30,20,2024-05-13,2024-05-17,4.0,LATE,4.01
30,21,2024-05-20,2024-05-22,2.0,PAID,4.01
30,22,2024-05-27,2024-06-02,6.0,LATE,4.01
30,23,2024-06-03,2024-06-11,8.0,LATE,4.01
30,24,2024-06-10,,,MISSED,4.01
30,25,2024-06-17,2024-06-21,4.0,LATE,4.01
30,26,2024-06-24,2024-06-27,3.0,PAID,4.01
30,27,2024-07-01,,,MISSED,4.01
30,28,2024-07-08,,,MISSED,4.01
30,29,2024-07-15,2024-07-19,4.0,LATE,4.01
30,30,2024-07-22,2024-07-25,3.0,PAID,4.01
30,31,2024-07-29,2024-08-02,4.0,LATE,4.01
30,32,2024-08-05,2024-08-07,2.0,PAID,4.01
30,33,2024-08-12,2024-08-16,4.0,LATE,4.01
30,34,2024-08-19,2024-08-22,3.0,PAID,4.01
30,35,2024-08-26,2024-08-30,4.0,LATE,4.01
30,36,2024-09-02,2024-09-11,9.0,LATE,4.01
30,37,2024-09-09,,,MISSED,4.01
30,38,2024-09-16,2024-09-21,5.0,LATE,4.01
30,39,2024-09-23,2024-09-28,5.0,LATE,4.01
30,40,2024-09-30,2024-10-07,7.0,LATE,4.01
30,41,2024-10-07,2024-10-10,3.0,PAID,4.01
30,42,2024-10-14,2024-10-21,7.0,LATE,4.01
30,43,2024-10-21,2024-10-24,3.0,PAID,4.01
30,44,2024-10-28,2024-11-02,5.0,LATE,4.01
30,45,2024-11-04,2024-11-07,3.0,PAID,4.01
30,46,2024-11-11,2024-11-20,9.0,LATE,4.01
30,47,2024-11-18,2024-11-22,4.0,LATE,4.01
30,48,2024-11-25,2024-11-26,1.0,PAID,4.01
30,49,2024-12-02,2024-12-08,6.0,LATE,4.01
30,50,2024-12-09,2024-12-15,6.0,LATE,4.01
30,51,2024-12-16,2024-12-22,6.0,LATE,4.01
30,52,2024-12-23,2024-12-28,5.0,LATE,4.01
30,53,2024-12-30,2025-01-01,2.0,PAID,4.01
30,54,2025-01-06,2025-01-11,5.0,LATE,4.01
30,55,2025-01-13,2025-01-22,9.0,LATE,4.01
30,56,2025-01-20,2025-01-25,5.0,LATE,4.01
30,57,2025-01-27,2025-02-02,6.0,LATE,4.01
30,58,2025-02-03,2025-02-06,3.0,PAID,4.01
30,59,2025-02-10,2025-02-12,2.0,PAID,4.01
30,60,2025-02-17,2025-02-21,4.0,LATE,4.01
30,61,2025-02-24,2025-02-26,2.0,PAID,4.01
30,62,2025-03-03,2025-03-09,6.0,LATE,4.01
30,63,2025-03-10,2025-03-14,4.0,LATE,4.01
30,64,2025-03-17,2025-03-20,3.0,PAID,4.01
30,65,2025-03-24,2025-03-28,4.0,LATE,4.01
30,66,2025-03-31,,,MISSED,4.01
30,67,2025-04-07,2025-04-15,8.0,LATE,4.01
30,68,2025-04-14,,,MISSED,4.01
30,69,2025-04-21,2025-04-25,4.0,LATE,4.01
30,70,2025-04-28,,,MISSED,4.01
30,71,2025-05-05,2025-05-10,5.0,LATE,4.01
30,72,2025-05-12,,,MISSED,4.01
30,73,2025-05-19,2025-05-24,5.0,LATE,4.01
30,74,2025-05-26,2025-05-27,1.0,PAID,4.01
30,75,2025-06-02,,,MISSED,4.01
30,76,2025-06-09,2025-06-13,4.0,LATE,4.01
30,77,2025-06-16,2025-06-21,5.0,LATE,4.01
30,78,2025-06-23,2025-06-28,5.0,LATE,4.01
30,79,2025-06-30,2025-07-06,6.0,LATE,4.01
30,80,2025-07-07,2025-07-11,4.0,LATE,4.01
30,81,2025-07-14,2025-07-14,0.0,PAID,4.01
30,82,2025-07-21,2025-07-26,5.0,LATE,4.01
30,83,2025-07-28,,,MISSED,4.01
30,84,2025-08-04,,,MISSED,4.01
30,85,2025-08-11,2025-08-13,2.0,PAID,4.01
30,86,2025-08-18,2025-08-22,4.0,LATE,4.01
30,87,2025-08-25,,,MISSED,4.01
30,88,2025-09-01,,,MISSED,4.01
30,89,2025-09-08,2025-09-13,5.0,LATE,4.01
30,90,2025-09-15,2025-09-22,7.0,LATE,4.01
30,91,2025-09-22,2025-09-26,4.0,LATE,4.01
30,92,2025-09-29,,,MISSED,4.01
30,93,2025-10-06,2025-10-11,5.0,LATE,4.01
30,94,2025-10-13,2025-10-18,5.0,LATE,4.01
30,95,2025-10-20,,,MISSED,4.01
30,96,2025-10-27,2025-10-29,2.0,PAID,4.01
30,97,2025-11-03,,,MISSED,4.01
30,98,2025-11-10,,,MISSED,4.01
30,99,2025-11-17,2025-11-19,2.0,PAID,4.01
30,100,2025-11-24,,,MISSED,4.01
30,101,2025-12-01,2025-12-07,6.0,LATE,4.01
30,102,2025-12-08,2025-12-13,5.0,LATE,4.01
30,103,2025-12-15,2025-12-20,5.0,LATE,4.01
30,104,2025-12-22,2025-12-29,7.0,LATE,4.01
31,1,2024-01-01,,,MISSED,4.26
31,2,2024-01-08,,,MISSED,4.26
31,3,2024-01-15,2024-01-15,0.0,PAID,4.26
31,4,2024-01-22,2024-01-29,7.0,LATE,4.26
31,5,2024-01-29,2024-02-04,6.0,LATE,4.26
31,6,2024-02-05,,,MISSED,4.26
31,7,2024-02-12,2024-02-14,2.0,PAID,4.26
31,8,2024-02-19,2024-02-22,3.0,PAID,4.26
31,9,2024-02-26,,,MISSED,4.26
31,10,2024-03-04,2024-03-07,3.0,PAID,4.26
31,11,2024-03-11,,,MISSED,4.26
31,12,2024-03-18,2024-03-23,5.0,LATE,4.26
31,13,2024-03-25,2024-03-26,1.0,PAID,4.26
31,14,2024-04-01,2024-04-08,7.0,LATE,4.26
31,15,2024-04-08,,,MISSED,4.26
31,16,2024-04-15,2024-04-20,5.0,LATE,4.26
31,17,2024-04-22,2024-04-27,5.0,LATE,4.26
31,18,2024-04-29,2024-05-04,5.0,LATE,4.26
31,19,2024-05-06,2024-05-08,2.0,PAID,4.26
31,20,2024-05-13,2024-05-17,4.0,LATE,4.26
31,21,2024-05-20,2024-05-24,4.0,LATE,4.26
31,22,2024-05-27,,,MISSED,4.26
31,23,2024-06-03,2024-06-08,5.0,LATE,4.26
31,24,2024-06-10,,,MISSED,4.26
31,25,2024-06-17,2024-06-18,1.0,PAID,4.26
31,26,2024-06-24,2024-06-28,4.0,LATE,4.26
31,27,2024-07-01,2024-07-08,7.0,LATE,4.26
31,28,2024-07-08,,,MISSED,4.26
31,29,2024-07-15,2024-07-16,1.0,PAID,4.26
31,30,2024-07-22,2024-07-26,4.0,LATE,4.26
31,31,2024-07-29,,,MISSED,4.26
31,32,2024-08-05,2024-08-12,7.0,LATE,4.26
31,33,2024-08-12,2024-08-16,4.0,LATE,4.26
31,34,2024-08-19,2024-08-22,3.0,PAID,4.26
31,35,2024-08-26,2024-09-02,7.0,LATE,4.26
31,36,2024-09-02,2024-09-07,5.0,LATE,4.26
31,37,2024-09-09,2024-09-13,4.0,LATE,4.26
31,38,2024-09-16,,,MISSED,4.26
31,39,2024-09-23,,,MISSED,4.26
31,40,2024-09-30,2024-10-05,5.0,LATE,4.26
31,41,2024-10-07,,,MISSED,4.26
31,42,2024-10-14,2024-10-21,7.0,LATE,4.26
31,43,2024-10-21,2024-10-24,3.0,PAID,4.26
31,44,2024-10-28,2024-11-04,7.0,LATE,4.26
31,45,2024-11-04,2024-11-07,3.0,PAID,4.26
31,46,2024-11-11,2024-11-16,5.0,LATE,4.26
31,47,2024-11-18,2024-11-21,3.0,PAID,4.26
31,48,2024-11-25,,,MISSED,4.26
31,49,2024-12-02,2024-12-05,3.0,PAID,4.26
31,50,2024-12-09,2024-12-13,4.0,LATE,4.26
31,51,2024-12-16,2024-12-24,8.0,LATE,4.26
31,52,2024-12-23,2024-12-28,5.0,LATE,4.26
31,53,2024-12-30,,,MISSED,4.26
31,54,2025-01-06,,,MISSED,4.26
31,55,2025-01-13,2025-01-17,4.0,LATE,4.26
31,56,2025-01-20,2025-01-24,4.0,LATE,4.26
31,57,2025-01-27,2025-01-30,3.0,PAID,4.26
31,58,2025-02-03,2025-02-07,4.0,LATE,4.26
31,59,2025-02-10,,,MISSED,4.26
31,60,2025-02-17,2025-02-20,3.0,PAID,4.26
31,61,2025-02-24,,,MISSED,4.26
31,62,2025-03-03,,,MISSED,4.26
31,63,2025-03-10,,,MISSED,4.26
31,64,2025-03-17,2025-03-18,1.0,PAID,4.26
31,65,2025-03-24,2025-03-27,3.0,PAID,4.26
31,66,2025-03-31,,,MISSED,4.26
31,67,2025-04-07,2025-04-10,3.0,PAID,4.26
31,68,2025-04-14,2025-04-17,3.0,PAID,4.26
31,69,2025-04-21,2025-04-30,9.0,LATE,4.26
31,70,2025-04-28,2025-05-02,4.0,LATE,4.26
31,71,2025-05-05,2025-05-09,4.0,LATE,4.26
31,72,2025-05-12,,,MISSED,4.26
31,73,2025-05-19,2025-05-22,3.0,PAID,4.26
31,74,2025-05-26,2025-06-01,6.0,LATE,4.26
31,75,2025-06-02,2025-06-04,2.0,PAID,4.26
31,76,2025-06-09,,,MISSED,4.26
31,77,2025-06-16,2025-06-19,3.0,PAID,4.26
31,78,2025-06-23,2025-06-26,3.0,PAID,4.26
31,79,2025-06-30,2025-07-01,1.0,PAID,4.26
31,80,2025-07-07,2025-07-11,4.0,LATE,4.26
31,81,2025-07-14,,,MISSED,4.26
31,82,2025-07-21,,,MISSED,4.26
31,83,2025-07-28,2025-07-30,2.0,PAID,4.26
31,84,2025-08-04,,,MISSED,4.26
31,85,2025-08-11,2025-08-17,6.0,LATE,4.26
31,86,2025-08-18,,,MISSED,4.26
31,87,2025-08-25,2025-09-03,9.0,LATE,4.26
31,88,2025-09-01,,,MISSED,4.26
31,89,2025-09-08,2025-09-12,4.0,LATE,4.26
31,90,2025-09-15,2025-09-18,3.0,PAID,4.26
31,91,2025-09-22,2025-09-26,4.0,LATE,4.26
31,92,2025-09-29,,,MISSED,4.26
31,93,2025-10-06,2025-10-10,4.0,LATE,4.26
31,94,2025-10-13,2025-10-16,3.0,PAID,4.26
31,95,2025-10-20,,,MISSED,4.26
31,96,2025-10-27,2025-10-29,2.0,PAID,4.26
31,97,2025-11-03,2025-11-09,6.0,LATE,4.26
31,98,2025-11-10,,,MISSED,4.26
31,99,2025-11-17,2025-11-18,1.0,PAID,4.26
31,100,2025-11-24,2025-11-26,2.0,PAID,4.26
31,101,2025-12-01,2025-12-03,2.0,PAID,4.26
31,102,2025-12-08,2025-12-09,1.0,PAID,4.26
31,103,2025-12-15,2025-12-22,7.0,LATE,4.26
31,104,2025-12-22,2025-12-27,5.0,LATE,4.26
32,1,2024-01-01,2024-01-06,5.0,LATE,5.73
32,2,2024-01-08,,,MISSED,5.73
32,3,2024-01-15,,,MISSED,5.73
32,4,2024-01-22,2024-01-28,6.0,LATE,5.73
32,5,2024-01-29,2024-02-02,4.0,LATE,5.73
32,6,2024-02-05,2024-02-13,8.0,LATE,5.73
32,7,2024-02-12,2024-02-17,5.0,LATE,5.73
32,8,2024-02-19,2024-02-27,8.0,LATE,5.73
32,9,2024-02-26,2024-03-04,7.0,LATE,5.73
32,10,2024-03-04,,,MISSED,5.73
32,11,2024-03-11,2024-03-16,5.0,LATE,5.73
32,12,2024-03-18,,,MISSED,5.73
32,13,2024-03-25,2024-04-05,11.0,LATE,5.73
32,14,2024-04-01,2024-04-03,2.0,PAID,5.73
32,15,2024-04-08,2024-04-15,7.0,LATE,5.73
32,16,2024-04-15,,,MISSED,5.73
32,17,2024-04-22,2024-04-29,7.0,LATE,5.73
32,18,2024-04-29,2024-05-01,2.0,PAID,5.73
32,19,2024-05-06,2024-05-14,8.0,LATE,5.73
32,20,2024-05-13,2024-05-20,7.0,LATE,5.73
32,21,2024-05-20,2024-05-25,5.0,LATE,5.73
32,22,2024-05-27,2024-06-02,6.0,LATE,5.73
32,23,2024-06-03,2024-06-08,5.0,LATE,5.73
32,24,2024-06-10,2024-06-14,4.0,LATE,5.73
32,25,2024-06-17,2024-06-21,4.0,LATE,5.73
32,26,2024-06-24,2024-06-29,5.0,LATE,5.73
32,27,2024-07-01,2024-07-04,3.0,PAID,5.73
32,28,2024-07-08,,,MISSED,5.73
32,29,2024-07-15,2024-07-19,4.0,LATE,5.73
32,30,2024-07-22,2024-07-28,6.0,LATE,5.73
32,31,2024-07-29,2024-08-05,7.0,LATE,5.73
32,32,2024-08-05,2024-08-11,6.0,LATE,5.73
32,33,2024-08-12,2024-08-18,6.0,LATE,5.73
32,34,2024-08-19,2024-08-25,6.0,LATE,5.73
32,35,2024-08-26,2024-09-02,7.0,LATE,5.73
32,36,2024-09-02,,,MISSED,5.73
32,37,2024-09-09,,,MISSED,5.73
32,38,2024-09-16,2024-09-20,4.0,LATE,5.73
32,39,2024-09-23,2024-09-28,5.0,LATE,5.73
32,40,2024-09-30,,,MISSED,5.73
32,41,2024-10-07,2024-10-14,7.0,LATE,5.73
32,42,2024-10-14,,,MISSED,5.73
32,43,2024-10-21,2024-10-24,3.0,PAID,5.73
32,44,2024-10-28,2024-11-01,4.0,LATE,5.73
32,45,2024-11-04,2024-11-06,2.0,PAID,5.73
32,46,2024-11-11,2024-11-16,5.0,LATE,5.73
32,47,2024-11-18,,,MISSED,5.73
32,48,2024-11-25,2024-11-30,5.0,LATE,5.73
32,49,2024-12-02,2024-12-08,6.0,LATE,5.73
32,50,2024-12-09,2024-12-16,7.0,LATE,5.73
32,51,2024-12-16,2024-12-20,4.0,LATE,5.73
32,52,2024-12-23,,,MISSED,5.73
32,53,2024-12-30,2025-01-04,5.0,LATE,5.73
32,54,2025-01-06,2025-01-10,4.0,LATE,5.73
32,55,2025-01-13,2025-01-19,6.0,LATE,5.73
32,56,2025-01-20,,,MISSED,5.73
32,57,2025-01-27,2025-01-31,4.0,LATE,5.73
32,58,2025-02-03,2025-02-06,3.0,PAID,5.73
32,59,2025-02-10,2025-02-16,6.0,LATE,5.73
32,60,2025-02-17,2025-02-23,6.0,LATE,5.73
32,61,2025-02-24,2025-03-01,5.0,LATE,5.73
32,62,2025-03-03,2025-03-09,6.0,LATE,5.73
32,63,2025-03-10,,,MISSED,5.73
32,64,2025-03-17,,,MISSED,5.73
32,65,2025-03-24,,,MISSED,5.73
32,66,2025-03-31,2025-04-05,5.0,LATE,5.73
32,67,2025-04-07,2025-04-13,6.0,LATE,5.73
32,68,2025-04-14,,,MISSED,5.73
32,69,2025-04-21,,,MISSED,5.73
32,70,2025-04-28,2025-05-07,9.0,LATE,5.73
32,71,2025-05-05,2025-05-13,8.0,LATE,5.73
32,72,2025-05-12,,,MISSED,5.73
32,73,2025-05-19,2025-05-20,1.0,PAID,5.73
32,74,2025-05-26,2025-05-31,5.0,LATE,5.73
32,75,2025-06-02,2025-06-08,6.0,LATE,5.73
32,76,2025-06-09,2025-06-14,5.0,LATE,5.73
32,77,2025-06-16,2025-06-20,4.0,LATE,5.73
32,78,2025-06-23,2025-07-02,9.0,LATE,5.73
32,79,2025-06-30,2025-07-05,5.0,LATE,5.73
32,80,2025-07-07,,,MISSED,5.73
32,81,2025-07-14,,,MISSED,5.73
32,82,2025-07-21,2025-07-28,7.0,LATE,5.73
32,83,2025-07-28,2025-08-03,6.0,LATE,5.73
32,84,2025-08-04,2025-08-13,9.0,LATE,5.73
32,85,2025-08-11,2025-08-16,5.0,LATE,5.73
32,86,2025-08-18,2025-08-26,8.0,LATE,5.73
32,87,2025-08-25,,,MISSED,5.73
32,88,2025-09-01,2025-09-04,3.0,PAID,5.73
32,89,2025-09-08,2025-09-12,4.0,LATE,5.73
32,90,2025-09-15,2025-09-19,4.0,LATE,5.73
32,91,2025-09-22,,,MISSED,5.73
32,92,2025-09-29,2025-10-05,6.0,LATE,5.73
32,93,2025-10-06,2025-10-06,0.0,PAID,5.73
32,94,2025-10-13,2025-10-17,4.0,LATE,5.73
32,95,2025-10-20,2025-10-26,6.0,LATE,5.73
32,96,2025-10-27,2025-10-31,4.0,LATE,5.73
32,97,2025-11-03,2025-11-08,5.0,LATE,5.73
32,98,2025-11-10,2025-11-13,3.0,PAID,5.73
32,99,2025-11-17,2025-11-19,2.0,PAID,5.73
32,100,2025-11-24,2025-12-02,8.0,LATE,5.73
32,101,2025-12-01,2025-12-06,5.0,LATE,5.73
32,102,2025-12-08,,,MISSED,5.73
32,103,2025-12-15,2025-12-20,5.0,LATE,5.73
32,104,2025-12-22,2025-12-26,4.0,LATE,5.73
33,1,2024-01-01,2024-01-02,1.0,PAID,5.57
33,2,2024-01-08,,,MISSED,5.57
33,3,2024-01-15,2024-01-18,3.0,PAID,5.57
33,4,2024-01-22,2024-01-26,4.0,LATE,5.57
33,5,2024-01-29,,,MISSED,5.57
33,6,2024-02-05,2024-02-11,6.0,LATE,5.57
33,7,2024-02-12,,,MISSED,5.57
33,8,2024-02-19,2024-02-25,6.0,LATE,5.57
33,9,2024-02-26,2024-03-03,6.0,LATE,5.57
33,10,2024-03-04,,,MISSED,5.57
33,11,2024-03-11,2024-03-20,9.0,LATE,5.57
33,12,2024-03-18,,,MISSED,5.57
33,13,2024-03-25,2024-04-03,9.0,LATE,5.57
33,14,2024-04-01,2024-04-06,5.0,LATE,5.57
33,15,2024-04-08,,,MISSED,5.57
33,16,2024-04-15,2024-04-22,7.0,LATE,5.57
33,17,2024-04-22,2024-04-30,8.0,LATE,5.57
33,18,2024-04-29,,,MISSED,5.57
33,19,2024-05-06,2024-05-11,5.0,LATE,5.57
33,20,2024-05-13,2024-05-21,8.0,LATE,5.57
33,21,2024-05-20,2024-05-25,5.0,LATE,5.57
33,22,2024-05-27,2024-06-02,6.0,LATE,5.57
33,23,2024-06-03,,,MISSED,5.57
33,24,2024-06-10,,,MISSED,5.57
33,25,2024-06-17,2024-06-21,4.0,LATE,5.57
33,26,2024-06-24,2024-07-05,11.0,LATE,5.57
33,27,2024-07-01,2024-07-04,3.0,PAID,5.57
33,28,2024-07-08,2024-07-08,0.0,PAID,5.57
33,29,2024-07-15,2024-07-27,12.0,LATE,5.57
33,30,2024-07-22,2024-07-29,7.0,LATE,5.57
33,31,2024-07-29,2024-08-05,7.0,LATE,5.57
33,32,2024-08-05,2024-08-08,3.0,PAID,5.57
33,33,2024-08-12,2024-08-18,6.0,LATE,5.57
33,34,2024-08-19,2024-08-24,5.0,LATE,5.57
33,35,2024-08-26,2024-08-30,4.0,LATE,5.57
33,36,2024-09-02,,,MISSED,5.57
33,37,2024-09-09,2024-09-13,4.0,LATE,5.57
33,38,2024-09-16,2024-09-23,7.0,LATE,5.57
33,39,2024-09-23,2024-09-26,3.0,PAID,5.57
33,40,2024-09-30,2024-10-05,5.0,LATE,5.57
33,41,2024-10-07,,,MISSED,5.57
33,42,2024-10-14,2024-10-19,5.0,LATE,5.57
33,43,2024-10-21,2024-10-27,6.0,LATE,5.57
33,44,2024-10-28,,,MISSED,5.57
33,45,2024-11-04,,,MISSED,5.57
33,46,2024-11-11,,,MISSED,5.57
33,47,2024-11-18,2024-11-27,9.0,LATE,5.57
33,48,2024-11-25,2024-11-28,3.0,PAID,5.57
33,49,2024-12-02,2024-12-05,3.0,PAID,5.57
33,50,2024-12-09,2024-12-16,7.0,LATE,5.57
33,51,2024-12-16,2024-12-20,4.0,LATE,5.57
33,52,2024-12-23,2024-12-26,3.0,PAID,5.57
33,53,2024-12-30,2025-01-07,8.0,LATE,5.57
33,54,2025-01-06,2025-01-09,3.0,PAID,5.57
33,55,2025-01-13,2025-01-19,6.0,LATE,5.57
33,56,2025-01-20,,,MISSED,5.57
33,57,2025-01-27,2025-02-07,11.0,LATE,5.57
33,58,2025-02-03,2025-02-10,7.0,LATE,5.57
33,59,2025-02-10,2025-02-13,3.0,PAID,5.57
33,60,2025-02-17,2025-02-24,7.0,LATE,5.57
33,61,2025-02-24,2025-03-05,9.0,LATE,5.57
33,62,2025-03-03,2025-03-09,6.0,LATE,5.57
33,63,2025-03-10,,,MISSED,5.57
33,64,2025-03-17,2025-03-18,1.0,PAID,5.57
33,65,2025-03-24,2025-03-26,2.0,PAID,5.57
33,66,2025-03-31,2025-04-06,6.0,LATE,5.57
33,67,2025-04-07,2025-04-16,9.0,LATE,5.57
33,68,2025-04-14,,,MISSED,5.57
33,69,2025-04-21,,,MISSED,5.57
33,70,2025-04-28,,,MISSED,5.57
33,71,2025-05-05,2025-05-08,3.0,PAID,5.57
33,72,2025-05-12,2025-05-16,4.0,LATE,5.57
33,73,2025-05-19,2025-05-22,3.0,PAID,5.57
33,74,2025-05-26,2025-05-28,2.0,PAID,5.57
33,75,2025-06-02,2025-06-06,4.0,LATE,5.57
33,76,2025-06-09,2025-06-14,5.0,LATE,5.57
33,77,2025-06-16,2025-06-20,4.0,LATE,5.57
33,78,2025-06-23,2025-06-29,6.0,LATE,5.57
33,79,2025-06-30,,,MISSED,5.57
33,80,2025-07-07,2025-07-10,3.0,PAID,5.57
33,81,2025-07-14,,,MISSED,5.57
33,82,2025-07-21,2025-07-27,6.0,LATE,5.57
33,83,2025-07-28,,,MISSED,5.57
33,84,2025-08-04,2025-08-12,8.0,LATE,5.57
33,85,2025-08-11,2025-08-18,7.0,LATE,5.57
33,86,2025-08-18,2025-08-24,6.0,LATE,5.57
33,87,2025-08-25,2025-08-29,4.0,LATE,5.57
33,88,2025-09-01,2025-09-04,3.0,PAID,5.57
33,89,2025-09-08,2025-09-11,3.0,PAID,5.57
33,90,2025-09-15,2025-09-19,4.0,LATE,5.57
33,91,2025-09-22,2025-09-29,7.0,LATE,5.57
33,92,2025-09-29,2025-10-01,2.0,PAID,5.57
33,93,2025-10-06,2025-10-11,5.0,LATE,5.57
33,94,2025-10-13,2025-10-17,4.0,LATE,5.57
33,95,2025-10-20,2025-10-26,6.0,LATE,5.57
33,96,2025-10-27,2025-11-01,5.0,LATE,5.57
33,97,2025-11-03,2025-11-06,3.0,PAID,5.57
33,98,2025-11-10,,,MISSED,5.57
33,99,2025-11-17,2025-11-22,5.0,LATE,5.57
33,100,2025-11-24,2025-11-30,6.0,LATE,5.57
33,101,2025-12-01,2025-12-08,7.0,LATE,5.57
33,102,2025-12-08,,,MISSED,5.57
33,103,2025-12-15,2025-12-19,4.0,LATE,5.57
33,104,2025-12-22,,,MISSED,5.57
34,1,2024-01-01,2024-01-03,2.0,PAID,6.06
34,2,2024-01-08,,,MISSED,6.06
34,3,2024-01-15,2024-01-24,9.0,LATE,6.06
34,4,2024-01-22,2024-01-25,3.0,PAID,6.06
34,5,2024-01-29,,,MISSED,6.06
34,6,2024-02-05,,,MISSED,6.06
34,7,2024-02-12,,,MISSED,6.06
34,8,2024-02-19,2024-02-29,10.0,LATE,6.06
34,9,2024-02-26,2024-03-04,7.0,LATE,6.06
34,10,2024-03-04,2024-03-12,8.0,LATE,6.06
34,11,2024-03-11,2024-03-15,4.0,LATE,6.06
34,12,2024-03-18,2024-03-25,7.0,LATE,6.06
34,13,2024-03-25,2024-03-27,2.0,PAID,6.06
34,14,2024-04-01,2024-04-10,9.0,LATE,6.06
34,15,2024-04-08,2024-04-14,6.0,LATE,6.06
34,16,2024-04-15,2024-04-20,5.0,LATE,6.06
34,17,2024-04-22,2024-05-01,9.0,LATE,6.06
34,18,2024-04-29,2024-05-03,4.0,LATE,6.06
34,19,2024-05-06,2024-05-11,5.0,LATE,6.06
34,20,2024-05-13,,,MISSED,6.06
34,21,2024-05-20,2024-05-30,10.0,LATE,6.06
34,22,2024-05-27,,,MISSED,6.06
34,23,2024-06-03,,,MISSED,6.06
34,24,2024-06-10,2024-06-18,8.0,LATE,6.06
34,25,2024-06-17,2024-06-19,2.0,PAID,6.06
34,26,2024-06-24,2024-06-30,6.0,LATE,6.06
34,27,2024-07-01,2024-07-06,5.0,LATE,6.06
34,28,2024-07-08,2024-07-15,7.0,LATE,6.06
34,29,2024-07-15,2024-07-21,6.0,LATE,6.06
34,30,2024-07-22,2024-07-31,9.0,LATE,6.06
34,31,2024-07-29,2024-08-06,8.0,LATE,6.06
34,32,2024-08-05,2024-08-11,6.0,LATE,6.06
34,33,2024-08-12,2024-08-17,5.0,LATE,6.06
34,34,2024-08-19,2024-08-21,2.0,PAID,6.06
34,35,2024-08-26,2024-08-31,5.0,LATE,6.06
34,36,2024-09-02,2024-09-11,9.0,LATE,6.06
34,37,2024-09-09,2024-09-19,10.0,LATE,6.06
34,38,2024-09-16,2024-09-21,5.0,LATE,6.06
34,39,2024-09-23,2024-09-26,3.0,PAID,6.06
34,40,2024-09-30,2024-10-05,5.0,LATE,6.06
34,41,2024-10-07,2024-10-17,10.0,LATE,6.06
34,42,2024-10-14,2024-10-28,14.0,LATE,6.06
34,43,2024-10-21,,,MISSED,6.06
34,44,2024-10-28,,,MISSED,6.06
34,45,2024-11-04,2024-11-08,4.0,LATE,6.06
34,46,2024-11-11,2024-11-16,5.0,LATE,6.06
34,47,2024-11-18,2024-11-27,9.0,LATE,6.06
34,48,2024-11-25,2024-12-06,11.0,LATE,6.06
34,49,2024-12-02,,,MISSED,6.06
34,50,2024-12-09,2024-12-17,8.0,LATE,6.06
34,51,2024-12-16,,,MISSED,6.06
34,52,2024-12-23,2024-12-28,5.0,LATE,6.06
34,53,2024-12-30,2025-01-11,12.0,LATE,6.06
34,54,2025-01-06,2025-01-13,7.0,LATE,6.06
34,55,2025-01-13,,,MISSED,6.06
34,56,2025-01-20,,,MISSED,6.06
34,57,2025-01-27,2025-01-28,1.0,PAID,6.06
34,58,2025-02-03,2025-02-07,4.0,LATE,6.06
34,59,2025-02-10,2025-02-17,7.0,LATE,6.06
34,60,2025-02-17,2025-02-27,10.0,LATE,6.06
34,61,2025-02-24,2025-03-01,5.0,LATE,6.06
34,62,2025-03-03,2025-03-07,4.0,LATE,6.06
34,63,2025-03-10,,,MISSED,6.06
34,64,2025-03-17,,,MISSED,6.06
34,65,2025-03-24,,,MISSED,6.06
34,66,2025-03-31,2025-04-05,5.0,LATE,6.06
34,67,2025-04-07,2025-04-13,6.0,LATE,6.06
34,68,2025-04-14,2025-04-21,7.0,LATE,6.06
34,69,2025-04-21,,,MISSED,6.06
34,70,2025-04-28,2025-05-06,8.0,LATE,6.06
34,71,2025-05-05,,,MISSED,6.06
34,72,2025-05-12,2025-05-20,8.0,LATE,6.06
34,73,2025-05-19,2025-05-28,9.0,LATE,6.06
34,74,2025-05-26,2025-06-03,8.0,LATE,6.06
34,75,2025-06-02,,,MISSED,6.06
34,76,2025-06-09,2025-06-12,3.0,PAID,6.06
34,77,2025-06-16,2025-06-21,5.0,LATE,6.06
34,78,2025-06-23,,,MISSED,6.06
34,79,2025-06-30,2025-07-06,6.0,LATE,6.06
34,80,2025-07-07,2025-07-13,6.0,LATE,6.06
34,81,2025-07-14,,,MISSED,6.06
34,82,2025-07-21,2025-07-25,4.0,LATE,6.06
34,83,2025-07-28,2025-08-01,4.0,LATE,6.06
34,84,2025-08-04,2025-08-10,6.0,LATE,6.06
34,85,2025-08-11,,,MISSED,6.06
34,86,2025-08-18,,,MISSED,6.06
34,87,2025-08-25,2025-08-30,5.0,LATE,6.06
34,88,2025-09-01,2025-09-04,3.0,PAID,6.06
34,89,2025-09-08,2025-09-12,4.0,LATE,6.06
34,90,2025-09-15,2025-09-18,3.0,PAID,6.06
34,91,2025-09-22,2025-09-28,6.0,LATE,6.06
34,92,2025-09-29,,,MISSED,6.06
34,93,2025-10-06,2025-10-18,12.0,LATE,6.06
34,94,2025-10-13,,,MISSED,6.06
34,95,2025-10-20,2025-10-23,3.0,PAID,6.06
34,96,2025-10-27,2025-11-06,10.0,LATE,6.06
34,97,2025-11-03,,,MISSED,6.06
34,98,2025-11-10,2025-11-15,5.0,LATE,6.06
34,99,2025-11-17,,,MISSED,6.06
34,100,2025-11-24,2025-11-30,6.0,LATE,6.06
34,101,2025-12-01,2025-12-08,7.0,LATE,6.06
34,102,2025-12-08,,,MISSED,6.06
34,103,2025-12-15,2025-12-24,9.0,LATE,6.06
34,104,2025-12-22,2025-12-29,7.0,LATE,6.06
35,1,2024-01-01,2024-01-08,7.0,LATE,6.46
35,2,2024-01-08,2024-01-13,5.0,LATE,6.46
35,3,2024-01-15,2024-01-22,7.0,LATE,6.46
35,4,2024-01-22,2024-01-26,4.0,LATE,6.46
35,5,2024-01-29,2024-02-04,6.0,LATE,6.46
35,6,2024-02-05,2024-02-11,6.0,LATE,6.46
35,7,2024-02-12,,,MISSED,6.46
35,8,2024-02-19,2024-02-27,8.0,LATE,6.46
35,9,2024-02-26,2024-03-03,6.0,LATE,6.46
35,10,2024-03-04,,,MISSED,6.46
35,11,2024-03-11,2024-03-18,7.0,LATE,6.46
35,12,2024-03-18,,,MISSED,6.46
35,13,2024-03-25,,,MISSED,6.46
35,14,2024-04-01,,,MISSED,6.46
35,15,2024-04-08,,,MISSED,6.46
35,16,2024-04-15,,,MISSED,6.46
35,17,2024-04-22,,,MISSED,6.46
35,18,2024-04-29,,,MISSED,6.46
35,19,2024-05-06,,,MISSED,6.46
35,20,2024-05-13,2024-05-19,6.0,LATE,6.46
35,21,2024-05-20,2024-05-27,7.0,LATE,6.46
35,22,2024-05-27,,,MISSED,6.46
35,23,2024-06-03,2024-06-08,5.0,LATE,6.46
35,24,2024-06-10,,,MISSED,6.46
35,25,2024-06-17,2024-06-22,5.0,LATE,6.46
35,26,2024-06-24,,,MISSED,6.46
35,27,2024-07-01,2024-07-08,7.0,LATE,6.46
35,28,2024-07-08,2024-07-15,7.0,LATE,6.46
35,29,2024-07-15,,,MISSED,6.46
35,30,2024-07-22,,,MISSED,6.46
35,31,2024-07-29,,,MISSED,6.46
35,32,2024-08-05,2024-08-11,6.0,LATE,6.46
35,33,2024-08-12,,,MISSED,6.46
35,34,2024-08-19,,,MISSED,6.46
35,35,2024-08-26,2024-08-29,3.0,PAID,6.46
35,36,2024-09-02,,,MISSED,6.46
35,37,2024-09-09,2024-09-15,6.0,LATE,6.46
35,38,2024-09-16,,,MISSED,6.46
35,39,2024-09-23,2024-10-02,9.0,LATE,6.46
35,40,2024-09-30,2024-10-02,2.0,PAID,6.46
35,41,2024-10-07,,,MISSED,6.46
35,42,2024-10-14,2024-10-17,3.0,PAID,6.46
35,43,2024-10-21,,,MISSED,6.46
35,44,2024-10-28,2024-11-04,7.0,LATE,6.46
35,45,2024-11-04,,,MISSED,6.46
35,46,2024-11-11,2024-11-14,3.0,PAID,6.46
35,47,2024-11-18,,,MISSED,6.46
35,48,2024-11-25,2024-12-02,7.0,LATE,6.46
35,49,2024-12-02,,,MISSED,6.46
35,50,2024-12-09,2024-12-13,4.0,LATE,6.46
35,51,2024-12-16,2024-12-26,10.0,LATE,6.46
35,52,2024-12-23,2024-12-28,5.0,LATE,6.46
35,53,2024-12-30,,,MISSED,6.46
35,54,2025-01-06,2025-01-11,5.0,LATE,6.46
35,55,2025-01-13,,,MISSED,6.46
35,56,2025-01-20,,,MISSED,6.46
35,57,2025-01-27,2025-02-02,6.0,LATE,6.46
35,58,2025-02-03,2025-02-10,7.0,LATE,6.46
35,59,2025-02-10,2025-02-14,4.0,LATE,6.46
35,60,2025-02-17,,,MISSED,6.46
35,61,2025-02-24,,,MISSED,6.46
35,62,2025-03-03,,,MISSED,6.46
35,63,2025-03-10,2025-03-16,6.0,LATE,6.46
35,64,2025-03-17,2025-03-21,4.0,LATE,6.46
35,65,2025-03-24,2025-03-31,7.0,LATE,6.46
35,66,2025-03-31,2025-04-05,5.0,LATE,6.46
35,67,2025-04-07,,,MISSED,6.46
35,68,2025-04-14,2025-04-17,3.0,PAID,6.46
35,69,2025-04-21,,,MISSED,6.46
35,70,2025-04-28,2025-05-05,7.0,LATE,6.46
35,71,2025-05-05,,,MISSED,6.46
35,72,2025-05-12,,,MISSED,6.46
35,73,2025-05-19,2025-05-29,10.0,LATE,6.46
35,74,2025-05-26,,,MISSED,6.46
35,75,2025-06-02,,,MISSED,6.46
35,76,2025-06-09,2025-06-16,7.0,LATE,6.46
35,77,2025-06-16,2025-06-22,6.0,LATE,6.46
35,78,2025-06-23,,,MISSED,6.46
35,79,2025-06-30,2025-07-09,9.0,LATE,6.46
35,80,2025-07-07,2025-07-12,5.0,LATE,6.46
35,81,2025-07-14,2025-07-21,7.0,LATE,6.46
35,82,2025-07-21,,,MISSED,6.46
35,83,2025-07-28,,,MISSED,6.46
35,84,2025-08-04,,,MISSED,6.46
35,85,2025-08-11,2025-08-21,10.0,LATE,6.46
35,86,2025-08-18,,,MISSED,6.46
35,87,2025-08-25,,,MISSED,6.46
35,88,2025-09-01,2025-09-05,4.0,LATE,6.46
35,89,2025-09-08,,,MISSED,6.46
35,90,2025-09-15,,,MISSED,6.46
35,91,2025-09-22,2025-09-25,3.0,PAID,6.46
35,92,2025-09-29,,,MISSED,6.46
35,93,2025-10-06,2025-10-19,13.0,LATE,6.46
35,94,2025-10-13,2025-10-17,4.0,LATE,6.46
35,95,2025-10-20,,,MISSED,6.46
35,96,2025-10-27,2025-11-05,9.0,LATE,6.46
35,97,2025-11-03,,,MISSED,6.46
35,98,2025-11-10,2025-11-15,5.0,LATE,6.46
35,99,2025-11-17,2025-11-22,5.0,LATE,6.46
35,100,2025-11-24,2025-12-02,8.0,LATE,6.46
35,101,2025-12-01,2025-12-05,4.0,LATE,6.46
35,102,2025-12-08,2025-12-17,9.0,LATE,6.46
35,103,2025-12-15,2025-12-23,8.0,LATE,6.46
35,104,2025-12-22,2025-12-25,3.0,PAID,6.46
36,1,2024-01-01,2024-01-03,2.0,PAID,2.43
36,2,2024-01-08,2024-01-11,3.0,PAID,2.43
36,3,2024-01-15,2024-01-18,3.0,PAID,2.43
36,4,2024-01-22,2024-01-23,1.0,PAID,2.43
36,5,2024-01-29,,,MISSED,2.43
36,6,2024-02-05,2024-02-06,1.0,PAID,2.43
36,7,2024-02-12,,,MISSED,2.43
36,8,2024-02-19,2024-02-21,2.0,PAID,2.43
36,9,2024-02-26,2024-02-28,2.0,PAID,2.43
36,10,2024-03-04,2024-03-08,4.0,LATE,2.43
36,11,2024-03-11,2024-03-14,3.0,PAID,2.43
36,12,2024-03-18,2024-03-18,0.0,PAID,2.43
36,13,2024-03-25,2024-03-25,0.0,PAID,2.43
36,14,2024-04-01,2024-04-02,1.0,PAID,2.43
36,15,2024-04-08,2024-04-10,2.0,PAID,2.43
36,16,2024-04-15,,,MISSED,2.43
36,17,2024-04-22,2024-04-26,4.0,LATE,2.43
36,18,2024-04-29,2024-05-02,3.0,PAID,2.43
36,19,2024-05-06,2024-05-09,3.0,PAID,2.43
36,20,2024-05-13,2024-05-19,6.0,LATE,2.43
36,21,2024-05-20,2024-05-24,4.0,LATE,2.43
36,22,2024-05-27,2024-05-29,2.0,PAID,2.43
36,23,2024-06-03,2024-06-05,2.0,PAID,2.43
36,24,2024-06-10,2024-06-11,1.0,PAID,2.43
36,25,2024-06-17,2024-06-19,2.0,PAID,2.43
36,26,2024-06-24,,,MISSED,2.43
36,27,2024-07-01,2024-07-03,2.0,PAID,2.43
36,28,2024-07-08,,,MISSED,2.43
36,29,2024-07-15,2024-07-18,3.0,PAID,2.43
36,30,2024-07-22,,,MISSED,2.43
36,31,2024-07-29,2024-08-02,4.0,LATE,2.43
36,32,2024-08-05,,,MISSED,2.43
36,33,2024-08-12,2024-08-12,0.0,PAID,2.43
36,34,2024-08-19,2024-08-22,3.0,PAID,2.43
36,35,2024-08-26,2024-08-27,1.0,PAID,2.43
36,36,2024-09-02,2024-09-03,1.0,PAID,2.43
36,37,2024-09-09,2024-09-14,5.0,LATE,2.43
36,38,2024-09-16,2024-09-19,3.0,PAID,2.43
36,39,2024-09-23,2024-09-25,2.0,PAID,2.43
36,40,2024-09-30,,,MISSED,2.43
36,41,2024-10-07,2024-10-09,2.0,PAID,2.43
36,42,2024-10-14,,,MISSED,2.43
36,43,2024-10-21,2024-10-23,2.0,PAID,2.43
36,44,2024-10-28,2024-10-28,0.0,PAID,2.43
36,45,2024-11-04,2024-11-05,1.0,PAID,2.43
36,46,2024-11-11,2024-11-15,4.0,LATE,2.43
36,47,2024-11-18,2024-11-18,0.0,PAID,2.43
36,48,2024-11-25,,,MISSED,2.43
36,49,2024-12-02,2024-12-03,1.0,PAID,2.43
36,50,2024-12-09,,,MISSED,2.43
36,51,2024-12-16,2024-12-20,4.0,LATE,2.43
36,52,2024-12-23,2024-12-26,3.0,PAID,2.43
36,53,2024-12-30,2024-12-31,1.0,PAID,2.43
36,54,2025-01-06,2025-01-06,0.0,PAID,2.43
36,55,2025-01-13,2025-01-16,3.0,PAID,2.43
36,56,2025-01-20,,,MISSED,2.43
36,57,2025-01-27,2025-01-29,2.0,PAID,2.43
36,58,2025-02-03,2025-02-05,2.0,PAID,2.43
36,59,2025-02-10,2025-02-16,6.0,LATE,2.43
36,60,2025-02-17,,,MISSED,2.43
36,61,2025-02-24,2025-02-28,4.0,LATE,2.43
36,62,2025-03-03,2025-03-07,4.0,LATE,2.43
36,63,2025-03-10,2025-03-13,3.0,PAID,2.43
36,64,2025-03-17,2025-03-19,2.0,PAID,2.43
36,65,2025-03-24,2025-03-28,4.0,LATE,2.43
36,66,2025-03-31,2025-04-01,1.0,PAID,2.43
36,67,2025-04-07,,,MISSED,2.43
36,68,2025-04-14,2025-04-16,2.0,PAID,2.43
36,69,2025-04-21,2025-04-23,2.0,PAID,2.43
36,70,2025-04-28,,,MISSED,2.43
36,71,2025-05-05,2025-05-07,2.0,PAID,2.43
36,72,2025-05-12,,,MISSED,2.43
36,73,2025-05-19,2025-05-20,1.0,PAID,2.43
36,74,2025-05-26,2025-05-28,2.0,PAID,2.43
36,75,2025-06-02,2025-06-04,2.0,PAID,2.43
36,76,2025-06-09,2025-06-09,0.0,PAID,2.43
36,77,2025-06-16,2025-06-23,7.0,LATE,2.43
36,78,2025-06-23,2025-06-25,2.0,PAID,2.43
36,79,2025-06-30,,,MISSED,2.43
36,80,2025-07-07,2025-07-07,0.0,PAID,2.43
36,81,2025-07-14,,,MISSED,2.43
36,82,2025-07-21,2025-07-23,2.0,PAID,2.43
36,83,2025-07-28,2025-07-30,2.0,PAID,2.43
36,84,2025-08-04,2025-08-07,3.0,PAID,2.43
36,85,2025-08-11,2025-08-14,3.0,PAID,2.43
36,86,2025-08-18,,,MISSED,2.43
36,87,2025-08-25,2025-08-30,5.0,LATE,2.43
36,88,2025-09-01,,,MISSED,2.43
36,89,2025-09-08,2025-09-11,3.0,PAID,2.43
36,90,2025-09-15,2025-09-17,2.0,PAID,2.43
36,91,2025-09-22,2025-09-24,2.0,PAID,2.43
36,92,2025-09-29,2025-10-02,3.0,PAID,2.43
36,93,2025-10-06,,,MISSED,2.43
36,94,2025-10-13,,,MISSED,2.43
36,95,2025-10-20,,,MISSED,2.43
36,96,2025-10-27,2025-10-28,1.0,PAID,2.43
36,97,2025-11-03,,,MISSED,2.43
36,98,2025-11-10,2025-11-13,3.0,PAID,2.43
36,99,2025-11-17,2025-11-20,3.0,PAID,2.43
36,100,2025-11-24,,,MISSED,2.43
36,101,2025-12-01,,,MISSED,2.43
36,102,2025-12-08,2025-12-11,3.0,PAID,2.43
36,103,2025-12-15,2025-12-18,3.0,PAID,2.43
36,104,2025-12-22,2025-12-24,2.0,PAID,2.43
37,1,2024-01-01,2024-01-05,4.0,LATE,5.71
37,2,2024-01-08,2024-01-11,3.0,PAID,5.71
37,3,2024-01-15,,,MISSED,5.71
37,4,2024-01-22,2024-01-29,7.0,LATE,5.71
37,5,2024-01-29,,,MISSED,5.71
37,6,2024-02-05,2024-02-11,6.0,LATE,5.71
37,7,2024-02-12,2024-02-19,7.0,LATE,5.71
37,8,2024-02-19,,,MISSED,5.71
37,9,2024-02-26,2024-03-06,9.0,LATE,5.71
37,10,2024-03-04,2024-03-10,6.0,LATE,5.71
37,11,2024-03-11,2024-03-18,7.0,LATE,5.71
37,12,2024-03-18,2024-03-21,3.0,PAID,5.71
37,13,2024-03-25,,,MISSED,5.71
37,14,2024-04-01,2024-04-12,11.0,LATE,5.71
37,15,2024-04-08,2024-04-11,3.0,PAID,5.71
37,16,2024-04-15,2024-04-21,6.0,LATE,5.71
37,17,2024-04-22,2024-04-27,5.0,LATE,5.71
37,18,2024-04-29,,,MISSED,5.71
37,19,2024-05-06,2024-05-15,9.0,LATE,5.71
37,20,2024-05-13,,,MISSED,5.71
37,21,2024-05-20,2024-05-23,3.0,PAID,5.71
37,22,2024-05-27,2024-06-05,9.0,LATE,5.71
37,23,2024-06-03,2024-06-07,4.0,LATE,5.71
37,24,2024-06-10,2024-06-17,7.0,LATE,5.71
37,25,2024-06-17,2024-06-19,2.0,PAID,5.71
37,26,2024-06-24,2024-07-01,7.0,LATE,5.71
37,27,2024-07-01,2024-07-03,2.0,PAID,5.71
37,28,2024-07-08,2024-07-15,7.0,LATE,5.71
37,29,2024-07-15,2024-07-19,4.0,LATE,5.71
37,30,2024-07-22,2024-07-28,6.0,LATE,5.71
37,31,2024-07-29,2024-08-03,5.0,LATE,5.71
37,32,2024-08-05,2024-08-09,4.0,LATE,5.71
37,33,2024-08-12,,,MISSED,5.71
37,34,2024-08-19,2024-08-25,6.0,LATE,5.71
37,35,2024-08-26,2024-09-01,6.0,LATE,5.71
37,36,2024-09-02,2024-09-09,7.0,LATE,5.71
37,37,2024-09-09,,,MISSED,5.71
37,38,2024-09-16,2024-09-20,4.0,LATE,5.71
37,39,2024-09-23,2024-10-03,10.0,LATE,5.71
37,40,2024-09-30,,,MISSED,5.71
37,41,2024-10-07,2024-10-11,4.0,LATE,5.71
37,42,2024-10-14,2024-10-21,7.0,LATE,5.71
37,43,2024-10-21,2024-10-30,9.0,LATE,5.71
37,44,2024-10-28,2024-11-02,5.0,LATE,5.71
37,45,2024-11-04,,,MISSED,5.71
37,46,2024-11-11,2024-11-14,3.0,PAID,5.71
37,47,2024-11-18,,,MISSED,5.71
37,48,2024-11-25,2024-12-01,6.0,LATE,5.71
37,49,2024-12-02,2024-12-06,4.0,LATE,5.71
37,50,2024-12-09,2024-12-11,2.0,PAID,5.71
37,51,2024-12-16,2024-12-24,8.0,LATE,5.71
37,52,2024-12-23,2024-12-27,4.0,LATE,5.71
37,53,2024-12-30,,,MISSED,5.71
37,54,2025-01-06,2025-01-11,5.0,LATE,5.71
37,55,2025-01-13,2025-01-18,5.0,LATE,5.71
37,56,2025-01-20,2025-02-01,12.0,LATE,5.71
37,57,2025-01-27,2025-02-06,10.0,LATE,5.71
37,58,2025-02-03,2025-02-12,9.0,LATE,5.71
37,59,2025-02-10,2025-02-20,10.0,LATE,5.71
37,60,2025-02-17,,,MISSED,5.71
37,61,2025-02-24,2025-02-26,2.0,PAID,5.71
37,62,2025-03-03,,,MISSED,5.71
37,63,2025-03-10,2025-03-17,7.0,LATE,5.71
37,64,2025-03-17,2025-03-21,4.0,LATE,5.71
37,65,2025-03-24,2025-04-02,9.0,LATE,5.71
37,66,2025-03-31,2025-04-04,4.0,LATE,5.71
37,67,2025-04-07,2025-04-15,8.0,LATE,5.71
37,68,2025-04-14,2025-04-20,6.0,LATE,5.71
37,69,2025-04-21,2025-04-26,5.0,LATE,5.71
37,70,2025-04-28,2025-05-02,4.0,LATE,5.71
37,71,2025-05-05,,,MISSED,5.71
37,72,2025-05-12,2025-05-18,6.0,LATE,5.71
37,73,2025-05-19,2025-05-24,5.0,LATE,5.71
37,74,2025-05-26,,,MISSED,5.71
37,75,2025-06-02,2025-06-10,8.0,LATE,5.71
37,76,2025-06-09,2025-06-13,4.0,LATE,5.71
37,77,2025-06-16,2025-06-24,8.0,LATE,5.71
37,78,2025-06-23,2025-06-30,7.0,LATE,5.71
37,79,2025-06-30,2025-06-30,0.0,PAID,5.71
37,80,2025-07-07,2025-07-12,5.0,LATE,5.71
37,81,2025-07-14,2025-07-17,3.0,PAID,5.71
37,82,2025-07-21,,,MISSED,5.71
37,83,2025-07-28,,,MISSED,5.71
37,84,2025-08-04,2025-08-11,7.0,LATE,5.71
37,85,2025-08-11,2025-08-16,5.0,LATE,5.71
37,86,2025-08-18,,,MISSED,5.71
37,87,2025-08-25,2025-08-30,5.0,LATE,5.71
37,88,2025-09-01,2025-09-07,6.0,LATE,5.71
37,89,2025-09-08,,,MISSED,5.71
37,90,2025-09-15,2025-09-18,3.0,PAID,5.71
37,91,2025-09-22,,,MISSED,5.71
37,92,2025-09-29,,,MISSED,5.71
37,93,2025-10-06,,,MISSED,5.71
37,94,2025-10-13,,,MISSED,5.71
37,95,2025-10-20,2025-10-24,4.0,LATE,5.71
37,96,2025-10-27,2025-11-02,6.0,LATE,5.71
37,97,2025-11-03,,,MISSED,5.71
37,98,2025-11-10,2025-11-17,7.0,LATE,5.71
37,99,2025-11-17,,,MISSED,5.71
37,100,2025-11-24,2025-11-26,2.0,PAID,5.71
37,101,2025-12-01,2025-12-05,4.0,LATE,5.71
37,102,2025-12-08,2025-12-14,6.0,LATE,5.71
37,103,2025-12-15,2025-12-22,7.0,LATE,5.71
37,104,2025-12-22,,,MISSED,5.71
38,1,2024-01-01,2024-01-12,11.0,LATE,6.31
38,2,2024-01-08,2024-01-13,5.0,LATE,6.31
38,3,2024-01-15,2024-01-22,7.0,LATE,6.31
38,4,2024-01-22,2024-01-29,7.0,LATE,6.31
38,5,2024-01-29,2024-02-04,6.0,LATE,6.31
38,6,2024-02-05,2024-02-15,10.0,LATE,6.31
38,7,2024-02-12,,,MISSED,6.31
38,8,2024-02-19,2024-02-22,3.0,PAID,6.31
38,9,2024-02-26,2024-03-06,9.0,LATE,6.31
38,10,2024-03-04,,,MISSED,6.31
38,11,2024-03-11,2024-03-18,7.0,LATE,6.31
38,12,2024-03-18,2024-03-26,8.0,LATE,6.31
38,13,2024-03-25,2024-04-06,12.0,LATE,6.31
38,14,2024-04-01,2024-04-03,2.0,PAID,6.31
38,15,2024-04-08,,,MISSED,6.31
38,16,2024-04-15,2024-04-20,5.0,LATE,6.31
38,17,2024-04-22,2024-04-29,7.0,LATE,6.31
38,18,2024-04-29,,,MISSED,6.31
38,19,2024-05-06,,,MISSED,6.31
38,20,2024-05-13,2024-05-20,7.0,LATE,6.31
38,21,2024-05-20,2024-05-25,5.0,LATE,6.31
38,22,2024-05-27,,,MISSED,6.31
38,23,2024-06-03,2024-06-08,5.0,LATE,6.31
38,24,2024-06-10,2024-06-14,4.0,LATE,6.31
38,25,2024-06-17,,,MISSED,6.31
38,26,2024-06-24,2024-07-02,8.0,LATE,6.31
38,27,2024-07-01,2024-07-05,4.0,LATE,6.31
38,28,2024-07-08,2024-07-13,5.0,LATE,6.31
38,29,2024-07-15,2024-07-23,8.0,LATE,6.31
38,30,2024-07-22,2024-07-26,4.0,LATE,6.31
38,31,2024-07-29,2024-08-06,8.0,LATE,6.31
38,32,2024-08-05,,,MISSED,6.31
38,33,2024-08-12,,,MISSED,6.31
38,34,2024-08-19,2024-08-28,9.0,LATE,6.31
38,35,2024-08-26,,,MISSED,6.31
38,36,2024-09-02,2024-09-08,6.0,LATE,6.31
38,37,2024-09-09,2024-09-17,8.0,LATE,6.31
38,38,2024-09-16,2024-09-24,8.0,LATE,6.31
38,39,2024-09-23,2024-10-04,11.0,LATE,6.31
38,40,2024-09-30,2024-10-09,9.0,LATE,6.31
38,41,2024-10-07,2024-10-19,12.0,LATE,6.31
38,42,2024-10-14,,,MISSED,6.31
38,43,2024-10-21,2024-10-31,10.0,LATE,6.31
38,44,2024-10-28,,,MISSED,6.31
38,45,2024-11-04,2024-11-10,6.0,LATE,6.31
38,46,2024-11-11,2024-11-15,4.0,LATE,6.31
38,47,2024-11-18,2024-11-22,4.0,LATE,6.31
38,48,2024-11-25,2024-12-01,6.0,LATE,6.31
38,49,2024-12-02,,,MISSED,6.31
38,50,2024-12-09,2024-12-16,7.0,LATE,6.31
38,51,2024-12-16,2024-12-19,3.0,PAID,6.31
38,52,2024-12-23,,,MISSED,6.31
38,53,2024-12-30,2025-01-05,6.0,LATE,6.31
38,54,2025-01-06,2025-01-11,5.0,LATE,6.31
38,55,2025-01-13,,,MISSED,6.31
38,56,2025-01-20,2025-01-24,4.0,LATE,6.31
38,57,2025-01-27,,,MISSED,6.31
38,58,2025-02-03,2025-02-15,12.0,LATE,6.31
38,59,2025-02-10,2025-02-11,1.0,PAID,6.31
38,60,2025-02-17,,,MISSED,6.31
38,61,2025-02-24,2025-03-06,10.0,LATE,6.31
38,62,2025-03-03,2025-03-09,6.0,LATE,6.31
38,63,2025-03-10,2025-03-16,6.0,LATE,6.31
38,64,2025-03-17,2025-03-24,7.0,LATE,6.31
38,65,2025-03-24,2025-03-31,7.0,LATE,6.31
38,66,2025-03-31,,,MISSED,6.31
38,67,2025-04-07,2025-04-11,4.0,LATE,6.31
38,68,2025-04-14,2025-04-22,8.0,LATE,6.31
38,69,2025-04-21,,,MISSED,6.31
38,70,2025-04-28,,,MISSED,6.31
38,71,2025-05-05,,,MISSED,6.31
38,72,2025-05-12,2025-05-16,4.0,LATE,6.31
38,73,2025-05-19,2025-05-24,5.0,LATE,6.31
38,74,2025-05-26,2025-06-03,8.0,LATE,6.31
38,75,2025-06-02,2025-06-09,7.0,LATE,6.31
38,76,2025-06-09,2025-06-18,9.0,LATE,6.31
38,77,2025-06-16,2025-06-22,6.0,LATE,6.31
38,78,2025-06-23,,,MISSED,6.31
38,79,2025-06-30,,,MISSED,6.31
38,80,2025-07-07,2025-07-13,6.0,LATE,6.31
38,81,2025-07-14,2025-07-26,12.0,LATE,6.31
38,82,2025-07-21,2025-07-27,6.0,LATE,6.31
38,83,2025-07-28,,,MISSED,6.31
38,84,2025-08-04,,,MISSED,6.31
38,85,2025-08-11,,,MISSED,6.31
38,86,2025-08-18,2025-08-25,7.0,LATE,6.31
38,87,2025-08-25,2025-09-02,8.0,LATE,6.31
38,88,2025-09-01,,,MISSED,6.31
38,89,2025-09-08,2025-09-12,4.0,LATE,6.31
38,90,2025-09-15,2025-09-21,6.0,LATE,6.31
38,91,2025-09-22,2025-09-28,6.0,LATE,6.31
38,92,2025-09-29,,,MISSED,6.31
38,93,2025-10-06,,,MISSED,6.31
38,94,2025-10-13,2025-10-18,5.0,LATE,6.31
38,95,2025-10-20,2025-10-26,6.0,LATE,6.31
38,96,2025-10-27,2025-11-05,9.0,LATE,6.31
38,97,2025-11-03,2025-11-10,7.0,LATE,6.31
38,98,2025-11-10,2025-11-14,4.0,LATE,6.31
38,99,2025-11-17,,,MISSED,6.31
38,100,2025-11-24,2025-11-27,3.0,PAID,6.31
38,101,2025-12-01,2025-12-07,6.0,LATE,6.31
38,102,2025-12-08,2025-12-16,8.0,LATE,6.31
38,103,2025-12-15,2025-12-24,9.0,LATE,6.31
38,104,2025-12-22,2025-12-25,3.0,PAID,6.31
39,1,2024-01-01,,,MISSED,5.55
39,2,2024-01-08,,,MISSED,5.55
39,3,2024-01-15,2024-01-23,8.0,LATE,5.55
39,4,2024-01-22,2024-01-31,9.0,LATE,5.55
39,5,2024-01-29,2024-02-01,3.0,PAID,5.55
39,6,2024-02-05,2024-02-14,9.0,LATE,5.55
39,7,2024-02-12,,,MISSED,5.55
39,8,2024-02-19,2024-02-22,3.0,PAID,5.55
39,9,2024-02-26,2024-03-01,4.0,LATE,5.55
39,10,2024-03-04,2024-03-09,5.0,LATE,5.55
39,11,2024-03-11,2024-03-16,5.0,LATE,5.55
39,12,2024-03-18,2024-03-23,5.0,LATE,5.55
39,13,2024-03-25,2024-03-31,6.0,LATE,5.55
39,14,2024-04-01,2024-04-05,4.0,LATE,5.55
39,15,2024-04-08,2024-04-15,7.0,LATE,5.55
39,16,2024-04-15,2024-04-19,4.0,LATE,5.55
39,17,2024-04-22,2024-04-27,5.0,LATE,5.55
39,18,2024-04-29,,,MISSED,5.55
39,19,2024-05-06,2024-05-11,5.0,LATE,5.55
39,20,2024-05-13,2024-05-18,5.0,LATE,5.55
39,21,2024-05-20,2024-05-28,8.0,LATE,5.55
39,22,2024-05-27,2024-06-02,6.0,LATE,5.55
39,23,2024-06-03,2024-06-08,5.0,LATE,5.55
39,24,2024-06-10,2024-06-18,8.0,LATE,5.55
39,25,2024-06-17,2024-06-22,5.0,LATE,5.55
39,26,2024-06-24,2024-06-29,5.0,LATE,5.55
39,27,2024-07-01,,,MISSED,5.55
39,28,2024-07-08,,,MISSED,5.55
39,29,2024-07-15,2024-07-22,7.0,LATE,5.55
39,30,2024-07-22,2024-07-24,2.0,PAID,5.55
39,31,2024-07-29,,,MISSED,5.55
39,32,2024-08-05,2024-08-10,5.0,LATE,5.55
39,33,2024-08-12,2024-08-14,2.0,PAID,5.55
39,34,2024-08-19,,,MISSED,5.55
39,35,2024-08-26,,,MISSED,5.55
39,36,2024-09-02,,,MISSED,5.55
39,37,2024-09-09,,,MISSED,5.55
39,38,2024-09-16,2024-09-21,5.0,LATE,5.55
39,39,2024-09-23,2024-09-29,6.0,LATE,5.55
39,40,2024-09-30,2024-10-06,6.0,LATE,5.55
39,41,2024-10-07,2024-10-14,7.0,LATE,5.55
39,42,2024-10-14,,,MISSED,5.55
39,43,2024-10-21,2024-10-26,5.0,LATE,5.55
39,44,2024-10-28,,,MISSED,5.55
39,45,2024-11-04,2024-11-05,1.0,PAID,5.55
39,46,2024-11-11,2024-11-14,3.0,PAID,5.55
39,47,2024-11-18,,,MISSED,5.55
39,48,2024-11-25,2024-12-03,8.0,LATE,5.55
39,49,2024-12-02,,,MISSED,5.55
39,50,2024-12-09,2024-12-18,9.0,LATE,5.55
39,51,2024-12-16,,,MISSED,5.55
39,52,2024-12-23,2024-12-26,3.0,PAID,5.55
39,53,2024-12-30,2025-01-07,8.0,LATE,5.55
39,54,2025-01-06,,,MISSED,5.55
39,55,2025-01-13,2025-01-21,8.0,LATE,5.55
39,56,2025-01-20,2025-01-25,5.0,LATE,5.55
39,57,2025-01-27,,,MISSED,5.55
39,58,2025-02-03,2025-02-07,4.0,LATE,5.55
39,59,2025-02-10,2025-02-16,6.0,LATE,5.55
39,60,2025-02-17,,,MISSED,5.55
39,61,2025-02-24,2025-03-01,5.0,LATE,5.55
39,62,2025-03-03,2025-03-05,2.0,PAID,5.55
39,63,2025-03-10,2025-03-15,5.0,LATE,5.55
39,64,2025-03-17,2025-03-23,6.0,LATE,5.55
39,65,2025-03-24,,,MISSED,5.55
39,66,2025-03-31,2025-04-09,9.0,LATE,5.55
39,67,2025-04-07,2025-04-14,7.0,LATE,5.55
39,68,2025-04-14,2025-04-18,4.0,LATE,5.55
39,69,2025-04-21,,,MISSED,5.55
39,70,2025-04-28,2025-05-06,8.0,LATE,5.55
39,71,2025-05-05,2025-05-11,6.0,LATE,5.55
39,72,2025-05-12,2025-05-16,4.0,LATE,5.55
39,73,2025-05-19,2025-05-23,4.0,LATE,5.55
39,74,2025-05-26,2025-05-30,4.0,LATE,5.55
39,75,2025-06-02,,,MISSED,5.55
39,76,2025-06-09,2025-06-14,5.0,LATE,5.55
39,77,2025-06-16,,,MISSED,5.55
39,78,2025-06-23,2025-06-27,4.0,LATE,5.55
39,79,2025-06-30,2025-07-06,6.0,LATE,5.55
39,80,2025-07-07,,,MISSED,5.55
39,81,2025-07-14,2025-07-18,4.0,LATE,5.55
39,82,2025-07-21,2025-07-29,8.0,LATE,5.55
39,83,2025-07-28,2025-08-04,7.0,LATE,5.55
39,84,2025-08-04,,,MISSED,5.55
39,85,2025-08-11,,,MISSED,5.55
39,86,2025-08-18,2025-08-26,8.0,LATE,5.55
39,87,2025-08-25,2025-08-31,6.0,LATE,5.55
39,88,2025-09-01,,,MISSED,5.55
39,89,2025-09-08,,,MISSED,5.55
39,90,2025-09-15,2025-09-17,2.0,PAID,5.55
39,91,2025-09-22,2025-09-25,3.0,PAID,5.55
39,92,2025-09-29,2025-10-02,3.0,PAID,5.55
39,93,2025-10-06,,,MISSED,5.55
39,94,2025-10-13,2025-10-18,5.0,LATE,5.55
39,95,2025-10-20,2025-10-26,6.0,LATE,5.55
39,96,2025-10-27,2025-11-02,6.0,LATE,5.55
39,97,2025-11-03,,,MISSED,5.55
39,98,2025-11-10,,,MISSED,5.55
39,99,2025-11-17,2025-11-20,3.0,PAID,5.55
39,100,2025-11-24,2025-12-02,8.0,LATE,5.55
39,101,2025-12-01,2025-12-10,9.0,LATE,5.55
39,102,2025-12-08,,,MISSED,5.55
39,103,2025-12-15,2025-12-25,10.0,LATE,5.55
39,104,2025-12-22,2025-12-26,4.0,LATE,5.55
40,1,2024-01-01,,,MISSED,2.02
40,2,2024-01-08,,,MISSED,2.02
40,3,2024-01-15,2024-01-16,1.0,PAID,2.02
40,4,2024-01-22,2024-01-22,0.0,PAID,2.02
40,5,2024-01-29,2024-01-29,0.0,PAID,2.02
40,6,2024-02-05,2024-02-06,1.0,PAID,2.02
40,7,2024-02-12,2024-02-14,2.0,PAID,2.02
40,8,2024-02-19,2024-02-22,3.0,PAID,2.02
40,9,2024-02-26,2024-02-28,2.0,PAID,2.02
40,10,2024-03-04,,,MISSED,2.02
40,11,2024-03-11,2024-03-12,1.0,PAID,2.02
40,12,2024-03-18,2024-03-19,1.0,PAID,2.02
40,13,2024-03-25,,,MISSED,2.02
40,14,2024-04-01,2024-04-02,1.0,PAID,2.02
40,15,2024-04-08,2024-04-08,0.0,PAID,2.02
40,16,2024-04-15,,,MISSED,2.02
40,17,2024-04-22,2024-04-26,4.0,LATE,2.02
40,18,2024-04-29,2024-05-01,2.0,PAID,2.02
40,19,2024-05-06,2024-05-06,0.0,PAID,2.02
40,20,2024-05-13,,,MISSED,2.02
40,21,2024-05-20,2024-05-23,3.0,PAID,2.02
40,22,2024-05-27,2024-05-27,0.0,PAID,2.02
40,23,2024-06-03,2024-06-06,3.0,PAID,2.02
40,24,2024-06-10,2024-06-12,2.0,PAID,2.02
40,25,2024-06-17,2024-06-18,1.0,PAID,2.02
40,26,2024-06-24,2024-06-27,3.0,PAID,2.02
40,27,2024-07-01,2024-07-03,2.0,PAID,2.02
40,28,2024-07-08,2024-07-08,0.0,PAID,2.02
40,29,2024-07-15,2024-07-16,1.0,PAID,2.02
40,30,2024-07-22,2024-07-26,4.0,LATE,2.02
40,31,2024-07-29,2024-07-29,0.0,PAID,2.02
40,32,2024-08-05,2024-08-05,0.0,PAID,2.02
40,33,2024-08-12,2024-08-15,3.0,PAID,2.02
40,34,2024-08-19,2024-08-22,3.0,PAID,2.02
40,35,2024-08-26,2024-08-31,5.0,LATE,2.02
40,36,2024-09-02,2024-09-03,1.0,PAID,2.02
40,37,2024-09-09,2024-09-12,3.0,PAID,2.02
40,38,2024-09-16,,,MISSED,2.02
40,39,2024-09-23,2024-09-24,1.0,PAID,2.02
40,40,2024-09-30,2024-10-01,1.0,PAID,2.02
40,41,2024-10-07,2024-10-08,1.0,PAID,2.02
40,42,2024-10-14,2024-10-15,1.0,PAID,2.02
40,43,2024-10-21,,,MISSED,2.02
40,44,2024-10-28,2024-10-30,2.0,PAID,2.02
40,45,2024-11-04,,,MISSED,2.02
40,46,2024-11-11,2024-11-12,1.0,PAID,2.02
40,47,2024-11-18,2024-11-21,3.0,PAID,2.02
40,48,2024-11-25,2024-11-28,3.0,PAID,2.02
40,49,2024-12-02,2024-12-04,2.0,PAID,2.02
40,50,2024-12-09,2024-12-11,2.0,PAID,2.02
40,51,2024-12-16,2024-12-18,2.0,PAID,2.02
40,52,2024-12-23,2024-12-24,1.0,PAID,2.02
40,53,2024-12-30,2025-01-02,3.0,PAID,2.02
40,54,2025-01-06,2025-01-07,1.0,PAID,2.02
40,55,2025-01-13,,,MISSED,2.02
40,56,2025-01-20,2025-01-21,1.0,PAID,2.02
40,57,2025-01-27,2025-01-28,1.0,PAID,2.02
40,58,2025-02-03,2025-02-05,2.0,PAID,2.02
40,59,2025-02-10,2025-02-12,2.0,PAID,2.02
40,60,2025-02-17,2025-02-17,0.0,PAID,2.02
40,61,2025-02-24,,,MISSED,2.02
40,62,2025-03-03,2025-03-04,1.0,PAID,2.02
40,63,2025-03-10,2025-03-11,1.0,PAID,2.02
40,64,2025-03-17,,,MISSED,2.02
40,65,2025-03-24,,,MISSED,2.02
40,66,2025-03-31,2025-04-01,1.0,PAID,2.02
40,67,2025-04-07,2025-04-09,2.0,PAID,2.02
40,68,2025-04-14,2025-04-15,1.0,PAID,2.02
40,69,2025-04-21,2025-04-23,2.0,PAID,2.02
40,70,2025-04-28,2025-04-30,2.0,PAID,2.02
40,71,2025-05-05,,,MISSED,2.02
40,72,2025-05-12,2025-05-12,0.0,PAID,2.02
40,73,2025-05-19,2025-05-23,4.0,LATE,2.02
40,74,2025-05-26,,,MISSED,2.02
40,75,2025-06-02,2025-06-04,2.0,PAID,2.02
40,76,2025-06-09,2025-06-13,4.0,LATE,2.02
40,77,2025-06-16,2025-06-18,2.0,PAID,2.02
40,78,2025-06-23,2025-06-24,1.0,PAID,2.02
40,79,2025-06-30,2025-07-03,3.0,PAID,2.02
40,80,2025-07-07,,,MISSED,2.02
40,81,2025-07-14,2025-07-15,1.0,PAID,2.02
40,82,2025-07-21,,,MISSED,2.02
40,83,2025-07-28,2025-07-31,3.0,PAID,2.02
40,84,2025-08-04,,,MISSED,2.02
40,85,2025-08-11,2025-08-16,5.0,LATE,2.02
40,86,2025-08-18,,,MISSED,2.02
40,87,2025-08-25,,,MISSED,2.02
40,88,2025-09-01,2025-09-02,1.0,PAID,2.02
40,89,2025-09-08,,,MISSED,2.02
40,90,2025-09-15,2025-09-16,1.0,PAID,2.02
40,91,2025-09-22,2025-09-26,4.0,LATE,2.02
40,92,2025-09-29,2025-10-02,3.0,PAID,2.02
40,93,2025-10-06,2025-10-07,1.0,PAID,2.02
40,94,2025-10-13,2025-10-14,1.0,PAID,2.02
40,95,2025-10-20,2025-10-20,0.0,PAID,2.02
40,96,2025-10-27,2025-10-31,4.0,LATE,2.02
40,97,2025-11-03,2025-11-04,1.0,PAID,2.02
40,98,2025-11-10,,,MISSED,2.02
40,99,2025-11-17,2025-11-18,1.0,PAID,2.02
40,100,2025-11-24,2025-11-25,1.0,PAID,2.02
40,101,2025-12-01,2025-12-02,1.0,PAID,2.02
40,102,2025-12-08,2025-12-09,1.0,PAID,2.02
40,103,2025-12-15,2025-12-18,3.0,PAID,2.02
40,104,2025-12-22,,,MISSED,2.02
41,1,2024-01-01,,,MISSED,3.54
41,2,2024-01-08,,,MISSED,3.54
41,3,2024-01-15,2024-01-19,4.0,LATE,3.54
41,4,2024-01-22,2024-01-25,3.0,PAID,3.54
41,5,2024-01-29,,,MISSED,3.54
41,6,2024-02-05,2024-02-11,6.0,LATE,3.54
41,7,2024-02-12,2024-02-16,4.0,LATE,3.54
41,8,2024-02-19,2024-02-19,0.0,PAID,3.54
41,9,2024-02-26,2024-03-01,4.0,LATE,3.54
41,10,2024-03-04,,,MISSED,3.54
41,11,2024-03-11,2024-03-15,4.0,LATE,3.54
41,12,2024-03-18,2024-03-24,6.0,LATE,3.54
41,13,2024-03-25,,,MISSED,3.54
41,14,2024-04-01,2024-04-04,3.0,PAID,3.54
41,15,2024-04-08,2024-04-11,3.0,PAID,3.54
41,16,2024-04-15,2024-04-16,1.0,PAID,3.54
41,17,2024-04-22,2024-04-22,0.0,PAID,3.54
41,18,2024-04-29,,,MISSED,3.54
41,19,2024-05-06,2024-05-07,1.0,PAID,3.54
41,20,2024-05-13,2024-05-17,4.0,LATE,3.54
41,21,2024-05-20,,,MISSED,3.54
41,22,2024-05-27,,,MISSED,3.54
41,23,2024-06-03,,,MISSED,3.54
41,24,2024-06-10,,,MISSED,3.54
41,25,2024-06-17,2024-06-18,1.0,PAID,3.54
41,26,2024-06-24,,,MISSED,3.54
41,27,2024-07-01,2024-07-02,1.0,PAID,3.54
41,28,2024-07-08,2024-07-12,4.0,LATE,3.54
41,29,2024-07-15,,,MISSED,3.54
41,30,2024-07-22,2024-07-25,3.0,PAID,3.54
41,31,2024-07-29,2024-07-30,1.0,PAID,3.54
41,32,2024-08-05,2024-08-06,1.0,PAID,3.54
41,33,2024-08-12,,,MISSED,3.54
41,34,2024-08-19,,,MISSED,3.54
41,35,2024-08-26,,,MISSED,3.54
41,36,2024-09-02,2024-09-04,2.0,PAID,3.54
41,37,2024-09-09,2024-09-13,4.0,LATE,3.54
41,38,2024-09-16,,,MISSED,3.54
41,39,2024-09-23,2024-09-24,1.0,PAID,3.54
41,40,2024-09-30,2024-10-05,5.0,LATE,3.54
41,41,2024-10-07,2024-10-13,6.0,LATE,3.54
41,42,2024-10-14,2024-10-15,1.0,PAID,3.54
41,43,2024-10-21,2024-10-25,4.0,LATE,3.54
41,44,2024-10-28,2024-10-31,3.0,PAID,3.54
41,45,2024-11-04,2024-11-09,5.0,LATE,3.54
41,46,2024-11-11,,,MISSED,3.54
41,47,2024-11-18,2024-11-20,2.0,PAID,3.54
41,48,2024-11-25,2024-11-25,0.0,PAID,3.54
41,49,2024-12-02,,,MISSED,3.54
41,50,2024-12-09,2024-12-13,4.0,LATE,3.54
41,51,2024-12-16,2024-12-21,5.0,LATE,3.54
41,52,2024-12-23,2024-12-24,1.0,PAID,3.54
41,53,2024-12-30,2025-01-02,3.0,PAID,3.54
41,54,2025-01-06,2025-01-09,3.0,PAID,3.54
41,55,2025-01-13,2025-01-17,4.0,LATE,3.54
41,56,2025-01-20,2025-01-27,7.0,LATE,3.54
41,57,2025-01-27,2025-01-29,2.0,PAID,3.54
41,58,2025-02-03,2025-02-06,3.0,PAID,3.54
41,59,2025-02-10,2025-02-11,1.0,PAID,3.54
41,60,2025-02-17,2025-02-18,1.0,PAID,3.54
41,61,2025-02-24,2025-02-26,2.0,PAID,3.54
41,62,2025-03-03,,,MISSED,3.54
41,63,2025-03-10,2025-03-14,4.0,LATE,3.54
41,64,2025-03-17,,,MISSED,3.54
41,65,2025-03-24,2025-03-26,2.0,PAID,3.54
41,66,2025-03-31,2025-04-03,3.0,PAID,3.54
41,67,2025-04-07,2025-04-11,4.0,LATE,3.54
41,68,2025-04-14,,,MISSED,3.54
41,69,2025-04-21,2025-04-28,7.0,LATE,3.54
41,70,2025-04-28,2025-05-01,3.0,PAID,3.54
41,71,2025-05-05,,,MISSED,3.54
41,72,2025-05-12,2025-05-15,3.0,PAID,3.54
41,73,2025-05-19,,,MISSED,3.54
41,74,2025-05-26,2025-05-29,3.0,PAID,3.54
41,75,2025-06-02,,,MISSED,3.54
41,76,2025-06-09,2025-06-13,4.0,LATE,3.54
41,77,2025-06-16,2025-06-18,2.0,PAID,3.54
41,78,2025-06-23,2025-06-26,3.0,PAID,3.54
41,79,2025-06-30,2025-07-02,2.0,PAID,3.54
41,80,2025-07-07,,,MISSED,3.54
41,81,2025-07-14,2025-07-21,7.0,LATE,3.54
41,82,2025-07-21,2025-07-26,5.0,LATE,3.54
41,83,2025-07-28,2025-08-03,6.0,LATE,3.54
41,84,2025-08-04,2025-08-08,4.0,LATE,3.54
41,85,2025-08-11,,,MISSED,3.54
41,86,2025-08-18,2025-08-21,3.0,PAID,3.54
41,87,2025-08-25,2025-09-02,8.0,LATE,3.54
41,88,2025-09-01,2025-09-05,4.0,LATE,3.54
41,89,2025-09-08,2025-09-10,2.0,PAID,3.54
41,90,2025-09-15,2025-09-17,2.0,PAID,3.54
41,91,2025-09-22,2025-09-23,1.0,PAID,3.54
41,92,2025-09-29,2025-10-05,6.0,LATE,3.54
41,93,2025-10-06,,,MISSED,3.54
41,94,2025-10-13,,,MISSED,3.54
41,95,2025-10-20,2025-10-24,4.0,LATE,3.54
41,96,2025-10-27,2025-10-30,3.0,PAID,3.54
41,97,2025-11-03,,,MISSED,3.54
41,98,2025-11-10,2025-11-14,4.0,LATE,3.54
41,99,2025-11-17,2025-11-21,4.0,LATE,3.54
41,100,2025-11-24,,,MISSED,3.54
41,101,2025-12-01,,,MISSED,3.54
41,102,2025-12-08,,,MISSED,3.54
41,103,2025-12-15,2025-12-18,3.0,PAID,3.54
41,104,2025-12-22,2025-12-24,2.0,PAID,3.54
42,1,2024-01-01,2024-01-01,0.0,PAID,1.41
42,2,2024-01-08,2024-01-09,1.0,PAID,1.41
42,3,2024-01-15,2024-01-19,4.0,LATE,1.41
42,4,2024-01-22,2024-01-23,1.0,PAID,1.41
42,5,2024-01-29,,,MISSED,1.41
42,6,2024-02-05,2024-02-05,0.0,PAID,1.41
42,7,2024-02-12,2024-02-13,1.0,PAID,1.41
42,8,2024-02-19,2024-02-21,2.0,PAID,1.41
42,9,2024-02-26,2024-02-28,2.0,PAID,1.41
42,10,2024-03-04,,,MISSED,1.41
42,11,2024-03-11,2024-03-11,0.0,PAID,1.41
42,12,2024-03-18,2024-03-19,1.0,PAID,1.41
42,13,2024-03-25,2024-03-27,2.0,PAID,1.41
42,14,2024-04-01,2024-04-02,1.0,PAID,1.41
42,15,2024-04-08,2024-04-08,0.0,PAID,1.41
42,16,2024-04-15,2024-04-16,1.0,PAID,1.41
42,17,2024-04-22,2024-04-23,1.0,PAID,1.41
42,18,2024-04-29,2024-05-03,4.0,LATE,1.41
42,19,2024-05-06,,,MISSED,1.41
42,20,2024-05-13,,,MISSED,1.41
42,21,2024-05-20,2024-05-20,0.0,PAID,1.41
42,22,2024-05-27,2024-05-27,0.0,PAID,1.41
42,23,2024-06-03,2024-06-03,0.0,PAID,1.41
42,24,2024-06-10,2024-06-10,0.0,PAID,1.41
42,25,2024-06-17,2024-06-19,2.0,PAID,1.41
42,26,2024-06-24,2024-06-25,1.0,PAID,1.41
42,27,2024-07-01,2024-07-05,4.0,LATE,1.41
42,28,2024-07-08,2024-07-09,1.0,PAID,1.41
42,29,2024-07-15,2024-07-15,0.0,PAID,1.41
42,30,2024-07-22,2024-07-25,3.0,PAID,1.41
42,31,2024-07-29,2024-08-02,4.0,LATE,1.41
42,32,2024-08-05,2024-08-07,2.0,PAID,1.41
42,33,2024-08-12,2024-08-13,1.0,PAID,1.41
42,34,2024-08-19,2024-08-23,4.0,LATE,1.41
42,35,2024-08-26,2024-08-27,1.0,PAID,1.41
42,36,2024-09-02,2024-09-03,1.0,PAID,1.41
42,37,2024-09-09,2024-09-13,4.0,LATE,1.41
42,38,2024-09-16,2024-09-16,0.0,PAID,1.41
42,39,2024-09-23,2024-09-26,3.0,PAID,1.41
42,40,2024-09-30,2024-09-30,0.0,PAID,1.41
42,41,2024-10-07,2024-10-09,2.0,PAID,1.41
42,42,2024-10-14,2024-10-16,2.0,PAID,1.41
42,43,2024-10-21,2024-10-27,6.0,LATE,1.41
42,44,2024-10-28,2024-10-29,1.0,PAID,1.41
42,45,2024-11-04,2024-11-04,0.0,PAID,1.41
42,46,2024-11-11,2024-11-13,2.0,PAID,1.41
42,47,2024-11-18,,,MISSED,1.41
42,48,2024-11-25,2024-11-25,0.0,PAID,1.41
42,49,2024-12-02,2024-12-04,2.0,PAID,1.41
42,50,2024-12-09,2024-12-11,2.0,PAID,1.41
42,51,2024-12-16,2024-12-18,2.0,PAID,1.41
42,52,2024-12-23,2024-12-23,0.0,PAID,1.41
42,53,2024-12-30,2024-12-31,1.0,PAID,1.41
42,54,2025-01-06,2025-01-09,3.0,PAID,1.41
42,55,2025-01-13,2025-01-14,1.0,PAID,1.41
42,56,2025-01-20,2025-01-21,1.0,PAID,1.41
42,57,2025-01-27,2025-01-28,1.0,PAID,1.41
42,58,2025-02-03,2025-02-06,3.0,PAID,1.41
42,59,2025-02-10,2025-02-10,0.0,PAID,1.41
42,60,2025-02-17,2025-02-17,0.0,PAID,1.41
42,61,2025-02-24,2025-02-24,0.0,PAID,1.41
42,62,2025-03-03,2025-03-03,0.0,PAID,1.41
42,63,2025-03-10,2025-03-12,2.0,PAID,1.41
42,64,2025-03-17,2025-03-17,0.0,PAID,1.41
42,65,2025-03-24,2025-03-27,3.0,PAID,1.41
42,66,2025-03-31,,,MISSED,1.41
42,67,2025-04-07,2025-04-07,0.0,PAID,1.41
42,68,2025-04-14,2025-04-16,2.0,PAID,1.41
42,69,2025-04-21,2025-04-22,1.0,PAID,1.41
42,70,2025-04-28,2025-04-29,1.0,PAID,1.41
42,71,2025-05-05,,,MISSED,1.41
42,72,2025-05-12,2025-05-15,3.0,PAID,1.41
42,73,2025-05-19,2025-05-19,0.0,PAID,1.41
42,74,2025-05-26,2025-05-26,0.0,PAID,1.41
42,75,2025-06-02,2025-06-05,3.0,PAID,1.41
42,76,2025-06-09,2025-06-10,1.0,PAID,1.41
42,77,2025-06-16,2025-06-16,0.0,PAID,1.41
42,78,2025-06-23,,,MISSED,1.41
42,79,2025-06-30,,,MISSED,1.41
42,80,2025-07-07,2025-07-07,0.0,PAID,1.41
42,81,2025-07-14,,,MISSED,1.41
42,82,2025-07-21,2025-07-22,1.0,PAID,1.41
42,83,2025-07-28,,,MISSED,1.41
42,84,2025-08-04,2025-08-04,0.0,PAID,1.41
42,85,2025-08-11,2025-08-13,2.0,PAID,1.41
42,86,2025-08-18,2025-08-18,0.0,PAID,1.41
42,87,2025-08-25,2025-08-27,2.0,PAID,1.41
42,88,2025-09-01,2025-09-01,0.0,PAID,1.41
42,89,2025-09-08,2025-09-10,2.0,PAID,1.41
42,90,2025-09-15,2025-09-18,3.0,PAID,1.41
42,91,2025-09-22,2025-09-24,2.0,PAID,1.41
42,92,2025-09-29,2025-10-02,3.0,PAID,1.41
42,93,2025-10-06,2025-10-07,1.0,PAID,1.41
42,94,2025-10-13,2025-10-14,1.0,PAID,1.41
42,95,2025-10-20,2025-10-24,4.0,LATE,1.41
42,96,2025-10-27,2025-10-27,0.0,PAID,1.41
42,97,2025-11-03,,,MISSED,1.41
42,98,2025-11-10,2025-11-10,0.0,PAID,1.41
42,99,2025-11-17,2025-11-19,2.0,PAID,1.41
42,100,2025-11-24,2025-11-27,3.0,PAID,1.41
42,101,2025-12-01,2025-12-03,2.0,PAID,1.41
42,102,2025-12-08,2025-12-10,2.0,PAID,1.41
42,103,2025-12-15,2025-12-16,1.0,PAID,1.41
42,104,2025-12-22,2025-12-24,2.0,PAID,1.41
43,1,2024-01-01,,,MISSED,1.81
43,2,2024-01-08,2024-01-09,1.0,PAID,1.81
43,3,2024-01-15,2024-01-17,2.0,PAID,1.81
43,4,2024-01-22,2024-01-23,1.0,PAID,1.81
43,5,2024-01-29,2024-01-30,1.0,PAID,1.81
43,6,2024-02-05,2024-02-08,3.0,PAID,1.81
43,7,2024-02-12,,,MISSED,1.81
43,8,2024-02-19,2024-02-19,0.0,PAID,1.81
43,9,2024-02-26,2024-03-01,4.0,LATE,1.81
43,10,2024-03-04,2024-03-06,2.0,PAID,1.81
43,11,2024-03-11,2024-03-14,3.0,PAID,1.81
43,12,2024-03-18,2024-03-20,2.0,PAID,1.81
43,13,2024-03-25,2024-03-25,0.0,PAID,1.81
43,14,2024-04-01,2024-04-06,5.0,LATE,1.81
43,15,2024-04-08,2024-04-11,3.0,PAID,1.81
43,16,2024-04-15,2024-04-17,2.0,PAID,1.81
43,17,2024-04-22,2024-04-26,4.0,LATE,1.81
43,18,2024-04-29,,,MISSED,1.81
43,19,2024-05-06,2024-05-09,3.0,PAID,1.81
43,20,2024-05-13,2024-05-14,1.0,PAID,1.81
43,21,2024-05-20,2024-05-22,2.0,PAID,1.81
43,22,2024-05-27,,,MISSED,1.81
43,23,2024-06-03,2024-06-06,3.0,PAID,1.81
43,24,2024-06-10,2024-06-13,3.0,PAID,1.81
43,25,2024-06-17,,,MISSED,1.81
43,26,2024-06-24,2024-06-25,1.0,PAID,1.81
43,27,2024-07-01,2024-07-02,1.0,PAID,1.81
43,28,2024-07-08,,,MISSED,1.81
43,29,2024-07-15,2024-07-19,4.0,LATE,1.81
43,30,2024-07-22,2024-07-25,3.0,PAID,1.81
43,31,2024-07-29,2024-07-31,2.0,PAID,1.81
43,32,2024-08-05,2024-08-06,1.0,PAID,1.81
43,33,2024-08-12,,,MISSED,1.81
43,34,2024-08-19,2024-08-23,4.0,LATE,1.81
43,35,2024-08-26,2024-08-27,1.0,PAID,1.81
43,36,2024-09-02,2024-09-03,1.0,PAID,1.81
43,37,2024-09-09,2024-09-10,1.0,PAID,1.81
43,38,2024-09-16,2024-09-18,2.0,PAID,1.81
43,39,2024-09-23,2024-09-23,0.0,PAID,1.81
43,40,2024-09-30,2024-10-05,5.0,LATE,1.81
43,41,2024-10-07,2024-10-08,1.0,PAID,1.81
43,42,2024-10-14,2024-10-14,0.0,PAID,1.81
43,43,2024-10-21,2024-10-22,1.0,PAID,1.81
43,44,2024-10-28,2024-10-30,2.0,PAID,1.81
43,45,2024-11-04,,,MISSED,1.81
43,46,2024-11-11,2024-11-13,2.0,PAID,1.81
43,47,2024-11-18,2024-11-21,3.0,PAID,1.81
43,48,2024-11-25,2024-11-27,2.0,PAID,1.81
43,49,2024-12-02,2024-12-04,2.0,PAID,1.81
43,50,2024-12-09,2024-12-11,2.0,PAID,1.81
43,51,2024-12-16,,,MISSED,1.81
43,52,2024-12-23,,,MISSED,1.81
43,53,2024-12-30,,,MISSED,1.81
43,54,2025-01-06,,,MISSED,1.81
43,55,2025-01-13,,,MISSED,1.81
43,56,2025-01-20,2025-01-20,0.0,PAID,1.81
43,57,2025-01-27,,,MISSED,1.81
43,58,2025-02-03,2025-02-06,3.0,PAID,1.81
43,59,2025-02-10,2025-02-12,2.0,PAID,1.81
43,60,2025-02-17,2025-02-18,1.0,PAID,1.81
43,61,2025-02-24,2025-02-28,4.0,LATE,1.81
43,62,2025-03-03,,,MISSED,1.81
43,63,2025-03-10,,,MISSED,1.81
43,64,2025-03-17,2025-03-21,4.0,LATE,1.81
43,65,2025-03-24,2025-03-28,4.0,LATE,1.81
43,66,2025-03-31,2025-04-02,2.0,PAID,1.81
43,67,2025-04-07,,,MISSED,1.81
43,68,2025-04-14,2025-04-15,1.0,PAID,1.81
43,69,2025-04-21,2025-04-22,1.0,PAID,1.81
43,70,2025-04-28,2025-05-02,4.0,LATE,1.81
43,71,2025-05-05,2025-05-07,2.0,PAID,1.81
43,72,2025-05-12,,,MISSED,1.81
43,73,2025-05-19,,,MISSED,1.81
43,74,2025-05-26,2025-05-31,5.0,LATE,1.81
43,75,2025-06-02,2025-06-04,2.0,PAID,1.81
43,76,2025-06-09,2025-06-10,1.0,PAID,1.81
43,77,2025-06-16,,,MISSED,1.81
43,78,2025-06-23,2025-06-25,2.0,PAID,1.81
43,79,2025-06-30,2025-07-05,5.0,LATE,1.81
43,80,2025-07-07,2025-07-09,2.0,PAID,1.81
43,81,2025-07-14,2025-07-15,1.0,PAID,1.81
43,82,2025-07-21,,,MISSED,1.81
43,83,2025-07-28,,,MISSED,1.81
43,84,2025-08-04,2025-08-04,0.0,PAID,1.81
43,85,2025-08-11,2025-08-12,1.0,PAID,1.81
43,86,2025-08-18,2025-08-19,1.0,PAID,1.81
43,87,2025-08-25,2025-08-25,0.0,PAID,1.81
43,88,2025-09-01,,,MISSED,1.81
43,89,2025-09-08,2025-09-09,1.0,PAID,1.81
43,90,2025-09-15,,,MISSED,1.81
43,91,2025-09-22,2025-09-22,0.0,PAID,1.81
43,92,2025-09-29,2025-09-30,1.0,PAID,1.81
43,93,2025-10-06,2025-10-08,2.0,PAID,1.81
43,94,2025-10-13,,,MISSED,1.81
43,95,2025-10-20,2025-10-21,1.0,PAID,1.81
43,96,2025-10-27,2025-10-27,0.0,PAID,1.81
43,97,2025-11-03,2025-11-07,4.0,LATE,1.81
43,98,2025-11-10,2025-11-12,2.0,PAID,1.81
43,99,2025-11-17,2025-11-18,1.0,PAID,1.81
43,100,2025-11-24,2025-11-26,2.0,PAID,1.81
43,101,2025-12-01,,,MISSED,1.81
43,102,2025-12-08,,,MISSED,1.81
43,103,2025-12-15,2025-12-17,2.0,PAID,1.81
43,104,2025-12-22,2025-12-27,5.0,LATE,1.81
44,1,2024-01-01,2024-01-04,3.0,PAID,3.33
44,2,2024-01-08,2024-01-08,0.0,PAID,3.33
44,3,2024-01-15,2024-01-19,4.0,LATE,3.33
44,4,2024-01-22,,,MISSED,3.33
44,5,2024-01-29,2024-02-02,4.0,LATE,3.33
44,6,2024-02-05,,,MISSED,3.33
44,7,2024-02-12,2024-02-13,1.0,PAID,3.33
44,8,2024-02-19,2024-02-23,4.0,LATE,3.33
44,9,2024-02-26,2024-02-28,2.0,PAID,3.33
44,10,2024-03-04,2024-03-10,6.0,LATE,3.33
44,11,2024-03-11,2024-03-14,3.0,PAID,3.33
44,12,2024-03-18,2024-03-21,3.0,PAID,3.33
44,13,2024-03-25,2024-03-26,1.0,PAID,3.33
44,14,2024-04-01,2024-04-04,3.0,PAID,3.33
44,15,2024-04-08,2024-04-12,4.0,LATE,3.33
44,16,2024-04-15,2024-04-17,2.0,PAID,3.33
44,17,2024-04-22,2024-04-25,3.0,PAID,3.33
44,18,2024-04-29,,,MISSED,3.33
44,19,2024-05-06,2024-05-09,3.0,PAID,3.33
44,20,2024-05-13,2024-05-16,3.0,PAID,3.33
44,21,2024-05-20,2024-05-25,5.0,LATE,3.33
44,22,2024-05-27,,,MISSED,3.33
44,23,2024-06-03,2024-06-06,3.0,PAID,3.33
44,24,2024-06-10,2024-06-13,3.0,PAID,3.33
44,25,2024-06-17,,,MISSED,3.33
44,26,2024-06-24,2024-06-28,4.0,LATE,3.33
44,27,2024-07-01,,,MISSED,3.33
44,28,2024-07-08,,,MISSED,3.33
44,29,2024-07-15,2024-07-19,4.0,LATE,3.33
44,30,2024-07-22,2024-07-27,5.0,LATE,3.33
44,31,2024-07-29,2024-08-02,4.0,LATE,3.33
44,32,2024-08-05,2024-08-09,4.0,LATE,3.33
44,33,2024-08-12,2024-08-18,6.0,LATE,3.33
44,34,2024-08-19,2024-08-21,2.0,PAID,3.33
44,35,2024-08-26,2024-08-31,5.0,LATE,3.33
44,36,2024-09-02,2024-09-08,6.0,LATE,3.33
44,37,2024-09-09,2024-09-11,2.0,PAID,3.33
44,38,2024-09-16,2024-09-23,7.0,LATE,3.33
44,39,2024-09-23,,,MISSED,3.33
44,40,2024-09-30,2024-10-02,2.0,PAID,3.33
44,41,2024-10-07,2024-10-12,5.0,LATE,3.33
44,42,2024-10-14,2024-10-16,2.0,PAID,3.33
44,43,2024-10-21,,,MISSED,3.33
44,44,2024-10-28,2024-10-31,3.0,PAID,3.33
44,45,2024-11-04,2024-11-07,3.0,PAID,3.33
44,46,2024-11-11,2024-11-15,4.0,LATE,3.33
44,47,2024-11-18,2024-11-21,3.0,PAID,3.33
44,48,2024-11-25,2024-11-26,1.0,PAID,3.33
44,49,2024-12-02,2024-12-08,6.0,LATE,3.33
44,50,2024-12-09,2024-12-11,2.0,PAID,3.33
44,51,2024-12-16,2024-12-18,2.0,PAID,3.33
44,52,2024-12-23,,,MISSED,3.33
44,53,2024-12-30,2025-01-01,2.0,PAID,3.33
44,54,2025-01-06,2025-01-07,1.0,PAID,3.33
44,55,2025-01-13,2025-01-13,0.0,PAID,3.33
44,56,2025-01-20,2025-01-25,5.0,LATE,3.33
44,57,2025-01-27,2025-02-01,5.0,LATE,3.33
44,58,2025-02-03,2025-02-07,4.0,LATE,3.33
44,59,2025-02-10,,,MISSED,3.33
44,60,2025-02-17,2025-02-18,1.0,PAID,3.33
44,61,2025-02-24,,,MISSED,3.33
44,62,2025-03-03,,,MISSED,3.33
44,63,2025-03-10,2025-03-13,3.0,PAID,3.33
44,64,2025-03-17,2025-03-22,5.0,LATE,3.33
44,65,2025-03-24,2025-03-29,5.0,LATE,3.33
44,66,2025-03-31,2025-04-02,2.0,PAID,3.33
44,67,2025-04-07,,,MISSED,3.33
44,68,2025-04-14,,,MISSED,3.33
44,69,2025-04-21,2025-04-27,6.0,LATE,3.33
44,70,2025-04-28,2025-05-01,3.0,PAID,3.33
44,71,2025-05-05,,,MISSED,3.33
44,72,2025-05-12,2025-05-18,6.0,LATE,3.33
44,73,2025-05-19,,,MISSED,3.33
44,74,2025-05-26,2025-05-29,3.0,PAID,3.33
44,75,2025-06-02,2025-06-05,3.0,PAID,3.33
44,76,2025-06-09,2025-06-12,3.0,PAID,3.33
44,77,2025-06-16,2025-06-18,2.0,PAID,3.33
44,78,2025-06-23,,,MISSED,3.33
44,79,2025-06-30,2025-07-05,5.0,LATE,3.33
44,80,2025-07-07,2025-07-16,9.0,LATE,3.33
44,81,2025-07-14,2025-07-17,3.0,PAID,3.33
44,82,2025-07-21,2025-07-22,1.0,PAID,3.33
44,83,2025-07-28,2025-08-04,7.0,LATE,3.33
44,84,2025-08-04,2025-08-05,1.0,PAID,3.33
44,85,2025-08-11,,,MISSED,3.33
44,86,2025-08-18,2025-08-23,5.0,LATE,3.33
44,87,2025-08-25,2025-08-31,6.0,LATE,3.33
44,88,2025-09-01,2025-09-01,0.0,PAID,3.33
44,89,2025-09-08,2025-09-10,2.0,PAID,3.33
44,90,2025-09-15,,,MISSED,3.33
44,91,2025-09-22,2025-09-24,2.0,PAID,3.33
44,92,2025-09-29,,,MISSED,3.33
44,93,2025-10-06,,,MISSED,3.33
44,94,2025-10-13,2025-10-17,4.0,LATE,3.33
44,95,2025-10-20,,,MISSED,3.33
44,96,2025-10-27,,,MISSED,3.33
44,97,2025-11-03,2025-11-03,0.0,PAID,3.33
44,98,2025-11-10,,,MISSED,3.33
44,99,2025-11-17,2025-11-20,3.0,PAID,3.33
44,100,2025-11-24,2025-11-25,1.0,PAID,3.33
44,101,2025-12-01,,,MISSED,3.33
44,102,2025-12-08,2025-12-11,3.0,PAID,3.33
44,103,2025-12-15,2025-12-18,3.0,PAID,3.33
44,104,2025-12-22,2025-12-23,1.0,PAID,3.33
45,1,2024-01-01,2024-01-04,3.0,PAID,2.59
45,2,2024-01-08,2024-01-09,1.0,PAID,2.59
45,3,2024-01-15,,,MISSED,2.59
45,4,2024-01-22,,,MISSED,2.59
45,5,2024-01-29,,,MISSED,2.59
45,6,2024-02-05,,,MISSED,2.59
45,7,2024-02-12,,,MISSED,2.59
45,8,2024-02-19,2024-02-21,2.0,PAID,2.59
45,9,2024-02-26,2024-02-27,1.0,PAID,2.59
45,10,2024-03-04,2024-03-07,3.0,PAID,2.59
45,11,2024-03-11,,,MISSED,2.59
45,12,2024-03-18,2024-03-20,2.0,PAID,2.59
45,13,2024-03-25,2024-03-25,0.0,PAID,2.59
45,14,2024-04-01,2024-04-04,3.0,PAID,2.59
45,15,2024-04-08,2024-04-11,3.0,PAID,2.59
45,16,2024-04-15,2024-04-19,4.0,LATE,2.59
45,17,2024-04-22,2024-04-23,1.0,PAID,2.59
45,18,2024-04-29,2024-05-06,7.0,LATE,2.59
45,19,2024-05-06,,,MISSED,2.59
45,20,2024-05-13,2024-05-21,8.0,LATE,2.59
45,21,2024-05-20,,,MISSED,2.59
45,22,2024-05-27,2024-05-31,4.0,LATE,2.59
45,23,2024-06-03,2024-06-06,3.0,PAID,2.59
45,24,2024-06-10,2024-06-12,2.0,PAID,2.59
45,25,2024-06-17,2024-06-21,4.0,LATE,2.59
45,26,2024-06-24,2024-06-27,3.0,PAID,2.59
45,27,2024-07-01,2024-07-06,5.0,LATE,2.59
45,28,2024-07-08,2024-07-10,2.0,PAID,2.59
45,29,2024-07-15,,,MISSED,2.59
45,30,2024-07-22,2024-07-23,1.0,PAID,2.59
45,31,2024-07-29,2024-08-01,3.0,PAID,2.59
45,32,2024-08-05,2024-08-07,2.0,PAID,2.59
45,33,2024-08-12,,,MISSED,2.59
45,34,2024-08-19,2024-08-22,3.0,PAID,2.59
45,35,2024-08-26,2024-08-28,2.0,PAID,2.59
45,36,2024-09-02,2024-09-05,3.0,PAID,2.59
45,37,2024-09-09,,,MISSED,2.59
45,38,2024-09-16,,,MISSED,2.59
45,39,2024-09-23,2024-09-24,1.0,PAID,2.59
45,40,2024-09-30,2024-10-05,5.0,LATE,2.59
45,41,2024-10-07,2024-10-08,1.0,PAID,2.59
45,42,2024-10-14,2024-10-20,6.0,LATE,2.59
45,43,2024-10-21,2024-10-22,1.0,PAID,2.59
45,44,2024-10-28,2024-10-30,2.0,PAID,2.59
45,45,2024-11-04,2024-11-04,0.0,PAID,2.59
45,46,2024-11-11,,,MISSED,2.59
45,47,2024-11-18,2024-11-21,3.0,PAID,2.59
45,48,2024-11-25,2024-11-30,5.0,LATE,2.59
45,49,2024-12-02,2024-12-03,1.0,PAID,2.59
45,50,2024-12-09,2024-12-14,5.0,LATE,2.59
45,51,2024-12-16,2024-12-19,3.0,PAID,2.59
45,52,2024-12-23,2024-12-25,2.0,PAID,2.59
45,53,2024-12-30,2025-01-03,4.0,LATE,2.59
45,54,2025-01-06,2025-01-06,0.0,PAID,2.59
45,55,2025-01-13,2025-01-14,1.0,PAID,2.59
45,56,2025-01-20,2025-01-20,0.0,PAID,2.59
45,57,2025-01-27,2025-01-28,1.0,PAID,2.59
45,58,2025-02-03,2025-02-05,2.0,PAID,2.59
45,59,2025-02-10,2025-02-13,3.0,PAID,2.59
45,60,2025-02-17,2025-02-20,3.0,PAID,2.59
45,61,2025-02-24,,,MISSED,2.59
45,62,2025-03-03,2025-03-04,1.0,PAID,2.59
45,63,2025-03-10,2025-03-10,0.0,PAID,2.59
45,64,2025-03-17,2025-03-18,1.0,PAID,2.59
45,65,2025-03-24,2025-03-27,3.0,PAID,2.59
45,66,2025-03-31,,,MISSED,2.59
45,67,2025-04-07,2025-04-10,3.0,PAID,2.59
45,68,2025-04-14,2025-04-16,2.0,PAID,2.59
45,69,2025-04-21,2025-04-21,0.0,PAID,2.59
45,70,2025-04-28,2025-05-03,5.0,LATE,2.59
45,71,2025-05-05,2025-05-06,1.0,PAID,2.59
45,72,2025-05-12,,,MISSED,2.59
45,73,2025-05-19,2025-05-21,2.0,PAID,2.59
45,74,2025-05-26,2025-05-28,2.0,PAID,2.59
45,75,2025-06-02,2025-06-06,4.0,LATE,2.59
45,76,2025-06-09,2025-06-11,2.0,PAID,2.59
45,77,2025-06-16,2025-06-18,2.0,PAID,2.59
45,78,2025-06-23,2025-06-24,1.0,PAID,2.59
45,79,2025-06-30,2025-07-02,2.0,PAID,2.59
45,80,2025-07-07,2025-07-08,1.0,PAID,2.59
45,81,2025-07-14,2025-07-15,1.0,PAID,2.59
45,82,2025-07-21,2025-07-24,3.0,PAID,2.59
45,83,2025-07-28,2025-07-31,3.0,PAID,2.59
45,84,2025-08-04,2025-08-08,4.0,LATE,2.59
45,85,2025-08-11,2025-08-12,1.0,PAID,2.59
45,86,2025-08-18,2025-08-20,2.0,PAID,2.59
45,87,2025-08-25,,,MISSED,2.59
45,88,2025-09-01,,,MISSED,2.59
45,89,2025-09-08,2025-09-11,3.0,PAID,2.59
45,90,2025-09-15,,,MISSED,2.59
45,91,2025-09-22,2025-09-23,1.0,PAID,2.59
45,92,2025-09-29,2025-10-01,2.0,PAID,2.59
45,93,2025-10-06,2025-10-12,6.0,LATE,2.59
45,94,2025-10-13,2025-10-14,1.0,PAID,2.59
45,95,2025-10-20,2025-10-25,5.0,LATE,2.59
45,96,2025-10-27,2025-10-30,3.0,PAID,2.59
45,97,2025-11-03,,,MISSED,2.59
45,98,2025-11-10,2025-11-13,3.0,PAID,2.59
45,99,2025-11-17,2025-11-21,4.0,LATE,2.59
45,100,2025-11-24,2025-11-26,2.0,PAID,2.59
45,101,2025-12-01,,,MISSED,2.59
45,102,2025-12-08,2025-12-11,3.0,PAID,2.59
45,103,2025-12-15,2025-12-18,3.0,PAID,2.59
45,104,2025-12-22,2025-12-24,2.0,PAID,2.59
46,1,2024-01-01,2024-01-05,4.0,LATE,6.96
46,2,2024-01-08,,,MISSED,6.96
46,3,2024-01-15,,,MISSED,6.96
46,4,2024-01-22,,,MISSED,6.96
46,5,2024-01-29,2024-02-05,7.0,LATE,6.96
46,6,2024-02-05,2024-02-11,6.0,LATE,6.96
46,7,2024-02-12,2024-02-21,9.0,LATE,6.96
46,8,2024-02-19,2024-02-23,4.0,LATE,6.96
46,9,2024-02-26,,,MISSED,6.96
46,10,2024-03-04,,,MISSED,6.96
46,11,2024-03-11,,,MISSED,6.96
46,12,2024-03-18,,,MISSED,6.96
46,13,2024-03-25,,,MISSED,6.96
46,14,2024-04-01,,,MISSED,6.96
46,15,2024-04-08,2024-04-14,6.0,LATE,6.96
46,16,2024-04-15,2024-04-19,4.0,LATE,6.96
46,17,2024-04-22,2024-05-06,14.0,LATE,6.96
46,18,2024-04-29,,,MISSED,6.96
46,19,2024-05-06,2024-05-14,8.0,LATE,6.96
46,20,2024-05-13,,,MISSED,6.96
46,21,2024-05-20,,,MISSED,6.96
46,22,2024-05-27,2024-05-31,4.0,LATE,6.96
46,23,2024-06-03,,,MISSED,6.96
46,24,2024-06-10,,,MISSED,6.96
46,25,2024-06-17,,,MISSED,6.96
46,26,2024-06-24,2024-06-29,5.0,LATE,6.96
46,27,2024-07-01,,,MISSED,6.96
46,28,2024-07-08,2024-07-12,4.0,LATE,6.96
46,29,2024-07-15,2024-07-22,7.0,LATE,6.96
46,30,2024-07-22,2024-07-30,8.0,LATE,6.96
46,31,2024-07-29,2024-08-06,8.0,LATE,6.96
46,32,2024-08-05,2024-08-13,8.0,LATE,6.96
46,33,2024-08-12,2024-08-17,5.0,LATE,6.96
46,34,2024-08-19,,,MISSED,6.96
46,35,2024-08-26,,,MISSED,6.96
46,36,2024-09-02,2024-09-16,14.0,LATE,6.96
46,37,2024-09-09,2024-09-25,16.0,LATE,6.96
46,38,2024-09-16,2024-09-21,5.0,LATE,6.96
46,39,2024-09-23,,,MISSED,6.96
46,40,2024-09-30,2024-10-08,8.0,LATE,6.96
46,41,2024-10-07,,,MISSED,6.96
46,42,2024-10-14,2024-10-22,8.0,LATE,6.96
46,43,2024-10-21,,,MISSED,6.96
46,44,2024-10-28,,,MISSED,6.96
46,45,2024-11-04,2024-11-06,2.0,PAID,6.96
46,46,2024-11-11,2024-11-16,5.0,LATE,6.96
46,47,2024-11-18,2024-11-25,7.0,LATE,6.96
46,48,2024-11-25,2024-12-05,10.0,LATE,6.96
46,49,2024-12-02,2024-12-14,12.0,LATE,6.96
46,50,2024-12-09,2024-12-15,6.0,LATE,6.96
46,51,2024-12-16,,,MISSED,6.96
46,52,2024-12-23,2025-01-01,9.0,LATE,6.96
46,53,2024-12-30,2025-01-09,10.0,LATE,6.96
46,54,2025-01-06,2025-01-13,7.0,LATE,6.96
46,55,2025-01-13,2025-01-22,9.0,LATE,6.96
46,56,2025-01-20,2025-01-27,7.0,LATE,6.96
46,57,2025-01-27,2025-02-02,6.0,LATE,6.96
46,58,2025-02-03,2025-02-08,5.0,LATE,6.96
46,59,2025-02-10,2025-02-18,8.0,LATE,6.96
46,60,2025-02-17,,,MISSED,6.96
46,61,2025-02-24,2025-03-05,9.0,LATE,6.96
46,62,2025-03-03,2025-03-07,4.0,LATE,6.96
46,63,2025-03-10,2025-03-19,9.0,LATE,6.96
46,64,2025-03-17,2025-03-23,6.0,LATE,6.96
46,65,2025-03-24,,,MISSED,6.96
46,66,2025-03-31,2025-04-02,2.0,PAID,6.96
46,67,2025-04-07,,,MISSED,6.96
46,68,2025-04-14,2025-04-22,8.0,LATE,6.96
46,69,2025-04-21,2025-04-26,5.0,LATE,6.96
46,70,2025-04-28,2025-05-03,5.0,LATE,6.96
46,71,2025-05-05,2025-05-10,5.0,LATE,6.96
46,72,2025-05-12,2025-05-20,8.0,LATE,6.96
46,73,2025-05-19,2025-05-26,7.0,LATE,6.96
46,74,2025-05-26,2025-06-03,8.0,LATE,6.96
46,75,2025-06-02,,,MISSED,6.96
46,76,2025-06-09,,,MISSED,6.96
46,77,2025-06-16,,,MISSED,6.96
46,78,2025-06-23,2025-06-28,5.0,LATE,6.96
46,79,2025-06-30,2025-07-04,4.0,LATE,6.96
46,80,2025-07-07,,,MISSED,6.96
46,81,2025-07-14,2025-07-22,8.0,LATE,6.96
46,82,2025-07-21,,,MISSED,6.96
46,83,2025-07-28,,,MISSED,6.96
46,84,2025-08-04,2025-08-10,6.0,LATE,6.96
46,85,2025-08-11,2025-08-19,8.0,LATE,6.96
46,86,2025-08-18,2025-08-22,4.0,LATE,6.96
46,87,2025-08-25,,,MISSED,6.96
46,88,2025-09-01,,,MISSED,6.96
46,89,2025-09-08,2025-09-14,6.0,LATE,6.96
46,90,2025-09-15,2025-09-23,8.0,LATE,6.96
46,91,2025-09-22,2025-09-30,8.0,LATE,6.96
46,92,2025-09-29,,,MISSED,6.96
46,93,2025-10-06,2025-10-15,9.0,LATE,6.96
46,94,2025-10-13,2025-10-17,4.0,LATE,6.96
46,95,2025-10-20,,,MISSED,6.96
46,96,2025-10-27,2025-11-02,6.0,LATE,6.96
46,97,2025-11-03,2025-11-09,6.0,LATE,6.96
46,98,2025-11-10,2025-11-15,5.0,LATE,6.96
46,99,2025-11-17,2025-11-23,6.0,LATE,6.96
46,100,2025-11-24,2025-12-05,11.0,LATE,6.96
46,101,2025-12-01,,,MISSED,6.96
46,102,2025-12-08,2025-12-16,8.0,LATE,6.96
46,103,2025-12-15,,,MISSED,6.96
46,104,2025-12-22,,,MISSED,6.96
47,1,2024-01-01,2024-01-07,6.0,LATE,4.97
47,2,2024-01-08,2024-01-13,5.0,LATE,4.97
47,3,2024-01-15,2024-01-19,4.0,LATE,4.97
47,4,2024-01-22,2024-01-31,9.0,LATE,4.97
47,5,2024-01-29,2024-02-03,5.0,LATE,4.97
47,6,2024-02-05,2024-02-10,5.0,LATE,4.97
47,7,2024-02-12,,,MISSED,4.97
47,8,2024-02-19,,,MISSED,4.97
47,9,2024-02-26,2024-02-28,2.0,PAID,4.97
47,10,2024-03-04,2024-03-07,3.0,PAID,4.97
47,11,2024-03-11,2024-03-16,5.0,LATE,4.97
47,12,2024-03-18,2024-03-24,6.0,LATE,4.97
47,13,2024-03-25,,,MISSED,4.97
47,14,2024-04-01,,,MISSED,4.97
47,15,2024-04-08,,,MISSED,4.97
47,16,2024-04-15,2024-04-19,4.0,LATE,4.97
47,17,2024-04-22,2024-04-23,1.0,PAID,4.97
47,18,2024-04-29,2024-05-03,4.0,LATE,4.97
47,19,2024-05-06,2024-05-12,6.0,LATE,4.97
47,20,2024-05-13,,,MISSED,4.97
47,21,2024-05-20,2024-05-26,6.0,LATE,4.97
47,22,2024-05-27,2024-06-03,7.0,LATE,4.97
47,23,2024-06-03,,,MISSED,4.97
47,24,2024-06-10,,,MISSED,4.97
47,25,2024-06-17,2024-06-23,6.0,LATE,4.97
47,26,2024-06-24,2024-06-29,5.0,LATE,4.97
47,27,2024-07-01,,,MISSED,4.97
47,28,2024-07-08,2024-07-14,6.0,LATE,4.97
47,29,2024-07-15,2024-07-23,8.0,LATE,4.97
47,30,2024-07-22,2024-07-26,4.0,LATE,4.97
47,31,2024-07-29,,,MISSED,4.97
47,32,2024-08-05,2024-08-14,9.0,LATE,4.97
47,33,2024-08-12,,,MISSED,4.97
47,34,2024-08-19,2024-08-22,3.0,PAID,4.97
47,35,2024-08-26,2024-08-31,5.0,LATE,4.97
47,36,2024-09-02,2024-09-05,3.0,PAID,4.97
47,37,2024-09-09,,,MISSED,4.97
47,38,2024-09-16,2024-09-22,6.0,LATE,4.97
47,39,2024-09-23,2024-09-27,4.0,LATE,4.97
47,40,2024-09-30,,,MISSED,4.97
47,41,2024-10-07,2024-10-09,2.0,PAID,4.97
47,42,2024-10-14,,,MISSED,4.97
47,43,2024-10-21,2024-10-27,6.0,LATE,4.97
47,44,2024-10-28,2024-11-02,5.0,LATE,4.97
47,45,2024-11-04,2024-11-09,5.0,LATE,4.97
47,46,2024-11-11,2024-11-13,2.0,PAID,4.97
47,47,2024-11-18,,,MISSED,4.97
47,48,2024-11-25,2024-11-26,1.0,PAID,4.97
47,49,2024-12-02,2024-12-08,6.0,LATE,4.97
47,50,2024-12-09,2024-12-15,6.0,LATE,4.97
47,51,2024-12-16,2024-12-18,2.0,PAID,4.97
47,52,2024-12-23,,,MISSED,4.97
47,53,2024-12-30,,,MISSED,4.97
47,54,2025-01-06,2025-01-12,6.0,LATE,4.97
47,55,2025-01-13,2025-01-18,5.0,LATE,4.97
47,56,2025-01-20,2025-01-26,6.0,LATE,4.97
47,57,2025-01-27,,,MISSED,4.97
47,58,2025-02-03,2025-02-08,5.0,LATE,4.97
47,59,2025-02-10,,,MISSED,4.97
47,60,2025-02-17,2025-02-22,5.0,LATE,4.97
47,61,2025-02-24,2025-03-03,7.0,LATE,4.97
47,62,2025-03-03,,,MISSED,4.97
47,63,2025-03-10,2025-03-11,1.0,PAID,4.97
47,64,2025-03-17,2025-03-19,2.0,PAID,4.97
47,65,2025-03-24,,,MISSED,4.97
47,66,2025-03-31,,,MISSED,4.97
47,67,2025-04-07,2025-04-14,7.0,LATE,4.97
47,68,2025-04-14,2025-04-21,7.0,LATE,4.97
47,69,2025-04-21,2025-04-27,6.0,LATE,4.97
47,70,2025-04-28,,,MISSED,4.97
47,71,2025-05-05,2025-05-10,5.0,LATE,4.97
47,72,2025-05-12,,,MISSED,4.97
47,73,2025-05-19,2025-05-23,4.0,LATE,4.97
47,74,2025-05-26,2025-05-30,4.0,LATE,4.97
47,75,2025-06-02,2025-06-08,6.0,LATE,4.97
47,76,2025-06-09,,,MISSED,4.97
47,77,2025-06-16,,,MISSED,4.97
47,78,2025-06-23,2025-06-29,6.0,LATE,4.97
47,79,2025-06-30,2025-07-04,4.0,LATE,4.97
47,80,2025-07-07,2025-07-14,7.0,LATE,4.97
47,81,2025-07-14,2025-07-19,5.0,LATE,4.97
47,82,2025-07-21,,,MISSED,4.97
47,83,2025-07-28,2025-08-07,10.0,LATE,4.97
47,84,2025-08-04,2025-08-10,6.0,LATE,4.97
47,85,2025-08-11,2025-08-17,6.0,LATE,4.97
47,86,2025-08-18,2025-08-28,10.0,LATE,4.97
47,87,2025-08-25,2025-08-30,5.0,LATE,4.97
47,88,2025-09-01,2025-09-05,4.0,LATE,4.97
47,89,2025-09-08,2025-09-14,6.0,LATE,4.97
47,90,2025-09-15,2025-09-20,5.0,LATE,4.97
47,91,2025-09-22,,,MISSED,4.97
47,92,2025-09-29,,,MISSED,4.97
47,93,2025-10-06,2025-10-07,1.0,PAID,4.97
47,94,2025-10-13,,,MISSED,4.97
47,95,2025-10-20,2025-10-23,3.0,PAID,4.97
47,96,2025-10-27,2025-10-31,4.0,LATE,4.97
47,97,2025-11-03,,,MISSED,4.97
47,98,2025-11-10,2025-11-14,4.0,LATE,4.97
47,99,2025-11-17,,,MISSED,4.97
47,100,2025-11-24,2025-11-29,5.0,LATE,4.97
47,101,2025-12-01,2025-12-04,3.0,PAID,4.97
47,102,2025-12-08,,,MISSED,4.97
47,103,2025-12-15,2025-12-22,7.0,LATE,4.97
47,104,2025-12-22,,,MISSED,4.97
48,1,2024-01-01,2024-01-06,5.0,LATE,4.96
48,2,2024-01-08,,,MISSED,4.96
48,3,2024-01-15,2024-01-18,3.0,PAID,4.96
48,4,2024-01-22,,,MISSED,4.96
48,5,2024-01-29,2024-02-04,6.0,LATE,4.96
48,6,2024-02-05,,,MISSED,4.96
48,7,2024-02-12,,,MISSED,4.96
48,8,2024-02-19,2024-02-25,6.0,LATE,4.96
48,9,2024-02-26,2024-03-02,5.0,LATE,4.96
48,10,2024-03-04,2024-03-09,5.0,LATE,4.96
48,11,2024-03-11,2024-03-18,7.0,LATE,4.96
48,12,2024-03-18,2024-03-19,1.0,PAID,4.96
48,13,2024-03-25,,,MISSED,4.96
48,14,2024-04-01,,,MISSED,4.96
48,15,2024-04-08,,,MISSED,4.96
48,16,2024-04-15,2024-04-20,5.0,LATE,4.96
48,17,2024-04-22,2024-04-25,3.0,PAID,4.96
48,18,2024-04-29,,,MISSED,4.96
48,19,2024-05-06,2024-05-13,7.0,LATE,4.96
48,20,2024-05-13,2024-05-19,6.0,LATE,4.96
48,21,2024-05-20,2024-05-20,0.0,PAID,4.96
48,22,2024-05-27,2024-06-01,5.0,LATE,4.96
48,23,2024-06-03,2024-06-14,11.0,LATE,4.96
48,24,2024-06-10,2024-06-14,4.0,LATE,4.96
48,25,2024-06-17,,,MISSED,4.96
48,26,2024-06-24,2024-06-26,2.0,PAID,4.96
48,27,2024-07-01,2024-07-04,3.0,PAID,4.96
48,28,2024-07-08,,,MISSED,4.96
48,29,2024-07-15,2024-07-21,6.0,LATE,4.96
48,30,2024-07-22,2024-07-25,3.0,PAID,4.96
48,31,2024-07-29,2024-08-06,8.0,LATE,4.96
48,32,2024-08-05,,,MISSED,4.96
48,33,2024-08-12,,,MISSED,4.96
48,34,2024-08-19,,,MISSED,4.96
48,35,2024-08-26,2024-08-29,3.0,PAID,4.96
48,36,2024-09-02,2024-09-07,5.0,LATE,4.96
48,37,2024-09-09,2024-09-14,5.0,LATE,4.96
48,38,2024-09-16,2024-09-23,7.0,LATE,4.96
48,39,2024-09-23,,,MISSED,4.96
48,40,2024-09-30,2024-10-02,2.0,PAID,4.96
48,41,2024-10-07,2024-10-15,8.0,LATE,4.96
48,42,2024-10-14,2024-10-18,4.0,LATE,4.96
48,43,2024-10-21,2024-10-28,7.0,LATE,4.96
48,44,2024-10-28,2024-11-01,4.0,LATE,4.96
48,45,2024-11-04,2024-11-09,5.0,LATE,4.96
48,46,2024-11-11,,,MISSED,4.96
48,47,2024-11-18,,,MISSED,4.96
48,48,2024-11-25,2024-12-03,8.0,LATE,4.96
48,49,2024-12-02,2024-12-06,4.0,LATE,4.96
48,50,2024-12-09,2024-12-14,5.0,LATE,4.96
48,51,2024-12-16,2024-12-21,5.0,LATE,4.96
48,52,2024-12-23,2024-12-31,8.0,LATE,4.96
48,53,2024-12-30,2025-01-05,6.0,LATE,4.96
48,54,2025-01-06,2025-01-12,6.0,LATE,4.96
48,55,2025-01-13,2025-01-17,4.0,LATE,4.96
48,56,2025-01-20,,,MISSED,4.96
48,57,2025-01-27,2025-02-01,5.0,LATE,4.96
48,58,2025-02-03,2025-02-07,4.0,LATE,4.96
48,59,2025-02-10,,,MISSED,4.96
48,60,2025-02-17,2025-02-20,3.0,PAID,4.96
48,61,2025-02-24,2025-03-02,6.0,LATE,4.96
48,62,2025-03-03,2025-03-08,5.0,LATE,4.96
48,63,2025-03-10,2025-03-16,6.0,LATE,4.96
48,64,2025-03-17,,,MISSED,4.96
48,65,2025-03-24,2025-03-30,6.0,LATE,4.96
48,66,2025-03-31,2025-04-08,8.0,LATE,4.96
48,67,2025-04-07,2025-04-15,8.0,LATE,4.96
48,68,2025-04-14,,,MISSED,4.96
48,69,2025-04-21,2025-04-27,6.0,LATE,4.96
48,70,2025-04-28,2025-05-05,7.0,LATE,4.96
48,71,2025-05-05,2025-05-11,6.0,LATE,4.96
48,72,2025-05-12,2025-05-19,7.0,LATE,4.96
48,73,2025-05-19,2025-05-21,2.0,PAID,4.96
48,74,2025-05-26,,,MISSED,4.96
48,75,2025-06-02,2025-06-03,1.0,PAID,4.96
48,76,2025-06-09,,,MISSED,4.96
48,77,2025-06-16,,,MISSED,4.96
48,78,2025-06-23,,,MISSED,4.96
48,79,2025-06-30,2025-07-03,3.0,PAID,4.96
48,80,2025-07-07,2025-07-15,8.0,LATE,4.96
48,81,2025-07-14,,,MISSED,4.96
48,82,2025-07-21,2025-07-27,6.0,LATE,4.96
48,83,2025-07-28,2025-08-01,4.0,LATE,4.96
48,84,2025-08-04,,,MISSED,4.96
48,85,2025-08-11,2025-08-15,4.0,LATE,4.96
48,86,2025-08-18,2025-08-23,5.0,LATE,4.96
48,87,2025-08-25,,,MISSED,4.96
48,88,2025-09-01,2025-09-10,9.0,LATE,4.96
48,89,2025-09-08,2025-09-11,3.0,PAID,4.96
48,90,2025-09-15,,,MISSED,4.96
48,91,2025-09-22,,,MISSED,4.96
48,92,2025-09-29,2025-10-03,4.0,LATE,4.96
48,93,2025-10-06,2025-10-17,11.0,LATE,4.96
48,94,2025-10-13,2025-10-14,1.0,PAID,4.96
48,95,2025-10-20,2025-10-24,4.0,LATE,4.96
48,96,2025-10-27,2025-11-04,8.0,LATE,4.96
48,97,2025-11-03,,,MISSED,4.96
48,98,2025-11-10,2025-11-16,6.0,LATE,4.96
48,99,2025-11-17,2025-11-21,4.0,LATE,4.96
48,100,2025-11-24,2025-11-29,5.0,LATE,4.96
48,101,2025-12-01,2025-12-02,1.0,PAID,4.96
48,102,2025-12-08,2025-12-10,2.0,PAID,4.96
48,103,2025-12-15,2025-12-19,4.0,LATE,4.96
48,104,2025-12-22,2025-12-26,4.0,LATE,4.96
49,1,2024-01-01,2024-01-04,3.0,PAID,6.19
49,2,2024-01-08,2024-01-16,8.0,LATE,6.19
49,3,2024-01-15,2024-01-19,4.0,LATE,6.19
49,4,2024-01-22,,,MISSED,6.19
49,5,2024-01-29,2024-02-04,6.0,LATE,6.19
49,6,2024-02-05,2024-02-09,4.0,LATE,6.19
49,7,2024-02-12,2024-02-23,11.0,LATE,6.19
49,8,2024-02-19,2024-02-23,4.0,LATE,6.19
49,9,2024-02-26,,,MISSED,6.19
49,10,2024-03-04,,,MISSED,6.19
49,11,2024-03-11,,,MISSED,6.19
49,12,2024-03-18,,,MISSED,6.19
49,13,2024-03-25,2024-04-02,8.0,LATE,6.19
49,14,2024-04-01,2024-04-10,9.0,LATE,6.19
49,15,2024-04-08,2024-04-15,7.0,LATE,6.19
49,16,2024-04-15,,,MISSED,6.19
49,17,2024-04-22,2024-04-28,6.0,LATE,6.19
49,18,2024-04-29,,,MISSED,6.19
49,19,2024-05-06,,,MISSED,6.19
49,20,2024-05-13,2024-05-23,10.0,LATE,6.19
49,21,2024-05-20,2024-05-25,5.0,LATE,6.19
49,22,2024-05-27,2024-06-07,11.0,LATE,6.19
49,23,2024-06-03,2024-06-11,8.0,LATE,6.19
49,24,2024-06-10,2024-06-17,7.0,LATE,6.19
49,25,2024-06-17,2024-06-24,7.0,LATE,6.19
49,26,2024-06-24,,,MISSED,6.19
49,27,2024-07-01,,,MISSED,6.19
49,28,2024-07-08,2024-07-11,3.0,PAID,6.19
49,29,2024-07-15,2024-07-25,10.0,LATE,6.19
49,30,2024-07-22,,,MISSED,6.19
49,31,2024-07-29,,,MISSED,6.19
49,32,2024-08-05,2024-08-14,9.0,LATE,6.19
49,33,2024-08-12,,,MISSED,6.19
49,34,2024-08-19,2024-08-23,4.0,LATE,6.19
49,35,2024-08-26,2024-09-01,6.0,LATE,6.19
49,36,2024-09-02,2024-09-15,13.0,LATE,6.19
49,37,2024-09-09,2024-09-13,4.0,LATE,6.19
49,38,2024-09-16,2024-09-18,2.0,PAID,6.19
49,39,2024-09-23,,,MISSED,6.19
49,40,2024-09-30,2024-10-06,6.0,LATE,6.19
49,41,2024-10-07,2024-10-13,6.0,LATE,6.19
49,42,2024-10-14,2024-10-22,8.0,LATE,6.19
49,43,2024-10-21,2024-10-25,4.0,LATE,6.19
49,44,2024-10-28,2024-11-01,4.0,LATE,6.19
49,45,2024-11-04,2024-11-12,8.0,LATE,6.19
49,46,2024-11-11,2024-11-12,1.0,PAID,6.19
49,47,2024-11-18,,,MISSED,6.19
49,48,2024-11-25,2024-12-02,7.0,LATE,6.19
49,49,2024-12-02,2024-12-07,5.0,LATE,6.19
49,50,2024-12-09,2024-12-13,4.0,LATE,6.19
49,51,2024-12-16,,,MISSED,6.19
49,52,2024-12-23,,,MISSED,6.19
49,53,2024-12-30,2025-01-04,5.0,LATE,6.19
49,54,2025-01-06,,,MISSED,6.19
49,55,2025-01-13,2025-01-22,9.0,LATE,6.19
49,56,2025-01-20,2025-01-23,3.0,PAID,6.19
49,57,2025-01-27,,,MISSED,6.19
49,58,2025-02-03,2025-02-09,6.0,LATE,6.19
49,59,2025-02-10,2025-02-16,6.0,LATE,6.19
49,60,2025-02-17,2025-03-01,12.0,LATE,6.19
49,61,2025-02-24,2025-03-02,6.0,LATE,6.19
49,62,2025-03-03,2025-03-08,5.0,LATE,6.19
49,63,2025-03-10,2025-03-13,3.0,PAID,6.19
49,64,2025-03-17,2025-03-22,5.0,LATE,6.19
49,65,2025-03-24,2025-03-29,5.0,LATE,6.19
49,66,2025-03-31,,,MISSED,6.19
49,67,2025-04-07,2025-04-12,5.0,LATE,6.19
49,68,2025-04-14,2025-04-19,5.0,LATE,6.19
49,69,2025-04-21,2025-04-27,6.0,LATE,6.19
49,70,2025-04-28,,,MISSED,6.19
49,71,2025-05-05,2025-05-09,4.0,LATE,6.19
49,72,2025-05-12,2025-05-20,8.0,LATE,6.19
49,73,2025-05-19,2025-05-25,6.0,LATE,6.19
49,74,2025-05-26,,,MISSED,6.19
49,75,2025-06-02,,,MISSED,6.19
49,76,2025-06-09,2025-06-11,2.0,PAID,6.19
49,77,2025-06-16,,,MISSED,6.19
49,78,2025-06-23,2025-06-29,6.0,LATE,6.19
49,79,2025-06-30,2025-07-08,8.0,LATE,6.19
49,80,2025-07-07,2025-07-20,13.0,LATE,6.19
49,81,2025-07-14,2025-07-23,9.0,LATE,6.19
49,82,2025-07-21,2025-07-29,8.0,LATE,6.19
49,83,2025-07-28,2025-07-31,3.0,PAID,6.19
49,84,2025-08-04,2025-08-11,7.0,LATE,6.19
49,85,2025-08-11,2025-08-19,8.0,LATE,6.19
49,86,2025-08-18,2025-08-20,2.0,PAID,6.19
49,87,2025-08-25,2025-08-29,4.0,LATE,6.19
49,88,2025-09-01,2025-09-03,2.0,PAID,6.19
49,89,2025-09-08,2025-09-14,6.0,LATE,6.19
49,90,2025-09-15,,,MISSED,6.19
49,91,2025-09-22,2025-10-01,9.0,LATE,6.19
49,92,2025-09-29,2025-10-03,4.0,LATE,6.19
49,93,2025-10-06,2025-10-07,1.0,PAID,6.19
49,94,2025-10-13,2025-10-18,5.0,LATE,6.19
49,95,2025-10-20,,,MISSED,6.19
49,96,2025-10-27,2025-11-08,12.0,LATE,6.19
49,97,2025-11-03,2025-11-06,3.0,PAID,6.19
49,98,2025-11-10,2025-11-16,6.0,LATE,6.19
49,99,2025-11-17,2025-11-20,3.0,PAID,6.19
49,100,2025-11-24,2025-11-30,6.0,LATE,6.19
49,101,2025-12-01,2025-12-09,8.0,LATE,6.19
49,102,2025-12-08,,,MISSED,6.19
49,103,2025-12-15,2025-12-22,7.0,LATE,6.19
49,104,2025-12-22,2025-12-28,6.0,LATE,6.19
50,1,2024-01-01,2024-01-08,7.0,LATE,5.01
50,2,2024-01-08,,,MISSED,5.01
50,3,2024-01-15,2024-01-19,4.0,LATE,5.01
50,4,2024-01-22,2024-01-24,2.0,PAID,5.01
50,5,2024-01-29,2024-02-02,4.0,LATE,5.01
50,6,2024-02-05,2024-02-11,6.0,LATE,5.01
50,7,2024-02-12,2024-02-19,7.0,LATE,5.01
50,8,2024-02-19,2024-03-02,12.0,LATE,5.01
50,9,2024-02-26,2024-02-29,3.0,PAID,5.01
50,10,2024-03-04,2024-03-12,8.0,LATE,5.01
50,11,2024-03-11,,,MISSED,5.01
50,12,2024-03-18,2024-03-24,6.0,LATE,5.01
50,13,2024-03-25,2024-03-30,5.0,LATE,5.01
50,14,2024-04-01,2024-04-08,7.0,LATE,5.01
50,15,2024-04-08,2024-04-13,5.0,LATE,5.01
50,16,2024-04-15,,,MISSED,5.01
50,17,2024-04-22,2024-04-25,3.0,PAID,5.01
50,18,2024-04-29,2024-05-03,4.0,LATE,5.01
50,19,2024-05-06,2024-05-10,4.0,LATE,5.01
50,20,2024-05-13,,,MISSED,5.01
50,21,2024-05-20,2024-05-28,8.0,LATE,5.01
50,22,2024-05-27,2024-06-02,6.0,LATE,5.01
50,23,2024-06-03,2024-06-06,3.0,PAID,5.01
50,24,2024-06-10,,,MISSED,5.01
50,25,2024-06-17,2024-06-20,3.0,PAID,5.01
50,26,2024-06-24,,,MISSED,5.01
50,27,2024-07-01,2024-07-09,8.0,LATE,5.01
50,28,2024-07-08,2024-07-14,6.0,LATE,5.01
50,29,2024-07-15,2024-07-19,4.0,LATE,5.01
50,30,2024-07-22,,,MISSED,5.01
50,31,2024-07-29,,,MISSED,5.01
50,32,2024-08-05,2024-08-14,9.0,LATE,5.01
50,33,2024-08-12,2024-08-17,5.0,LATE,5.01
50,34,2024-08-19,2024-08-23,4.0,LATE,5.01
50,35,2024-08-26,2024-08-30,4.0,LATE,5.01
50,36,2024-09-02,2024-09-11,9.0,LATE,5.01
50,37,2024-09-09,,,MISSED,5.01
50,38,2024-09-16,2024-09-21,5.0,LATE,5.01
50,39,2024-09-23,2024-09-27,4.0,LATE,5.01
50,40,2024-09-30,2024-10-04,4.0,LATE,5.01
50,41,2024-10-07,,,MISSED,5.01
50,42,2024-10-14,2024-10-18,4.0,LATE,5.01
50,43,2024-10-21,,,MISSED,5.01
50,44,2024-10-28,,,MISSED,5.01
50,45,2024-11-04,,,MISSED,5.01
50,46,2024-11-11,,,MISSED,5.01
50,47,2024-11-18,2024-11-23,5.0,LATE,5.01
50,48,2024-11-25,,,MISSED,5.01
50,49,2024-12-02,2024-12-05,3.0,PAID,5.01
50,50,2024-12-09,2024-12-14,5.0,LATE,5.01
50,51,2024-12-16,2024-12-19,3.0,PAID,5.01
50,52,2024-12-23,2024-12-28,5.0,LATE,5.01
50,53,2024-12-30,2025-01-06,7.0,LATE,5.01
50,54,2025-01-06,,,MISSED,5.01
50,55,2025-01-13,2025-01-17,4.0,LATE,5.01
50,56,2025-01-20,2025-01-25,5.0,LATE,5.01
50,57,2025-01-27,2025-01-31,4.0,LATE,5.01
50,58,2025-02-03,2025-02-04,1.0,PAID,5.01
50,59,2025-02-10,,,MISSED,5.01
50,60,2025-02-17,2025-02-22,5.0,LATE,5.01
50,61,2025-02-24,2025-03-05,9.0,LATE,5.01
50,62,2025-03-03,2025-03-06,3.0,PAID,5.01
50,63,2025-03-10,,,MISSED,5.01
50,64,2025-03-17,2025-03-24,7.0,LATE,5.01
50,65,2025-03-24,2025-03-27,3.0,PAID,5.01
50,66,2025-03-31,2025-04-03,3.0,PAID,5.01
50,67,2025-04-07,2025-04-10,3.0,PAID,5.01
50,68,2025-04-14,2025-04-16,2.0,PAID,5.01
50,69,2025-04-21,2025-04-25,4.0,LATE,5.01
50,70,2025-04-28,,,MISSED,5.01
50,71,2025-05-05,,,MISSED,5.01
50,72,2025-05-12,2025-05-19,7.0,LATE,5.01
50,73,2025-05-19,2025-05-25,6.0,LATE,5.01
50,74,2025-05-26,,,MISSED,5.01
50,75,2025-06-02,2025-06-07,5.0,LATE,5.01
50,76,2025-06-09,2025-06-11,2.0,PAID,5.01
50,77,2025-06-16,2025-06-20,4.0,LATE,5.01
50,78,2025-06-23,2025-06-25,2.0,PAID,5.01
50,79,2025-06-30,2025-07-02,2.0,PAID,5.01
50,80,2025-07-07,2025-07-09,2.0,PAID,5.01
50,81,2025-07-14,2025-07-18,4.0,LATE,5.01
50,82,2025-07-21,2025-07-27,6.0,LATE,5.01
50,83,2025-07-28,2025-08-03,6.0,LATE,5.01
50,84,2025-08-04,2025-08-07,3.0,PAID,5.01
50,85,2025-08-11,,,MISSED,5.01
50,86,2025-08-18,2025-08-22,4.0,LATE,5.01
50,87,2025-08-25,2025-08-30,5.0,LATE,5.01
50,88,2025-09-01,,,MISSED,5.01
50,89,2025-09-08,2025-09-13,5.0,LATE,5.01
50,90,2025-09-15,2025-09-19,4.0,LATE,5.01
50,91,2025-09-22,2025-09-25,3.0,PAID,5.01
50,92,2025-09-29,,,MISSED,5.01
50,93,2025-10-06,,,MISSED,5.01
50,94,2025-10-13,2025-10-21,8.0,LATE,5.01
50,95,2025-10-20,2025-10-24,4.0,LATE,5.01
50,96,2025-10-27,,,MISSED,5.01
50,97,2025-11-03,,,MISSED,5.01
50,98,2025-11-10,,,MISSED,5.01
50,99,2025-11-17,2025-11-21,4.0,LATE,5.01
50,100,2025-11-24,2025-12-01,7.0,LATE,5.01
50,101,2025-12-01,,,MISSED,5.01
50,102,2025-12-08,2025-12-14,6.0,LATE,5.01
50,103,2025-12-15,2025-12-21,6.0,LATE,5.01
50,104,2025-12-22,2025-12-29,7.0,LATE,5.01
51,1,2024-01-01,2024-01-02,1.0,PAID,2.74
51,2,2024-01-08,2024-01-09,1.0,PAID,2.74
51,3,2024-01-15,2024-01-18,3.0,PAID,2.74
51,4,2024-01-22,2024-01-25,3.0,PAID,2.74
51,5,2024-01-29,2024-01-31,2.0,PAID,2.74
51,6,2024-02-05,2024-02-06,1.0,PAID,2.74
51,7,2024-02-12,2024-02-16,4.0,LATE,2.74
51,8,2024-02-19,2024-02-20,1.0,PAID,2.74
51,9,2024-02-26,2024-03-03,6.0,LATE,2.74
51,10,2024-03-04,2024-03-10,6.0,LATE,2.74
51,11,2024-03-11,,,MISSED,2.74
51,12,2024-03-18,,,MISSED,2.74
51,13,2024-03-25,,,MISSED,2.74
51,14,2024-04-01,2024-04-04,3.0,PAID,2.74
51,15,2024-04-08,2024-04-11,3.0,PAID,2.74
51,16,2024-04-15,,,MISSED,2.74
51,17,2024-04-22,2024-04-27,5.0,LATE,2.74
51,18,2024-04-29,2024-04-30,1.0,PAID,2.74
51,19,2024-05-06,,,MISSED,2.74
51,20,2024-05-13,2024-05-14,1.0,PAID,2.74
51,21,2024-05-20,2024-05-22,2.0,PAID,2.74
51,22,2024-05-27,2024-05-31,4.0,LATE,2.74
51,23,2024-06-03,2024-06-06,3.0,PAID,2.74
51,24,2024-06-10,,,MISSED,2.74
51,25,2024-06-17,,,MISSED,2.74
51,26,2024-06-24,2024-06-27,3.0,PAID,2.74
51,27,2024-07-01,2024-07-05,4.0,LATE,2.74
51,28,2024-07-08,2024-07-10,2.0,PAID,2.74
51,29,2024-07-15,2024-07-17,2.0,PAID,2.74
51,30,2024-07-22,,,MISSED,2.74
51,31,2024-07-29,2024-07-30,1.0,PAID,2.74
51,32,2024-08-05,2024-08-07,2.0,PAID,2.74
51,33,2024-08-12,2024-08-13,1.0,PAID,2.74
51,34,2024-08-19,2024-08-21,2.0,PAID,2.74
51,35,2024-08-26,,,MISSED,2.74
51,36,2024-09-02,,,MISSED,2.74
51,37,2024-09-09,,,MISSED,2.74
51,38,2024-09-16,2024-09-20,4.0,LATE,2.74
51,39,2024-09-23,2024-09-26,3.0,PAID,2.74
51,40,2024-09-30,2024-10-03,3.0,PAID,2.74
51,41,2024-10-07,2024-10-13,6.0,LATE,2.74
51,42,2024-10-14,,,MISSED,2.74
51,43,2024-10-21,2024-10-25,4.0,LATE,2.74
51,44,2024-10-28,2024-11-01,4.0,LATE,2.74
51,45,2024-11-04,2024-11-07,3.0,PAID,2.74
51,46,2024-11-11,2024-11-14,3.0,PAID,2.74
51,47,2024-11-18,2024-11-22,4.0,LATE,2.74
51,48,2024-11-25,,,MISSED,2.74
51,49,2024-12-02,2024-12-04,2.0,PAID,2.74
51,50,2024-12-09,2024-12-10,1.0,PAID,2.74
51,51,2024-12-16,,,MISSED,2.74
51,52,2024-12-23,2024-12-27,4.0,LATE,2.74
51,53,2024-12-30,2025-01-01,2.0,PAID,2.74
51,54,2025-01-06,2025-01-10,4.0,LATE,2.74
51,55,2025-01-13,2025-01-17,4.0,LATE,2.74
51,56,2025-01-20,2025-01-22,2.0,PAID,2.74
51,57,2025-01-27,2025-01-27,0.0,PAID,2.74
51,58,2025-02-03,,,MISSED,2.74
51,59,2025-02-10,,,MISSED,2.74
51,60,2025-02-17,2025-02-19,2.0,PAID,2.74
51,61,2025-02-24,2025-02-28,4.0,LATE,2.74
51,62,2025-03-03,2025-03-04,1.0,PAID,2.74
51,63,2025-03-10,2025-03-11,1.0,PAID,2.74
51,64,2025-03-17,2025-03-22,5.0,LATE,2.74
51,65,2025-03-24,2025-03-28,4.0,LATE,2.74
51,66,2025-03-31,2025-04-02,2.0,PAID,2.74
51,67,2025-04-07,2025-04-07,0.0,PAID,2.74
51,68,2025-04-14,2025-04-20,6.0,LATE,2.74
51,69,2025-04-21,2025-04-26,5.0,LATE,2.74
51,70,2025-04-28,2025-05-01,3.0,PAID,2.74
51,71,2025-05-05,2025-05-07,2.0,PAID,2.74
51,72,2025-05-12,2025-05-14,2.0,PAID,2.74
51,73,2025-05-19,2025-05-20,1.0,PAID,2.74
51,74,2025-05-26,2025-05-30,4.0,LATE,2.74
51,75,2025-06-02,2025-06-03,1.0,PAID,2.74
51,76,2025-06-09,,,MISSED,2.74
51,77,2025-06-16,2025-06-17,1.0,PAID,2.74
51,78,2025-06-23,2025-06-24,1.0,PAID,2.74
51,79,2025-06-30,2025-07-03,3.0,PAID,2.74
51,80,2025-07-07,,,MISSED,2.74
51,81,2025-07-14,,,MISSED,2.74
51,82,2025-07-21,2025-07-24,3.0,PAID,2.74
51,83,2025-07-28,2025-07-29,1.0,PAID,2.74
51,84,2025-08-04,2025-08-07,3.0,PAID,2.74
51,85,2025-08-11,2025-08-11,0.0,PAID,2.74
51,86,2025-08-18,2025-08-23,5.0,LATE,2.74
51,87,2025-08-25,2025-08-29,4.0,LATE,2.74
51,88,2025-09-01,2025-09-03,2.0,PAID,2.74
51,89,2025-09-08,2025-09-10,2.0,PAID,2.74
51,90,2025-09-15,2025-09-19,4.0,LATE,2.74
51,91,2025-09-22,2025-09-25,3.0,PAID,2.74
51,92,2025-09-29,2025-10-01,2.0,PAID,2.74
51,93,2025-10-06,2025-10-08,2.0,PAID,2.74
51,94,2025-10-13,2025-10-13,0.0,PAID,2.74
51,95,2025-10-20,2025-10-23,3.0,PAID,2.74
51,96,2025-10-27,,,MISSED,2.74
51,97,2025-11-03,2025-11-04,1.0,PAID,2.74
51,98,2025-11-10,2025-11-14,4.0,LATE,2.74
51,99,2025-11-17,2025-11-20,3.0,PAID,2.74
51,100,2025-11-24,2025-11-26,2.0,PAID,2.74
51,101,2025-12-01,2025-12-05,4.0,LATE,2.74
51,102,2025-12-08,,,MISSED,2.74
51,103,2025-12-15,,,MISSED,2.74
51,104,2025-12-22,2025-12-24,2.0,PAID,2.74
52,1,2024-01-01,2024-01-09,8.0,LATE,5.85
52,2,2024-01-08,2024-01-12,4.0,LATE,5.85
52,3,2024-01-15,2024-01-18,3.0,PAID,5.85
52,4,2024-01-22,2024-01-30,8.0,LATE,5.85
52,5,2024-01-29,2024-02-05,7.0,LATE,5.85
52,6,2024-02-05,,,MISSED,5.85
52,7,2024-02-12,,,MISSED,5.85
52,8,2024-02-19,2024-02-24,5.0,LATE,5.85
52,9,2024-02-26,,,MISSED,5.85
52,10,2024-03-04,2024-03-09,5.0,LATE,5.85
52,11,2024-03-11,2024-03-13,2.0,PAID,5.85
52,12,2024-03-18,,,MISSED,5.85
52,13,2024-03-25,2024-04-01,7.0,LATE,5.85
52,14,2024-04-01,,,MISSED,5.85
52,15,2024-04-08,,,MISSED,5.85
52,16,2024-04-15,2024-04-19,4.0,LATE,5.85
52,17,2024-04-22,,,MISSED,5.85
52,18,2024-04-29,2024-05-03,4.0,LATE,5.85
52,19,2024-05-06,2024-05-14,8.0,LATE,5.85
52,20,2024-05-13,,,MISSED,5.85
52,21,2024-05-20,2024-05-26,6.0,LATE,5.85
52,22,2024-05-27,,,MISSED,5.85
52,23,2024-06-03,,,MISSED,5.85
52,24,2024-06-10,2024-06-16,6.0,LATE,5.85
52,25,2024-06-17,2024-06-23,6.0,LATE,5.85
52,26,2024-06-24,2024-07-03,9.0,LATE,5.85
52,27,2024-07-01,2024-07-06,5.0,LATE,5.85
52,28,2024-07-08,2024-07-17,9.0,LATE,5.85
52,29,2024-07-15,,,MISSED,5.85
52,30,2024-07-22,2024-07-28,6.0,LATE,5.85
52,31,2024-07-29,2024-08-08,10.0,LATE,5.85
52,32,2024-08-05,,,MISSED,5.85
52,33,2024-08-12,2024-08-15,3.0,PAID,5.85
52,34,2024-08-19,2024-08-24,5.0,LATE,5.85
52,35,2024-08-26,2024-08-30,4.0,LATE,5.85
52,36,2024-09-02,2024-09-11,9.0,LATE,5.85
52,37,2024-09-09,,,MISSED,5.85
52,38,2024-09-16,,,MISSED,5.85
52,39,2024-09-23,,,MISSED,5.85
52,40,2024-09-30,2024-10-01,1.0,PAID,5.85
52,41,2024-10-07,2024-10-11,4.0,LATE,5.85
52,42,2024-10-14,2024-10-19,5.0,LATE,5.85
52,43,2024-10-21,,,MISSED,5.85
52,44,2024-10-28,2024-11-01,4.0,LATE,5.85
52,45,2024-11-04,2024-11-09,5.0,LATE,5.85
52,46,2024-11-11,2024-11-20,9.0,LATE,5.85
52,47,2024-11-18,,,MISSED,5.85
52,48,2024-11-25,,,MISSED,5.85
52,49,2024-12-02,2024-12-09,7.0,LATE,5.85
52,50,2024-12-09,,,MISSED,5.85
52,51,2024-12-16,,,MISSED,5.85
52,52,2024-12-23,2024-12-29,6.0,LATE,5.85
52,53,2024-12-30,,,MISSED,5.85
52,54,2025-01-06,2025-01-11,5.0,LATE,5.85
52,55,2025-01-13,,,MISSED,5.85
52,56,2025-01-20,2025-01-23,3.0,PAID,5.85
52,57,2025-01-27,,,MISSED,5.85
52,58,2025-02-03,,,MISSED,5.85
52,59,2025-02-10,2025-02-13,3.0,PAID,5.85
52,60,2025-02-17,2025-02-20,3.0,PAID,5.85
52,61,2025-02-24,2025-03-04,8.0,LATE,5.85
52,62,2025-03-03,2025-03-12,9.0,LATE,5.85
52,63,2025-03-10,,,MISSED,5.85
52,64,2025-03-17,2025-03-22,5.0,LATE,5.85
52,65,2025-03-24,2025-03-28,4.0,LATE,5.85
52,66,2025-03-31,2025-04-04,4.0,LATE,5.85
52,67,2025-04-07,,,MISSED,5.85
52,68,2025-04-14,2025-04-19,5.0,LATE,5.85
52,69,2025-04-21,2025-04-28,7.0,LATE,5.85
52,70,2025-04-28,2025-05-04,6.0,LATE,5.85
52,71,2025-05-05,2025-05-11,6.0,LATE,5.85
52,72,2025-05-12,2025-05-14,2.0,PAID,5.85
52,73,2025-05-19,,,MISSED,5.85
52,74,2025-05-26,2025-06-01,6.0,LATE,5.85
52,75,2025-06-02,2025-06-07,5.0,LATE,5.85
52,76,2025-06-09,2025-06-15,6.0,LATE,5.85
52,77,2025-06-16,2025-06-22,6.0,LATE,5.85
52,78,2025-06-23,2025-06-26,3.0,PAID,5.85
52,79,2025-06-30,,,MISSED,5.85
52,80,2025-07-07,2025-07-14,7.0,LATE,5.85
52,81,2025-07-14,2025-07-19,5.0,LATE,5.85
52,82,2025-07-21,2025-07-26,5.0,LATE,5.85
52,83,2025-07-28,,,MISSED,5.85
52,84,2025-08-04,,,MISSED,5.85
52,85,2025-08-11,,,MISSED,5.85
52,86,2025-08-18,2025-08-21,3.0,PAID,5.85
52,87,2025-08-25,,,MISSED,5.85
52,88,2025-09-01,2025-09-05,4.0,LATE,5.85
52,89,2025-09-08,2025-09-12,4.0,LATE,5.85
52,90,2025-09-15,,,MISSED,5.85
52,91,2025-09-22,2025-09-30,8.0,LATE,5.85
52,92,2025-09-29,,,MISSED,5.85
52,93,2025-10-06,2025-10-13,7.0,LATE,5.85
52,94,2025-10-13,2025-10-20,7.0,LATE,5.85
52,95,2025-10-20,,,MISSED,5.85
52,96,2025-10-27,2025-11-02,6.0,LATE,5.85
52,97,2025-11-03,2025-11-06,3.0,PAID,5.85
52,98,2025-11-10,2025-11-16,6.0,LATE,5.85
52,99,2025-11-17,2025-11-25,8.0,LATE,5.85
52,100,2025-11-24,2025-12-01,7.0,LATE,5.85
52,101,2025-12-01,2025-12-09,8.0,LATE,5.85
52,102,2025-12-08,2025-12-14,6.0,LATE,5.85
52,103,2025-12-15,2025-12-25,10.0,LATE,5.85
52,104,2025-12-22,,,MISSED,5.85
53,1,2024-01-01,2024-01-05,4.0,LATE,3.43
53,2,2024-01-08,2024-01-09,1.0,PAID,3.43
53,3,2024-01-15,2024-01-17,2.0,PAID,3.43
53,4,2024-01-22,2024-01-23,1.0,PAID,3.43
53,5,2024-01-29,2024-02-02,4.0,LATE,3.43
53,6,2024-02-05,2024-02-09,4.0,LATE,3.43
53,7,2024-02-12,2024-02-13,1.0,PAID,3.43
53,8,2024-02-19,2024-02-26,7.0,LATE,3.43
53,9,2024-02-26,2024-03-02,5.0,LATE,3.43
53,10,2024-03-04,,,MISSED,3.43
53,11,2024-03-11,2024-03-17,6.0,LATE,3.43
53,12,2024-03-18,2024-03-20,2.0,PAID,3.43
53,13,2024-03-25,2024-03-29,4.0,LATE,3.43
53,14,2024-04-01,2024-04-06,5.0,LATE,3.43
53,15,2024-04-08,2024-04-12,4.0,LATE,3.43
53,16,2024-04-15,2024-04-20,5.0,LATE,3.43
53,17,2024-04-22,2024-04-25,3.0,PAID,3.43
53,18,2024-04-29,2024-05-02,3.0,PAID,3.43
53,19,2024-05-06,,,MISSED,3.43
53,20,2024-05-13,2024-05-22,9.0,LATE,3.43
53,21,2024-05-20,2024-05-23,3.0,PAID,3.43
53,22,2024-05-27,,,MISSED,3.43
53,23,2024-06-03,2024-06-07,4.0,LATE,3.43
53,24,2024-06-10,2024-06-12,2.0,PAID,3.43
53,25,2024-06-17,,,MISSED,3.43
53,26,2024-06-24,2024-06-24,0.0,PAID,3.43
53,27,2024-07-01,2024-07-07,6.0,LATE,3.43
53,28,2024-07-08,2024-07-12,4.0,LATE,3.43
53,29,2024-07-15,2024-07-19,4.0,LATE,3.43
53,30,2024-07-22,,,MISSED,3.43
53,31,2024-07-29,2024-07-30,1.0,PAID,3.43
53,32,2024-08-05,2024-08-10,5.0,LATE,3.43
53,33,2024-08-12,,,MISSED,3.43
53,34,2024-08-19,,,MISSED,3.43
53,35,2024-08-26,2024-08-29,3.0,PAID,3.43
53,36,2024-09-02,2024-09-04,2.0,PAID,3.43
53,37,2024-09-09,,,MISSED,3.43
53,38,2024-09-16,2024-09-20,4.0,LATE,3.43
53,39,2024-09-23,2024-09-26,3.0,PAID,3.43
53,40,2024-09-30,,,MISSED,3.43
53,41,2024-10-07,2024-10-10,3.0,PAID,3.43
53,42,2024-10-14,2024-10-20,6.0,LATE,3.43
53,43,2024-10-21,,,MISSED,3.43
53,44,2024-10-28,2024-11-02,5.0,LATE,3.43
53,45,2024-11-04,2024-11-08,4.0,LATE,3.43
53,46,2024-11-11,2024-11-12,1.0,PAID,3.43
53,47,2024-11-18,2024-11-19,1.0,PAID,3.43
53,48,2024-11-25,2024-11-28,3.0,PAID,3.43
53,49,2024-12-02,,,MISSED,3.43
53,50,2024-12-09,,,MISSED,3.43
53,51,2024-12-16,2024-12-18,2.0,PAID,3.43
53,52,2024-12-23,2024-12-24,1.0,PAID,3.43
53,53,2024-12-30,,,MISSED,3.43
53,54,2025-01-06,2025-01-08,2.0,PAID,3.43
53,55,2025-01-13,,,MISSED,3.43
53,56,2025-01-20,,,MISSED,3.43
53,57,2025-01-27,,,MISSED,3.43
53,58,2025-02-03,2025-02-07,4.0,LATE,3.43
53,59,2025-02-10,,,MISSED,3.43
53,60,2025-02-17,2025-02-22,5.0,LATE,3.43
53,61,2025-02-24,2025-02-28,4.0,LATE,3.43
53,62,2025-03-03,2025-03-07,4.0,LATE,3.43
53,63,2025-03-10,2025-03-14,4.0,LATE,3.43
53,64,2025-03-17,2025-03-20,3.0,PAID,3.43
53,65,2025-03-24,,,MISSED,3.43
53,66,2025-03-31,2025-04-05,5.0,LATE,3.43
53,67,2025-04-07,,,MISSED,3.43
53,68,2025-04-14,2025-04-19,5.0,LATE,3.43
53,69,2025-04-21,2025-04-27,6.0,LATE,3.43
53,70,2025-04-28,2025-05-01,3.0,PAID,3.43
53,71,2025-05-05,,,MISSED,3.43
53,72,2025-05-12,2025-05-17,5.0,LATE,3.43
53,73,2025-05-19,2025-05-22,3.0,PAID,3.43
53,74,2025-05-26,2025-05-28,2.0,PAID,3.43
53,75,2025-06-02,2025-06-06,4.0,LATE,3.43
53,76,2025-06-09,2025-06-14,5.0,LATE,3.43
53,77,2025-06-16,,,MISSED,3.43
53,78,2025-06-23,,,MISSED,3.43
53,79,2025-06-30,2025-07-01,1.0,PAID,3.43
53,80,2025-07-07,2025-07-11,4.0,LATE,3.43
53,81,2025-07-14,2025-07-16,2.0,PAID,3.43
53,82,2025-07-21,2025-07-25,4.0,LATE,3.43
53,83,2025-07-28,2025-08-01,4.0,LATE,3.43
53,84,2025-08-04,2025-08-12,8.0,LATE,3.43
53,85,2025-08-11,,,MISSED,3.43
53,86,2025-08-18,,,MISSED,3.43
53,87,2025-08-25,2025-08-27,2.0,PAID,3.43
53,88,2025-09-01,,,MISSED,3.43
53,89,2025-09-08,2025-09-11,3.0,PAID,3.43
53,90,2025-09-15,2025-09-18,3.0,PAID,3.43
53,91,2025-09-22,,,MISSED,3.43
53,92,2025-09-29,2025-10-01,2.0,PAID,3.43
53,93,2025-10-06,2025-10-10,4.0,LATE,3.43
53,94,2025-10-13,2025-10-14,1.0,PAID,3.43
53,95,2025-10-20,,,MISSED,3.43
53,96,2025-10-27,2025-10-27,0.0,PAID,3.43
53,97,2025-11-03,,,MISSED,3.43
53,98,2025-11-10,2025-11-13,3.0,PAID,3.43
53,99,2025-11-17,2025-11-20,3.0,PAID,3.43
53,100,2025-11-24,2025-11-26,2.0,PAID,3.43
53,101,2025-12-01,2025-12-02,1.0,PAID,3.43
53,102,2025-12-08,2025-12-15,7.0,LATE,3.43
53,103,2025-12-15,,,MISSED,3.43
53,104,2025-12-22,2025-12-25,3.0,PAID,3.43
54,1,2024-01-01,2024-01-05,4.0,LATE,5.74
54,2,2024-01-08,2024-01-11,3.0,PAID,5.74
54,3,2024-01-15,,,MISSED,5.74
54,4,2024-01-22,,,MISSED,5.74
54,5,2024-01-29,2024-02-06,8.0,LATE,5.74
54,6,2024-02-05,2024-02-08,3.0,PAID,5.74
54,7,2024-02-12,2024-02-19,7.0,LATE,5.74
54,8,2024-02-19,2024-02-25,6.0,LATE,5.74
54,9,2024-02-26,,,MISSED,5.74
54,10,2024-03-04,2024-03-08,4.0,LATE,5.74
54,11,2024-03-11,2024-03-14,3.0,PAID,5.74
54,12,2024-03-18,2024-03-25,7.0,LATE,5.74
54,13,2024-03-25,2024-04-02,8.0,LATE,5.74
54,14,2024-04-01,,,MISSED,5.74
54,15,2024-04-08,2024-04-13,5.0,LATE,5.74
54,16,2024-04-15,2024-04-21,6.0,LATE,5.74
54,17,2024-04-22,,,MISSED,5.74
54,18,2024-04-29,2024-05-08,9.0,LATE,5.74
54,19,2024-05-06,,,MISSED,5.74
54,20,2024-05-13,2024-05-22,9.0,LATE,5.74
54,21,2024-05-20,,,MISSED,5.74
54,22,2024-05-27,2024-06-02,6.0,LATE,5.74
54,23,2024-06-03,2024-06-11,8.0,LATE,5.74
54,24,2024-06-10,2024-06-18,8.0,LATE,5.74
54,25,2024-06-17,2024-06-21,4.0,LATE,5.74
54,26,2024-06-24,,,MISSED,5.74
54,27,2024-07-01,2024-07-04,3.0,PAID,5.74
54,28,2024-07-08,,,MISSED,5.74
54,29,2024-07-15,2024-07-18,3.0,PAID,5.74
54,30,2024-07-22,,,MISSED,5.74
54,31,2024-07-29,,,MISSED,5.74
54,32,2024-08-05,2024-08-13,8.0,LATE,5.74
54,33,2024-08-12,,,MISSED,5.74
54,34,2024-08-19,,,MISSED,5.74
54,35,2024-08-26,2024-08-28,2.0,PAID,5.74
54,36,2024-09-02,,,MISSED,5.74
54,37,2024-09-09,,,MISSED,5.74
54,38,2024-09-16,2024-09-20,4.0,LATE,5.74
54,39,2024-09-23,,,MISSED,5.74
54,40,2024-09-30,2024-10-05,5.0,LATE,5.74
54,41,2024-10-07,,,MISSED,5.74
54,42,2024-10-14,2024-10-20,6.0,LATE,5.74
54,43,2024-10-21,,,MISSED,5.74
54,44,2024-10-28,,,MISSED,5.74
54,45,2024-11-04,2024-11-11,7.0,LATE,5.74
54,46,2024-11-11,,,MISSED,5.74
54,47,2024-11-18,2024-11-23,5.0,LATE,5.74
54,48,2024-11-25,2024-12-06,11.0,LATE,5.74
54,49,2024-12-02,,,MISSED,5.74
54,50,2024-12-09,,,MISSED,5.74
54,51,2024-12-16,2024-12-24,8.0,LATE,5.74
54,52,2024-12-23,2024-12-27,4.0,LATE,5.74
54,53,2024-12-30,,,MISSED,5.74
54,54,2025-01-06,2025-01-09,3.0,PAID,5.74
54,55,2025-01-13,2025-01-21,8.0,LATE,5.74
54,56,2025-01-20,2025-01-23,3.0,PAID,5.74
54,57,2025-01-27,2025-01-29,2.0,PAID,5.74
54,58,2025-02-03,2025-02-12,9.0,LATE,5.74
54,59,2025-02-10,2025-02-16,6.0,LATE,5.74
54,60,2025-02-17,,,MISSED,5.74
54,61,2025-02-24,,,MISSED,5.74
54,62,2025-03-03,,,MISSED,5.74
54,63,2025-03-10,2025-03-18,8.0,LATE,5.74
54,64,2025-03-17,2025-03-22,5.0,LATE,5.74
54,65,2025-03-24,,,MISSED,5.74
54,66,2025-03-31,2025-04-06,6.0,LATE,5.74
54,67,2025-04-07,2025-04-14,7.0,LATE,5.74
54,68,2025-04-14,,,MISSED,5.74
54,69,2025-04-21,2025-04-28,7.0,LATE,5.74
54,70,2025-04-28,,,MISSED,5.74
54,71,2025-05-05,,,MISSED,5.74
54,72,2025-05-12,2025-05-14,2.0,PAID,5.74
54,73,2025-05-19,2025-05-21,2.0,PAID,5.74
54,74,2025-05-26,2025-05-27,1.0,PAID,5.74
54,75,2025-06-02,,,MISSED,5.74
54,76,2025-06-09,2025-06-17,8.0,LATE,5.74
54,77,2025-06-16,2025-06-19,3.0,PAID,5.74
54,78,2025-06-23,2025-07-01,8.0,LATE,5.74
54,79,2025-06-30,2025-07-02,2.0,PAID,5.74
54,80,2025-07-07,2025-07-13,6.0,LATE,5.74
54,81,2025-07-14,2025-07-23,9.0,LATE,5.74
54,82,2025-07-21,2025-07-27,6.0,LATE,5.74
54,83,2025-07-28,2025-08-02,5.0,LATE,5.74
54,84,2025-08-04,2025-08-12,8.0,LATE,5.74
54,85,2025-08-11,2025-08-16,5.0,LATE,5.74
54,86,2025-08-18,2025-08-24,6.0,LATE,5.74
54,87,2025-08-25,2025-08-29,4.0,LATE,5.74
54,88,2025-09-01,,,MISSED,5.74
54,89,2025-09-08,2025-09-16,8.0,LATE,5.74
54,90,2025-09-15,2025-09-20,5.0,LATE,5.74
54,91,2025-09-22,2025-09-27,5.0,LATE,5.74
54,92,2025-09-29,2025-10-06,7.0,LATE,5.74
54,93,2025-10-06,2025-10-11,5.0,LATE,5.74
54,94,2025-10-13,,,MISSED,5.74
54,95,2025-10-20,2025-10-23,3.0,PAID,5.74
54,96,2025-10-27,2025-10-30,3.0,PAID,5.74
54,97,2025-11-03,2025-11-08,5.0,LATE,5.74
54,98,2025-11-10,2025-11-13,3.0,PAID,5.74
54,99,2025-11-17,2025-11-19,2.0,PAID,5.74
54,100,2025-11-24,2025-11-30,6.0,LATE,5.74
54,101,2025-12-01,2025-12-09,8.0,LATE,5.74
54,102,2025-12-08,2025-12-12,4.0,LATE,5.74
54,103,2025-12-15,2025-12-21,6.0,LATE,5.74
54,104,2025-12-22,2025-12-30,8.0,LATE,5.74
55,1,2024-01-01,2024-01-02,1.0,PAID,5.94
55,2,2024-01-08,2024-01-12,4.0,LATE,5.94
55,3,2024-01-15,,,MISSED,5.94
55,4,2024-01-22,,,MISSED,5.94
55,5,2024-01-29,2024-02-01,3.0,PAID,5.94
55,6,2024-02-05,2024-02-11,6.0,LATE,5.94
55,7,2024-02-12,2024-02-15,3.0,PAID,5.94
55,8,2024-02-19,2024-02-26,7.0,LATE,5.94
55,9,2024-02-26,,,MISSED,5.94
55,10,2024-03-04,,,MISSED,5.94
55,11,2024-03-11,2024-03-14,3.0,PAID,5.94
55,12,2024-03-18,2024-03-22,4.0,LATE,5.94
55,13,2024-03-25,2024-03-29,4.0,LATE,5.94
55,14,2024-04-01,2024-04-07,6.0,LATE,5.94
55,15,2024-04-08,,,MISSED,5.94
55,16,2024-04-15,,,MISSED,5.94
55,17,2024-04-22,2024-04-25,3.0,PAID,5.94
55,18,2024-04-29,2024-05-03,4.0,LATE,5.94
55,19,2024-05-06,2024-05-13,7.0,LATE,5.94
55,20,2024-05-13,2024-05-18,5.0,LATE,5.94
55,21,2024-05-20,2024-05-23,3.0,PAID,5.94
55,22,2024-05-27,2024-05-31,4.0,LATE,5.94
55,23,2024-06-03,2024-06-11,8.0,LATE,5.94
55,24,2024-06-10,2024-06-18,8.0,LATE,5.94
55,25,2024-06-17,2024-06-22,5.0,LATE,5.94
55,26,2024-06-24,2024-06-27,3.0,PAID,5.94
55,27,2024-07-01,,,MISSED,5.94
55,28,2024-07-08,2024-07-12,4.0,LATE,5.94
55,29,2024-07-15,2024-07-19,4.0,LATE,5.94
55,30,2024-07-22,2024-07-24,2.0,PAID,5.94
55,31,2024-07-29,2024-07-31,2.0,PAID,5.94
55,32,2024-08-05,2024-08-10,5.0,LATE,5.94
55,33,2024-08-12,2024-08-24,12.0,LATE,5.94
55,34,2024-08-19,,,MISSED,5.94
55,35,2024-08-26,,,MISSED,5.94
55,36,2024-09-02,,,MISSED,5.94
55,37,2024-09-09,2024-09-17,8.0,LATE,5.94
55,38,2024-09-16,,,MISSED,5.94
55,39,2024-09-23,,,MISSED,5.94
55,40,2024-09-30,,,MISSED,5.94
55,41,2024-10-07,2024-10-12,5.0,LATE,5.94
55,42,2024-10-14,,,MISSED,5.94
55,43,2024-10-21,,,MISSED,5.94
55,44,2024-10-28,2024-11-02,5.0,LATE,5.94
55,45,2024-11-04,2024-11-11,7.0,LATE,5.94
55,46,2024-11-11,,,MISSED,5.94
55,47,2024-11-18,,,MISSED,5.94
55,48,2024-11-25,,,MISSED,5.94
55,49,2024-12-02,2024-12-08,6.0,LATE,5.94
55,50,2024-12-09,2024-12-16,7.0,LATE,5.94
55,51,2024-12-16,2024-12-20,4.0,LATE,5.94
55,52,2024-12-23,2025-01-01,9.0,LATE,5.94
55,53,2024-12-30,2025-01-11,12.0,LATE,5.94
55,54,2025-01-06,,,MISSED,5.94
55,55,2025-01-13,2025-01-22,9.0,LATE,5.94
55,56,2025-01-20,,,MISSED,5.94
55,57,2025-01-27,,,MISSED,5.94
55,58,2025-02-03,,,MISSED,5.94
55,59,2025-02-10,,,MISSED,5.94
55,60,2025-02-17,2025-02-20,3.0,PAID,5.94
55,61,2025-02-24,2025-03-02,6.0,LATE,5.94
55,62,2025-03-03,2025-03-06,3.0,PAID,5.94
55,63,2025-03-10,2025-03-13,3.0,PAID,5.94
55,64,2025-03-17,,,MISSED,5.94
55,65,2025-03-24,2025-03-28,4.0,LATE,5.94
55,66,2025-03-31,2025-04-07,7.0,LATE,5.94
55,67,2025-04-07,2025-04-15,8.0,LATE,5.94
55,68,2025-04-14,2025-04-16,2.0,PAID,5.94
55,69,2025-04-21,2025-04-26,5.0,LATE,5.94
55,70,2025-04-28,,,MISSED,5.94
55,71,2025-05-05,,,MISSED,5.94
55,72,2025-05-12,,,MISSED,5.94
55,73,2025-05-19,2025-05-26,7.0,LATE,5.94
55,74,2025-05-26,2025-05-30,4.0,LATE,5.94
55,75,2025-06-02,2025-06-09,7.0,LATE,5.94
55,76,2025-06-09,,,MISSED,5.94
55,77,2025-06-16,2025-06-23,7.0,LATE,5.94
55,78,2025-06-23,,,MISSED,5.94
55,79,2025-06-30,2025-07-08,8.0,LATE,5.94
55,80,2025-07-07,2025-07-15,8.0,LATE,5.94
55,81,2025-07-14,2025-07-21,7.0,LATE,5.94
55,82,2025-07-21,,,MISSED,5.94
55,83,2025-07-28,2025-08-05,8.0,LATE,5.94
55,84,2025-08-04,2025-08-09,5.0,LATE,5.94
55,85,2025-08-11,2025-08-18,7.0,LATE,5.94
55,86,2025-08-18,2025-08-26,8.0,LATE,5.94
55,87,2025-08-25,2025-08-31,6.0,LATE,5.94
55,88,2025-09-01,2025-09-09,8.0,LATE,5.94
55,89,2025-09-08,2025-09-11,3.0,PAID,5.94
55,90,2025-09-15,2025-09-23,8.0,LATE,5.94
55,91,2025-09-22,2025-09-24,2.0,PAID,5.94
55,92,2025-09-29,2025-10-04,5.0,LATE,5.94
55,93,2025-10-06,2025-10-16,10.0,LATE,5.94
55,94,2025-10-13,2025-10-16,3.0,PAID,5.94
55,95,2025-10-20,2025-10-26,6.0,LATE,5.94
55,96,2025-10-27,2025-11-02,6.0,LATE,5.94
55,97,2025-11-03,,,MISSED,5.94
55,98,2025-11-10,2025-11-24,14.0,LATE,5.94
55,99,2025-11-17,2025-11-24,7.0,LATE,5.94
55,100,2025-11-24,,,MISSED,5.94
55,101,2025-12-01,,,MISSED,5.94
55,102,2025-12-08,2025-12-14,6.0,LATE,5.94
55,103,2025-12-15,2025-12-22,7.0,LATE,5.94
55,104,2025-12-22,,,MISSED,5.94
56,1,2024-01-01,,,MISSED,3.11
56,2,2024-01-08,,,MISSED,3.11
56,3,2024-01-15,2024-01-17,2.0,PAID,3.11
56,4,2024-01-22,2024-01-27,5.0,LATE,3.11
56,5,2024-01-29,2024-02-01,3.0,PAID,3.11
56,6,2024-02-05,2024-02-08,3.0,PAID,3.11
56,7,2024-02-12,2024-02-14,2.0,PAID,3.11
56,8,2024-02-19,2024-02-20,1.0,PAID,3.11
56,9,2024-02-26,2024-03-02,5.0,LATE,3.11
56,10,2024-03-04,2024-03-06,2.0,PAID,3.11
56,11,2024-03-11,2024-03-15,4.0,LATE,3.11
56,12,2024-03-18,2024-03-24,6.0,LATE,3.11
56,13,2024-03-25,,,MISSED,3.11
56,14,2024-04-01,2024-04-05,4.0,LATE,3.11
56,15,2024-04-08,2024-04-10,2.0,PAID,3.11
56,16,2024-04-15,2024-04-16,1.0,PAID,3.11
56,17,2024-04-22,2024-04-28,6.0,LATE,3.11
56,18,2024-04-29,2024-04-29,0.0,PAID,3.11
56,19,2024-05-06,2024-05-07,1.0,PAID,3.11
56,20,2024-05-13,2024-05-20,7.0,LATE,3.11
56,21,2024-05-20,2024-05-26,6.0,LATE,3.11
56,22,2024-05-27,2024-05-30,3.0,PAID,3.11
56,23,2024-06-03,,,MISSED,3.11
56,24,2024-06-10,2024-06-11,1.0,PAID,3.11
56,25,2024-06-17,2024-06-20,3.0,PAID,3.11
56,26,2024-06-24,,,MISSED,3.11
56,27,2024-07-01,2024-07-06,5.0,LATE,3.11
56,28,2024-07-08,2024-07-11,3.0,PAID,3.11
56,29,2024-07-15,2024-07-20,5.0,LATE,3.11
56,30,2024-07-22,2024-07-26,4.0,LATE,3.11
56,31,2024-07-29,2024-08-02,4.0,LATE,3.11
56,32,2024-08-05,,,MISSED,3.11
56,33,2024-08-12,2024-08-19,7.0,LATE,3.11
56,34,2024-08-19,,,MISSED,3.11
56,35,2024-08-26,,,MISSED,3.11
56,36,2024-09-02,2024-09-05,3.0,PAID,3.11
56,37,2024-09-09,2024-09-13,4.0,LATE,3.11
56,38,2024-09-16,,,MISSED,3.11
56,39,2024-09-23,,,MISSED,3.11
56,40,2024-09-30,2024-10-03,3.0,PAID,3.11
56,41,2024-10-07,2024-10-12,5.0,LATE,3.11
56,42,2024-10-14,2024-10-17,3.0,PAID,3.11
56,43,2024-10-21,2024-10-23,2.0,PAID,3.11
56,44,2024-10-28,2024-10-30,2.0,PAID,3.11
56,45,2024-11-04,,,MISSED,3.11
56,46,2024-11-11,2024-11-15,4.0,LATE,3.11
56,47,2024-11-18,2024-11-22,4.0,LATE,3.11
56,48,2024-11-25,2024-11-26,1.0,PAID,3.11
56,49,2024-12-02,2024-12-07,5.0,LATE,3.11
56,50,2024-12-09,2024-12-09,0.0,PAID,3.11
56,51,2024-12-16,,,MISSED,3.11
56,52,2024-12-23,2024-12-24,1.0,PAID,3.11
56,53,2024-12-30,2025-01-01,2.0,PAID,3.11
56,54,2025-01-06,2025-01-06,0.0,PAID,3.11
56,55,2025-01-13,,,MISSED,3.11
56,56,2025-01-20,2025-01-24,4.0,LATE,3.11
56,57,2025-01-27,2025-01-30,3.0,PAID,3.11
56,58,2025-02-03,2025-02-06,3.0,PAID,3.11
56,59,2025-02-10,2025-02-11,1.0,PAID,3.11
56,60,2025-02-17,2025-02-21,4.0,LATE,3.11
56,61,2025-02-24,2025-02-24,0.0,PAID,3.11
56,62,2025-03-03,,,MISSED,3.11
56,63,2025-03-10,,,MISSED,3.11
56,64,2025-03-17,,,MISSED,3.11
56,65,2025-03-24,,,MISSED,3.11
56,66,2025-03-31,2025-04-05,5.0,LATE,3.11
56,67,2025-04-07,2025-04-10,3.0,PAID,3.11
56,68,2025-04-14,2025-04-19,5.0,LATE,3.11
56,69,2025-04-21,2025-04-23,2.0,PAID,3.11
56,70,2025-04-28,2025-05-03,5.0,LATE,3.11
56,71,2025-05-05,,,MISSED,3.11
56,72,2025-05-12,2025-05-15,3.0,PAID,3.11
56,73,2025-05-19,2025-05-24,5.0,LATE,3.11
56,74,2025-05-26,2025-05-29,3.0,PAID,3.11
56,75,2025-06-02,2025-06-05,3.0,PAID,3.11
56,76,2025-06-09,2025-06-10,1.0,PAID,3.11
56,77,2025-06-16,2025-06-19,3.0,PAID,3.11
56,78,2025-06-23,2025-06-25,2.0,PAID,3.11
56,79,2025-06-30,2025-07-03,3.0,PAID,3.11
56,80,2025-07-07,2025-07-07,0.0,PAID,3.11
56,81,2025-07-14,2025-07-17,3.0,PAID,3.11
56,82,2025-07-21,2025-07-22,1.0,PAID,3.11
56,83,2025-07-28,2025-08-02,5.0,LATE,3.11
56,84,2025-08-04,2025-08-07,3.0,PAID,3.11
56,85,2025-08-11,2025-08-14,3.0,PAID,3.11
56,86,2025-08-18,2025-08-20,2.0,PAID,3.11
56,87,2025-08-25,2025-08-26,1.0,PAID,3.11
56,88,2025-09-01,2025-09-03,2.0,PAID,3.11
56,89,2025-09-08,2025-09-11,3.0,PAID,3.11
56,90,2025-09-15,,,MISSED,3.11
56,91,2025-09-22,2025-09-25,3.0,PAID,3.11
56,92,2025-09-29,2025-10-01,2.0,PAID,3.11
56,93,2025-10-06,,,MISSED,3.11
56,94,2025-10-13,,,MISSED,3.11
56,95,2025-10-20,2025-10-24,4.0,LATE,3.11
56,96,2025-10-27,,,MISSED,3.11
56,97,2025-11-03,2025-11-09,6.0,LATE,3.11
56,98,2025-11-10,2025-11-15,5.0,LATE,3.11
56,99,2025-11-17,2025-11-20,3.0,PAID,3.11
56,100,2025-11-24,,,MISSED,3.11
56,101,2025-12-01,,,MISSED,3.11
56,102,2025-12-08,,,MISSED,3.11
56,103,2025-12-15,,,MISSED,3.11
56,104,2025-12-22,2025-12-28,6.0,LATE,3.11
57,1,2024-01-01,,,MISSED,3.89
57,2,2024-01-08,2024-01-14,6.0,LATE,3.89
57,3,2024-01-15,2024-01-17,2.0,PAID,3.89
57,4,2024-01-22,2024-01-28,6.0,LATE,3.89
57,5,2024-01-29,2024-02-02,4.0,LATE,3.89
57,6,2024-02-05,2024-02-07,2.0,PAID,3.89
57,7,2024-02-12,2024-02-14,2.0,PAID,3.89
57,8,2024-02-19,2024-03-03,13.0,LATE,3.89
57,9,2024-02-26,2024-02-28,2.0,PAID,3.89
57,10,2024-03-04,,,MISSED,3.89
57,11,2024-03-11,2024-03-14,3.0,PAID,3.89
57,12,2024-03-18,,,MISSED,3.89
57,13,2024-03-25,,,MISSED,3.89
57,14,2024-04-01,2024-04-03,2.0,PAID,3.89
57,15,2024-04-08,2024-04-11,3.0,PAID,3.89
57,16,2024-04-15,2024-04-17,2.0,PAID,3.89
57,17,2024-04-22,,,MISSED,3.89
57,18,2024-04-29,2024-04-30,1.0,PAID,3.89
57,19,2024-05-06,2024-05-10,4.0,LATE,3.89
57,20,2024-05-13,2024-05-17,4.0,LATE,3.89
57,21,2024-05-20,2024-05-22,2.0,PAID,3.89
57,22,2024-05-27,,,MISSED,3.89
57,23,2024-06-03,2024-06-06,3.0,PAID,3.89
57,24,2024-06-10,2024-06-13,3.0,PAID,3.89
57,25,2024-06-17,2024-06-21,4.0,LATE,3.89
57,26,2024-06-24,2024-06-29,5.0,LATE,3.89
57,27,2024-07-01,2024-07-02,1.0,PAID,3.89
57,28,2024-07-08,2024-07-10,2.0,PAID,3.89
57,29,2024-07-15,2024-07-18,3.0,PAID,3.89
57,30,2024-07-22,,,MISSED,3.89
57,31,2024-07-29,2024-08-02,4.0,LATE,3.89
57,32,2024-08-05,2024-08-11,6.0,LATE,3.89
57,33,2024-08-12,2024-08-14,2.0,PAID,3.89
57,34,2024-08-19,,,MISSED,3.89
57,35,2024-08-26,2024-08-30,4.0,LATE,3.89
57,36,2024-09-02,2024-09-05,3.0,PAID,3.89
57,37,2024-09-09,,,MISSED,3.89
57,38,2024-09-16,2024-09-20,4.0,LATE,3.89
57,39,2024-09-23,2024-09-24,1.0,PAID,3.89
57,40,2024-09-30,2024-10-04,4.0,LATE,3.89
57,41,2024-10-07,,,MISSED,3.89
57,42,2024-10-14,2024-10-17,3.0,PAID,3.89
57,43,2024-10-21,2024-10-23,2.0,PAID,3.89
57,44,2024-10-28,2024-10-31,3.0,PAID,3.89
57,45,2024-11-04,2024-11-14,10.0,LATE,3.89
57,46,2024-11-11,2024-11-23,12.0,LATE,3.89
57,47,2024-11-18,,,MISSED,3.89
57,48,2024-11-25,2024-12-01,6.0,LATE,3.89
57,49,2024-12-02,2024-12-04,2.0,PAID,3.89
57,50,2024-12-09,2024-12-12,3.0,PAID,3.89
57,51,2024-12-16,,,MISSED,3.89
57,52,2024-12-23,,,MISSED,3.89
57,53,2024-12-30,2024-12-30,0.0,PAID,3.89
57,54,2025-01-06,,,MISSED,3.89
57,55,2025-01-13,2025-01-18,5.0,LATE,3.89
57,56,2025-01-20,2025-01-25,5.0,LATE,3.89
57,57,2025-01-27,2025-01-31,4.0,LATE,3.89
57,58,2025-02-03,,,MISSED,3.89
57,59,2025-02-10,,,MISSED,3.89
57,60,2025-02-17,,,MISSED,3.89
57,61,2025-02-24,2025-02-28,4.0,LATE,3.89
57,62,2025-03-03,2025-03-10,7.0,LATE,3.89
57,63,2025-03-10,2025-03-16,6.0,LATE,3.89
57,64,2025-03-17,2025-03-22,5.0,LATE,3.89
57,65,2025-03-24,,,MISSED,3.89
57,66,2025-03-31,2025-04-03,3.0,PAID,3.89
57,67,2025-04-07,2025-04-08,1.0,PAID,3.89
57,68,2025-04-14,2025-04-18,4.0,LATE,3.89
57,69,2025-04-21,2025-04-21,0.0,PAID,3.89
57,70,2025-04-28,2025-05-03,5.0,LATE,3.89
57,71,2025-05-05,,,MISSED,3.89
57,72,2025-05-12,2025-05-15,3.0,PAID,3.89
57,73,2025-05-19,2025-05-23,4.0,LATE,3.89
57,74,2025-05-26,2025-05-30,4.0,LATE,3.89
57,75,2025-06-02,2025-06-06,4.0,LATE,3.89
57,76,2025-06-09,,,MISSED,3.89
57,77,2025-06-16,2025-06-16,0.0,PAID,3.89
57,78,2025-06-23,,,MISSED,3.89
57,79,2025-06-30,2025-07-06,6.0,LATE,3.89
57,80,2025-07-07,2025-07-10,3.0,PAID,3.89
57,81,2025-07-14,2025-07-19,5.0,LATE,3.89
57,82,2025-07-21,2025-07-27,6.0,LATE,3.89
57,83,2025-07-28,,,MISSED,3.89
57,84,2025-08-04,,,MISSED,3.89
57,85,2025-08-11,,,MISSED,3.89
57,86,2025-08-18,2025-08-20,2.0,PAID,3.89
57,87,2025-08-25,2025-08-27,2.0,PAID,3.89
57,88,2025-09-01,2025-09-06,5.0,LATE,3.89
57,89,2025-09-08,,,MISSED,3.89
57,90,2025-09-15,2025-09-18,3.0,PAID,3.89
57,91,2025-09-22,2025-09-28,6.0,LATE,3.89
57,92,2025-09-29,2025-10-02,3.0,PAID,3.89
57,93,2025-10-06,2025-10-07,1.0,PAID,3.89
57,94,2025-10-13,,,MISSED,3.89
57,95,2025-10-20,2025-10-24,4.0,LATE,3.89
57,96,2025-10-27,,,MISSED,3.89
57,97,2025-11-03,2025-11-05,2.0,PAID,3.89
57,98,2025-11-10,,,MISSED,3.89
57,99,2025-11-17,,,MISSED,3.89
57,100,2025-11-24,,,MISSED,3.89
57,101,2025-12-01,2025-12-06,5.0,LATE,3.89
57,102,2025-12-08,2025-12-12,4.0,LATE,3.89
57,103,2025-12-15,,,MISSED,3.89
57,104,2025-12-22,2025-12-26,4.0,LATE,3.89
58,1,2024-01-01,2024-01-09,8.0,LATE,6.83
58,2,2024-01-08,2024-01-17,9.0,LATE,6.83
58,3,2024-01-15,2024-01-15,0.0,PAID,6.83
58,4,2024-01-22,2024-01-27,5.0,LATE,6.83
58,5,2024-01-29,,,MISSED,6.83
58,6,2024-02-05,2024-02-13,8.0,LATE,6.83
58,7,2024-02-12,,,MISSED,6.83
58,8,2024-02-19,2024-02-23,4.0,LATE,6.83
58,9,2024-02-26,2024-03-06,9.0,LATE,6.83
58,10,2024-03-04,2024-03-11,7.0,LATE,6.83
58,11,2024-03-11,,,MISSED,6.83
58,12,2024-03-18,2024-04-03,16.0,LATE,6.83
58,13,2024-03-25,2024-04-02,8.0,LATE,6.83
58,14,2024-04-01,2024-04-11,10.0,LATE,6.83
58,15,2024-04-08,,,MISSED,6.83
58,16,2024-04-15,,,MISSED,6.83
58,17,2024-04-22,2024-04-29,7.0,LATE,6.83
58,18,2024-04-29,2024-05-07,8.0,LATE,6.83
58,19,2024-05-06,2024-05-16,10.0,LATE,6.83
58,20,2024-05-13,,,MISSED,6.83
58,21,2024-05-20,2024-05-26,6.0,LATE,6.83
58,22,2024-05-27,,,MISSED,6.83
58,23,2024-06-03,,,MISSED,6.83
58,24,2024-06-10,2024-06-20,10.0,LATE,6.83
58,25,2024-06-17,,,MISSED,6.83
58,26,2024-06-24,2024-06-29,5.0,LATE,6.83
58,27,2024-07-01,,,MISSED,6.83
58,28,2024-07-08,2024-07-14,6.0,LATE,6.83
58,29,2024-07-15,2024-07-21,6.0,LATE,6.83
58,30,2024-07-22,,,MISSED,6.83
58,31,2024-07-29,2024-08-04,6.0,LATE,6.83
58,32,2024-08-05,2024-08-11,6.0,LATE,6.83
58,33,2024-08-12,2024-08-20,8.0,LATE,6.83
58,34,2024-08-19,,,MISSED,6.83
58,35,2024-08-26,,,MISSED,6.83
58,36,2024-09-02,2024-09-10,8.0,LATE,6.83
58,37,2024-09-09,2024-09-15,6.0,LATE,6.83
58,38,2024-09-16,2024-09-21,5.0,LATE,6.83
58,39,2024-09-23,2024-09-26,3.0,PAID,6.83
58,40,2024-09-30,2024-10-07,7.0,LATE,6.83
58,41,2024-10-07,2024-10-10,3.0,PAID,6.83
58,42,2024-10-14,2024-10-25,11.0,LATE,6.83
58,43,2024-10-21,2024-10-27,6.0,LATE,6.83
58,44,2024-10-28,,,MISSED,6.83
58,45,2024-11-04,,,MISSED,6.83
58,46,2024-11-11,,,MISSED,6.83
58,47,2024-11-18,2024-11-23,5.0,LATE,6.83
58,48,2024-11-25,2024-11-28,3.0,PAID,6.83
58,49,2024-12-02,,,MISSED,6.83
58,50,2024-12-09,,,MISSED,6.83
58,51,2024-12-16,,,MISSED,6.83
58,52,2024-12-23,2024-12-30,7.0,LATE,6.83
58,53,2024-12-30,,,MISSED,6.83
58,54,2025-01-06,2025-01-16,10.0,LATE,6.83
58,55,2025-01-13,2025-01-20,7.0,LATE,6.83
58,56,2025-01-20,2025-01-28,8.0,LATE,6.83
58,57,2025-01-27,2025-02-05,9.0,LATE,6.83
58,58,2025-02-03,,,MISSED,6.83
58,59,2025-02-10,,,MISSED,6.83
58,60,2025-02-17,2025-02-22,5.0,LATE,6.83
58,61,2025-02-24,2025-03-03,7.0,LATE,6.83
58,62,2025-03-03,2025-03-07,4.0,LATE,6.83
58,63,2025-03-10,2025-03-17,7.0,LATE,6.83
58,64,2025-03-17,2025-03-26,9.0,LATE,6.83
58,65,2025-03-24,,,MISSED,6.83
58,66,2025-03-31,2025-04-04,4.0,LATE,6.83
58,67,2025-04-07,,,MISSED,6.83
58,68,2025-04-14,,,MISSED,6.83
58,69,2025-04-21,2025-05-02,11.0,LATE,6.83
58,70,2025-04-28,2025-05-07,9.0,LATE,6.83
58,71,2025-05-05,,,MISSED,6.83
58,72,2025-05-12,2025-05-19,7.0,LATE,6.83
58,73,2025-05-19,2025-05-28,9.0,LATE,6.83
58,74,2025-05-26,,,MISSED,6.83
58,75,2025-06-02,2025-06-08,6.0,LATE,6.83
58,76,2025-06-09,2025-06-13,4.0,LATE,6.83
58,77,2025-06-16,,,MISSED,6.83
58,78,2025-06-23,2025-07-01,8.0,LATE,6.83
58,79,2025-06-30,,,MISSED,6.83
58,80,2025-07-07,,,MISSED,6.83
58,81,2025-07-14,2025-07-20,6.0,LATE,6.83
58,82,2025-07-21,2025-07-25,4.0,LATE,6.83
58,83,2025-07-28,2025-08-01,4.0,LATE,6.83
58,84,2025-08-04,2025-08-14,10.0,LATE,6.83
58,85,2025-08-11,2025-08-16,5.0,LATE,6.83
58,86,2025-08-18,2025-08-25,7.0,LATE,6.83
58,87,2025-08-25,2025-08-29,4.0,LATE,6.83
58,88,2025-09-01,2025-09-10,9.0,LATE,6.83
58,89,2025-09-08,2025-09-15,7.0,LATE,6.83
58,90,2025-09-15,2025-09-22,7.0,LATE,6.83
58,91,2025-09-22,,,MISSED,6.83
58,92,2025-09-29,2025-10-04,5.0,LATE,6.83
58,93,2025-10-06,,,MISSED,6.83
58,94,2025-10-13,2025-10-18,5.0,LATE,6.83
58,95,2025-10-20,2025-10-20,0.0,PAID,6.83
58,96,2025-10-27,2025-11-06,10.0,LATE,6.83
58,97,2025-11-03,,,MISSED,6.83
58,98,2025-11-10,2025-11-18,8.0,LATE,6.83
58,99,2025-11-17,2025-11-26,9.0,LATE,6.83
58,100,2025-11-24,,,MISSED,6.83
58,101,2025-12-01,,,MISSED,6.83
58,102,2025-12-08,,,MISSED,6.83
58,103,2025-12-15,2025-12-23,8.0,LATE,6.83
58,104,2025-12-22,2025-12-25,3.0,PAID,6.83
59,1,2024-01-01,2024-01-09,8.0,LATE,5.13
59,2,2024-01-08,2024-01-11,3.0,PAID,5.13
59,3,2024-01-15,2024-01-23,8.0,LATE,5.13
59,4,2024-01-22,2024-01-31,9.0,LATE,5.13
59,5,2024-01-29,2024-02-03,5.0,LATE,5.13
59,6,2024-02-05,2024-02-13,8.0,LATE,5.13
59,7,2024-02-12,2024-02-17,5.0,LATE,5.13
59,8,2024-02-19,2024-02-27,8.0,LATE,5.13
59,9,2024-02-26,,,MISSED,5.13
59,10,2024-03-04,2024-03-07,3.0,PAID,5.13
59,11,2024-03-11,2024-03-16,5.0,LATE,5.13
59,12,2024-03-18,2024-03-22,4.0,LATE,5.13
59,13,2024-03-25,,,MISSED,5.13
59,14,2024-04-01,2024-04-05,4.0,LATE,5.13
59,15,2024-04-08,2024-04-09,1.0,PAID,5.13
59,16,2024-04-15,,,MISSED,5.13
59,17,2024-04-22,2024-04-28,6.0,LATE,5.13
59,18,2024-04-29,,,MISSED,5.13
59,19,2024-05-06,2024-05-13,7.0,LATE,5.13
59,20,2024-05-13,,,MISSED,5.13
59,21,2024-05-20,2024-05-25,5.0,LATE,5.13
59,22,2024-05-27,2024-05-29,2.0,PAID,5.13
59,23,2024-06-03,2024-06-06,3.0,PAID,5.13
59,24,2024-06-10,,,MISSED,5.13
59,25,2024-06-17,,,MISSED,5.13
59,26,2024-06-24,,,MISSED,5.13
59,27,2024-07-01,2024-07-04,3.0,PAID,5.13
59,28,2024-07-08,2024-07-15,7.0,LATE,5.13
59,29,2024-07-15,2024-07-22,7.0,LATE,5.13
59,30,2024-07-22,2024-07-30,8.0,LATE,5.13
59,31,2024-07-29,2024-07-30,1.0,PAID,5.13
59,32,2024-08-05,,,MISSED,5.13
59,33,2024-08-12,,,MISSED,5.13
59,34,2024-08-19,,,MISSED,5.13
59,35,2024-08-26,2024-08-28,2.0,PAID,5.13
59,36,2024-09-02,2024-09-07,5.0,LATE,5.13
59,37,2024-09-09,,,MISSED,5.13
59,38,2024-09-16,,,MISSED,5.13
59,39,2024-09-23,2024-09-26,3.0,PAID,5.13
59,40,2024-09-30,,,MISSED,5.13
59,41,2024-10-07,2024-10-16,9.0,LATE,5.13
59,42,2024-10-14,2024-10-19,5.0,LATE,5.13
59,43,2024-10-21,2024-10-25,4.0,LATE,5.13
59,44,2024-10-28,,,MISSED,5.13
59,45,2024-11-04,2024-11-08,4.0,LATE,5.13
59,46,2024-11-11,2024-11-19,8.0,LATE,5.13
59,47,2024-11-18,2024-11-22,4.0,LATE,5.13
59,48,2024-11-25,2024-12-01,6.0,LATE,5.13
59,49,2024-12-02,2024-12-05,3.0,PAID,5.13
59,50,2024-12-09,2024-12-14,5.0,LATE,5.13
59,51,2024-12-16,2024-12-21,5.0,LATE,5.13
59,52,2024-12-23,2024-12-26,3.0,PAID,5.13
59,53,2024-12-30,2025-01-06,7.0,LATE,5.13
59,54,2025-01-06,2025-01-12,6.0,LATE,5.13
59,55,2025-01-13,2025-01-17,4.0,LATE,5.13
59,56,2025-01-20,2025-01-24,4.0,LATE,5.13
59,57,2025-01-27,2025-01-30,3.0,PAID,5.13
59,58,2025-02-03,2025-02-08,5.0,LATE,5.13
59,59,2025-02-10,2025-02-14,4.0,LATE,5.13
59,60,2025-02-17,2025-02-26,9.0,LATE,5.13
59,61,2025-02-24,2025-02-28,4.0,LATE,5.13
59,62,2025-03-03,,,MISSED,5.13
59,63,2025-03-10,,,MISSED,5.13
59,64,2025-03-17,2025-03-19,2.0,PAID,5.13
59,65,2025-03-24,2025-03-27,3.0,PAID,5.13
59,66,2025-03-31,2025-04-05,5.0,LATE,5.13
59,67,2025-04-07,,,MISSED,5.13
59,68,2025-04-14,2025-04-19,5.0,LATE,5.13
59,69,2025-04-21,,,MISSED,5.13
59,70,2025-04-28,2025-04-30,2.0,PAID,5.13
59,71,2025-05-05,,,MISSED,5.13
59,72,2025-05-12,2025-05-18,6.0,LATE,5.13
59,73,2025-05-19,2025-05-20,1.0,PAID,5.13
59,74,2025-05-26,2025-05-30,4.0,LATE,5.13
59,75,2025-06-02,2025-06-10,8.0,LATE,5.13
59,76,2025-06-09,2025-06-17,8.0,LATE,5.13
59,77,2025-06-16,,,MISSED,5.13
59,78,2025-06-23,2025-06-29,6.0,LATE,5.13
59,79,2025-06-30,2025-07-04,4.0,LATE,5.13
59,80,2025-07-07,2025-07-10,3.0,PAID,5.13
59,81,2025-07-14,2025-07-16,2.0,PAID,5.13
59,82,2025-07-21,2025-07-23,2.0,PAID,5.13
59,83,2025-07-28,2025-08-01,4.0,LATE,5.13
59,84,2025-08-04,2025-08-08,4.0,LATE,5.13
59,85,2025-08-11,,,MISSED,5.13
59,86,2025-08-18,2025-08-21,3.0,PAID,5.13
59,87,2025-08-25,2025-09-01,7.0,LATE,5.13
59,88,2025-09-01,2025-09-07,6.0,LATE,5.13
59,89,2025-09-08,2025-09-15,7.0,LATE,5.13
59,90,2025-09-15,,,MISSED,5.13
59,91,2025-09-22,2025-10-01,9.0,LATE,5.13
59,92,2025-09-29,2025-10-06,7.0,LATE,5.13
59,93,2025-10-06,2025-10-09,3.0,PAID,5.13
59,94,2025-10-13,2025-10-18,5.0,LATE,5.13
59,95,2025-10-20,2025-10-25,5.0,LATE,5.13
59,96,2025-10-27,2025-10-31,4.0,LATE,5.13
59,97,2025-11-03,2025-11-06,3.0,PAID,5.13
59,98,2025-11-10,2025-11-19,9.0,LATE,5.13
59,99,2025-11-17,2025-11-20,3.0,PAID,5.13
59,100,2025-11-24,,,MISSED,5.13
59,101,2025-12-01,2025-12-11,10.0,LATE,5.13
59,102,2025-12-08,2025-12-21,13.0,LATE,5.13
59,103,2025-12-15,2025-12-28,13.0,LATE,5.13
59,104,2025-12-22,2025-12-29,7.0,LATE,5.13
60,1,2024-01-01,2024-01-01,0.0,PAID,1.29
60,2,2024-01-08,2024-01-10,2.0,PAID,1.29
60,3,2024-01-15,2024-01-18,3.0,PAID,1.29
60,4,2024-01-22,2024-01-23,1.0,PAID,1.29
60,5,2024-01-29,2024-01-31,2.0,PAID,1.29
60,6,2024-02-05,2024-02-06,1.0,PAID,1.29
60,7,2024-02-12,2024-02-14,2.0,PAID,1.29
60,8,2024-02-19,2024-02-23,4.0,LATE,1.29
60,9,2024-02-26,2024-02-28,2.0,PAID,1.29
60,10,2024-03-04,2024-03-06,2.0,PAID,1.29
60,11,2024-03-11,2024-03-11,0.0,PAID,1.29
60,12,2024-03-18,2024-03-18,0.0,PAID,1.29
60,13,2024-03-25,2024-03-26,1.0,PAID,1.29
60,14,2024-04-01,2024-04-01,0.0,PAID,1.29
60,15,2024-04-08,2024-04-10,2.0,PAID,1.29
60,16,2024-04-15,2024-04-15,0.0,PAID,1.29
60,17,2024-04-22,,,MISSED,1.29
60,18,2024-04-29,2024-05-02,3.0,PAID,1.29
60,19,2024-05-06,2024-05-07,1.0,PAID,1.29
60,20,2024-05-13,2024-05-14,1.0,PAID,1.29
60,21,2024-05-20,2024-05-20,0.0,PAID,1.29
60,22,2024-05-27,2024-05-27,0.0,PAID,1.29
60,23,2024-06-03,,,MISSED,1.29
60,24,2024-06-10,2024-06-12,2.0,PAID,1.29
60,25,2024-06-17,2024-06-19,2.0,PAID,1.29
60,26,2024-06-24,2024-06-26,2.0,PAID,1.29
60,27,2024-07-01,2024-07-01,0.0,PAID,1.29
60,28,2024-07-08,2024-07-09,1.0,PAID,1.29
60,29,2024-07-15,2024-07-16,1.0,PAID,1.29
60,30,2024-07-22,2024-07-22,0.0,PAID,1.29
60,31,2024-07-29,2024-07-29,0.0,PAID,1.29
60,32,2024-08-05,2024-08-05,0.0,PAID,1.29
60,33,2024-08-12,2024-08-12,0.0,PAID,1.29
60,34,2024-08-19,2024-08-20,1.0,PAID,1.29
60,35,2024-08-26,2024-08-26,0.0,PAID,1.29
60,36,2024-09-02,2024-09-02,0.0,PAID,1.29
60,37,2024-09-09,,,MISSED,1.29
60,38,2024-09-16,,,MISSED,1.29
60,39,2024-09-23,,,MISSED,1.29
60,40,2024-09-30,2024-10-01,1.0,PAID,1.29
60,41,2024-10-07,,,MISSED,1.29
60,42,2024-10-14,2024-10-14,0.0,PAID,1.29
60,43,2024-10-21,2024-10-21,0.0,PAID,1.29
60,44,2024-10-28,2024-10-28,0.0,PAID,1.29
60,45,2024-11-04,2024-11-05,1.0,PAID,1.29
60,46,2024-11-11,2024-11-12,1.0,PAID,1.29
60,47,2024-11-18,2024-11-18,0.0,PAID,1.29
60,48,2024-11-25,2024-11-25,0.0,PAID,1.29
60,49,2024-12-02,2024-12-05,3.0,PAID,1.29
60,50,2024-12-09,2024-12-09,0.0,PAID,1.29
60,51,2024-12-16,2024-12-16,0.0,PAID,1.29
60,52,2024-12-23,2024-12-26,3.0,PAID,1.29
60,53,2024-12-30,2024-12-30,0.0,PAID,1.29
60,54,2025-01-06,2025-01-06,0.0,PAID,1.29
60,55,2025-01-13,2025-01-16,3.0,PAID,1.29
60,56,2025-01-20,2025-01-22,2.0,PAID,1.29
60,57,2025-01-27,,,MISSED,1.29
60,58,2025-02-03,2025-02-05,2.0,PAID,1.29
60,59,2025-02-10,2025-02-10,0.0,PAID,1.29
60,60,2025-02-17,2025-02-18,1.0,PAID,1.29
60,61,2025-02-24,2025-02-26,2.0,PAID,1.29
60,62,2025-03-03,2025-03-05,2.0,PAID,1.29
60,63,2025-03-10,2025-03-13,3.0,PAID,1.29
60,64,2025-03-17,2025-03-18,1.0,PAID,1.29
60,65,2025-03-24,2025-03-26,2.0,PAID,1.29
60,66,2025-03-31,2025-04-02,2.0,PAID,1.29
60,67,2025-04-07,,,MISSED,1.29
60,68,2025-04-14,2025-04-16,2.0,PAID,1.29
60,69,2025-04-21,2025-04-23,2.0,PAID,1.29
60,70,2025-04-28,2025-04-30,2.0,PAID,1.29
60,71,2025-05-05,2025-05-06,1.0,PAID,1.29
60,72,2025-05-12,2025-05-15,3.0,PAID,1.29
60,73,2025-05-19,2025-05-19,0.0,PAID,1.29
60,74,2025-05-26,2025-05-26,0.0,PAID,1.29
60,75,2025-06-02,2025-06-02,0.0,PAID,1.29
60,76,2025-06-09,,,MISSED,1.29
60,77,2025-06-16,2025-06-17,1.0,PAID,1.29
60,78,2025-06-23,2025-06-24,1.0,PAID,1.29
60,79,2025-06-30,2025-06-30,0.0,PAID,1.29
60,80,2025-07-07,2025-07-07,0.0,PAID,1.29
60,81,2025-07-14,2025-07-14,0.0,PAID,1.29
60,82,2025-07-21,,,MISSED,1.29
60,83,2025-07-28,2025-07-28,0.0,PAID,1.29
60,84,2025-08-04,2025-08-05,1.0,PAID,1.29
60,85,2025-08-11,2025-08-13,2.0,PAID,1.29
60,86,2025-08-18,2025-08-20,2.0,PAID,1.29
60,87,2025-08-25,2025-08-28,3.0,PAID,1.29
60,88,2025-09-01,2025-09-03,2.0,PAID,1.29
60,89,2025-09-08,2025-09-09,1.0,PAID,1.29
60,90,2025-09-15,2025-09-16,1.0,PAID,1.29
60,91,2025-09-22,2025-09-22,0.0,PAID,1.29
60,92,2025-09-29,2025-09-29,0.0,PAID,1.29
60,93,2025-10-06,2025-10-06,0.0,PAID,1.29
60,94,2025-10-13,,,MISSED,1.29
60,95,2025-10-20,,,MISSED,1.29
60,96,2025-10-27,2025-10-29,2.0,PAID,1.29
60,97,2025-11-03,2025-11-04,1.0,PAID,1.29
60,98,2025-11-10,2025-11-10,0.0,PAID,1.29
60,99,2025-11-17,,,MISSED,1.29
60,100,2025-11-24,2025-11-26,2.0,PAID,1.29
60,101,2025-12-01,,,MISSED,1.29
60,102,2025-12-08,2025-12-08,0.0,PAID,1.29
60,103,2025-12-15,2025-12-17,2.0,PAID,1.29
60,104,2025-12-22,,,MISSED,1.29
61,1,2024-01-01,,,MISSED,6.7
61,2,2024-01-08,2024-01-13,5.0,LATE,6.7
61,3,2024-01-15,,,MISSED,6.7
61,4,2024-01-22,,,MISSED,6.7
61,5,2024-01-29,2024-02-03,5.0,LATE,6.7
61,6,2024-02-05,2024-02-10,5.0,LATE,6.7
61,7,2024-02-12,,,MISSED,6.7
61,8,2024-02-19,,,MISSED,6.7
61,9,2024-02-26,2024-03-04,7.0,LATE,6.7
61,10,2024-03-04,,,MISSED,6.7
61,11,2024-03-11,,,MISSED,6.7
61,12,2024-03-18,2024-03-27,9.0,LATE,6.7
61,13,2024-03-25,2024-04-01,7.0,LATE,6.7
61,14,2024-04-01,,,MISSED,6.7
61,15,2024-04-08,2024-04-19,11.0,LATE,6.7
61,16,2024-04-15,2024-04-17,2.0,PAID,6.7
61,17,2024-04-22,2024-04-26,4.0,LATE,6.7
61,18,2024-04-29,,,MISSED,6.7
61,19,2024-05-06,2024-05-08,2.0,PAID,6.7
61,20,2024-05-13,2024-05-18,5.0,LATE,6.7
61,21,2024-05-20,2024-05-28,8.0,LATE,6.7
61,22,2024-05-27,2024-06-01,5.0,LATE,6.7
61,23,2024-06-03,2024-06-08,5.0,LATE,6.7
61,24,2024-06-10,2024-06-16,6.0,LATE,6.7
61,25,2024-06-17,,,MISSED,6.7
61,26,2024-06-24,2024-07-02,8.0,LATE,6.7
61,27,2024-07-01,2024-07-08,7.0,LATE,6.7
61,28,2024-07-08,,,MISSED,6.7
61,29,2024-07-15,2024-07-23,8.0,LATE,6.7
61,30,2024-07-22,2024-07-27,5.0,LATE,6.7
61,31,2024-07-29,2024-08-01,3.0,PAID,6.7
61,32,2024-08-05,2024-08-11,6.0,LATE,6.7
61,33,2024-08-12,2024-08-16,4.0,LATE,6.7
61,34,2024-08-19,,,MISSED,6.7
61,35,2024-08-26,2024-08-31,5.0,LATE,6.7
61,36,2024-09-02,2024-09-08,6.0,LATE,6.7
61,37,2024-09-09,2024-09-17,8.0,LATE,6.7
61,38,2024-09-16,2024-09-19,3.0,PAID,6.7
61,39,2024-09-23,2024-09-28,5.0,LATE,6.7
61,40,2024-09-30,2024-10-07,7.0,LATE,6.7
61,41,2024-10-07,2024-10-12,5.0,LATE,6.7
61,42,2024-10-14,,,MISSED,6.7
61,43,2024-10-21,,,MISSED,6.7
61,44,2024-10-28,2024-11-05,8.0,LATE,6.7
61,45,2024-11-04,2024-11-08,4.0,LATE,6.7
61,46,2024-11-11,2024-11-16,5.0,LATE,6.7
61,47,2024-11-18,2024-11-28,10.0,LATE,6.7
61,48,2024-11-25,2024-12-05,10.0,LATE,6.7
61,49,2024-12-02,,,MISSED,6.7
61,50,2024-12-09,2024-12-21,12.0,LATE,6.7
61,51,2024-12-16,,,MISSED,6.7
61,52,2024-12-23,2024-12-30,7.0,LATE,6.7
61,53,2024-12-30,2025-01-03,4.0,LATE,6.7
61,54,2025-01-06,,,MISSED,6.7
61,55,2025-01-13,2025-01-17,4.0,LATE,6.7
61,56,2025-01-20,,,MISSED,6.7
61,57,2025-01-27,2025-02-08,12.0,LATE,6.7
61,58,2025-02-03,2025-02-11,8.0,LATE,6.7
61,59,2025-02-10,2025-02-18,8.0,LATE,6.7
61,60,2025-02-17,2025-02-21,4.0,LATE,6.7
61,61,2025-02-24,,,MISSED,6.7
61,62,2025-03-03,,,MISSED,6.7
61,63,2025-03-10,,,MISSED,6.7
61,64,2025-03-17,2025-03-25,8.0,LATE,6.7
61,65,2025-03-24,2025-03-29,5.0,LATE,6.7
61,66,2025-03-31,2025-04-09,9.0,LATE,6.7
61,67,2025-04-07,2025-04-12,5.0,LATE,6.7
61,68,2025-04-14,,,MISSED,6.7
61,69,2025-04-21,,,MISSED,6.7
61,70,2025-04-28,2025-05-04,6.0,LATE,6.7
61,71,2025-05-05,2025-05-13,8.0,LATE,6.7
61,72,2025-05-12,2025-05-16,4.0,LATE,6.7
61,73,2025-05-19,2025-05-30,11.0,LATE,6.7
61,74,2025-05-26,2025-05-28,2.0,PAID,6.7
61,75,2025-06-02,2025-06-12,10.0,LATE,6.7
61,76,2025-06-09,,,MISSED,6.7
61,77,2025-06-16,2025-06-25,9.0,LATE,6.7
61,78,2025-06-23,2025-06-30,7.0,LATE,6.7
61,79,2025-06-30,2025-07-06,6.0,LATE,6.7
61,80,2025-07-07,,,MISSED,6.7
61,81,2025-07-14,2025-07-23,9.0,LATE,6.7
61,82,2025-07-21,2025-07-27,6.0,LATE,6.7
61,83,2025-07-28,2025-08-01,4.0,LATE,6.7
61,84,2025-08-04,,,MISSED,6.7
61,85,2025-08-11,2025-08-21,10.0,LATE,6.7
61,86,2025-08-18,,,MISSED,6.7
61,87,2025-08-25,2025-09-01,7.0,LATE,6.7
61,88,2025-09-01,2025-09-08,7.0,LATE,6.7
61,89,2025-09-08,2025-09-18,10.0,LATE,6.7
61,90,2025-09-15,2025-09-23,8.0,LATE,6.7
61,91,2025-09-22,2025-09-27,5.0,LATE,6.7
61,92,2025-09-29,2025-10-06,7.0,LATE,6.7
61,93,2025-10-06,,,MISSED,6.7
61,94,2025-10-13,2025-10-18,5.0,LATE,6.7
61,95,2025-10-20,,,MISSED,6.7
61,96,2025-10-27,,,MISSED,6.7
61,97,2025-11-03,,,MISSED,6.7
61,98,2025-11-10,2025-11-15,5.0,LATE,6.7
61,99,2025-11-17,2025-11-20,3.0,PAID,6.7
61,100,2025-11-24,2025-12-01,7.0,LATE,6.7
61,101,2025-12-01,2025-12-08,7.0,LATE,6.7
61,102,2025-12-08,2025-12-16,8.0,LATE,6.7
61,103,2025-12-15,,,MISSED,6.7
61,104,2025-12-22,,,MISSED,6.7
62,1,2024-01-01,2024-01-03,2.0,PAID,3.76
62,2,2024-01-08,2024-01-09,1.0,PAID,3.76
62,3,2024-01-15,,,MISSED,3.76
62,4,2024-01-22,2024-01-22,0.0,PAID,3.76
62,5,2024-01-29,,,MISSED,3.76
62,6,2024-02-05,2024-02-11,6.0,LATE,3.76
62,7,2024-02-12,2024-02-22,10.0,LATE,3.76
62,8,2024-02-19,2024-02-24,5.0,LATE,3.76
62,9,2024-02-26,2024-02-29,3.0,PAID,3.76
62,10,2024-03-04,,,MISSED,3.76
62,11,2024-03-11,,,MISSED,3.76
62,12,2024-03-18,2024-03-21,3.0,PAID,3.76
62,13,2024-03-25,2024-04-02,8.0,LATE,3.76
62,14,2024-04-01,2024-04-04,3.0,PAID,3.76
62,15,2024-04-08,,,MISSED,3.76
62,16,2024-04-15,,,MISSED,3.76
62,17,2024-04-22,2024-04-24,2.0,PAID,3.76
62,18,2024-04-29,2024-05-04,5.0,LATE,3.76
62,19,2024-05-06,,,MISSED,3.76
62,20,2024-05-13,,,MISSED,3.76
62,21,2024-05-20,,,MISSED,3.76
62,22,2024-05-27,2024-06-02,6.0,LATE,3.76
62,23,2024-06-03,2024-06-06,3.0,PAID,3.76
62,24,2024-06-10,2024-06-12,2.0,PAID,3.76
62,25,2024-06-17,2024-06-22,5.0,LATE,3.76
62,26,2024-06-24,2024-06-29,5.0,LATE,3.76
62,27,2024-07-01,2024-07-03,2.0,PAID,3.76
62,28,2024-07-08,,,MISSED,3.76
62,29,2024-07-15,2024-07-19,4.0,LATE,3.76
62,30,2024-07-22,2024-07-25,3.0,PAID,3.76
62,31,2024-07-29,2024-08-01,3.0,PAID,3.76
62,32,2024-08-05,2024-08-08,3.0,PAID,3.76
62,33,2024-08-12,2024-08-16,4.0,LATE,3.76
62,34,2024-08-19,2024-08-22,3.0,PAID,3.76
62,35,2024-08-26,2024-08-30,4.0,LATE,3.76
62,36,2024-09-02,2024-09-06,4.0,LATE,3.76
62,37,2024-09-09,2024-09-12,3.0,PAID,3.76
62,38,2024-09-16,,,MISSED,3.76
62,39,2024-09-23,,,MISSED,3.76
62,40,2024-09-30,2024-10-02,2.0,PAID,3.76
62,41,2024-10-07,2024-10-10,3.0,PAID,3.76
62,42,2024-10-14,2024-10-18,4.0,LATE,3.76
62,43,2024-10-21,2024-10-24,3.0,PAID,3.76
62,44,2024-10-28,,,MISSED,3.76
62,45,2024-11-04,2024-11-06,2.0,PAID,3.76
62,46,2024-11-11,2024-11-14,3.0,PAID,3.76
62,47,2024-11-18,,,MISSED,3.76
62,48,2024-11-25,2024-11-26,1.0,PAID,3.76
62,49,2024-12-02,,,MISSED,3.76
62,50,2024-12-09,,,MISSED,3.76
62,51,2024-12-16,2024-12-19,3.0,PAID,3.76
62,52,2024-12-23,2024-12-26,3.0,PAID,3.76
62,53,2024-12-30,,,MISSED,3.76
62,54,2025-01-06,2025-01-12,6.0,LATE,3.76
62,55,2025-01-13,2025-01-14,1.0,PAID,3.76
62,56,2025-01-20,2025-01-24,4.0,LATE,3.76
62,57,2025-01-27,,,MISSED,3.76
62,58,2025-02-03,2025-02-11,8.0,LATE,3.76
62,59,2025-02-10,2025-02-16,6.0,LATE,3.76
62,60,2025-02-17,2025-02-20,3.0,PAID,3.76
62,61,2025-02-24,2025-02-27,3.0,PAID,3.76
62,62,2025-03-03,2025-03-06,3.0,PAID,3.76
62,63,2025-03-10,,,MISSED,3.76
62,64,2025-03-17,2025-03-21,4.0,LATE,3.76
62,65,2025-03-24,2025-03-30,6.0,LATE,3.76
62,66,2025-03-31,2025-04-05,5.0,LATE,3.76
62,67,2025-04-07,,,MISSED,3.76
62,68,2025-04-14,2025-04-16,2.0,PAID,3.76
62,69,2025-04-21,,,MISSED,3.76
62,70,2025-04-28,2025-04-30,2.0,PAID,3.76
62,71,2025-05-05,2025-05-08,3.0,PAID,3.76
62,72,2025-05-12,,,MISSED,3.76
62,73,2025-05-19,,,MISSED,3.76
62,74,2025-05-26,2025-05-26,0.0,PAID,3.76
62,75,2025-06-02,2025-06-04,2.0,PAID,3.76
62,76,2025-06-09,2025-06-10,1.0,PAID,3.76
62,77,2025-06-16,2025-06-21,5.0,LATE,3.76
62,78,2025-06-23,2025-06-26,3.0,PAID,3.76
62,79,2025-06-30,2025-07-04,4.0,LATE,3.76
62,80,2025-07-07,2025-07-11,4.0,LATE,3.76
62,81,2025-07-14,,,MISSED,3.76
62,82,2025-07-21,,,MISSED,3.76
62,83,2025-07-28,2025-07-29,1.0,PAID,3.76
62,84,2025-08-04,2025-08-10,6.0,LATE,3.76
62,85,2025-08-11,2025-08-14,3.0,PAID,3.76
62,86,2025-08-18,,,MISSED,3.76
62,87,2025-08-25,,,MISSED,3.76
62,88,2025-09-01,,,MISSED,3.76
62,89,2025-09-08,,,MISSED,3.76
62,90,2025-09-15,2025-09-19,4.0,LATE,3.76
62,91,2025-09-22,2025-09-25,3.0,PAID,3.76
62,92,2025-09-29,2025-10-03,4.0,LATE,3.76
62,93,2025-10-06,2025-10-11,5.0,LATE,3.76
62,94,2025-10-13,2025-10-13,0.0,PAID,3.76
62,95,2025-10-20,2025-10-22,2.0,PAID,3.76
62,96,2025-10-27,,,MISSED,3.76
62,97,2025-11-03,2025-11-05,2.0,PAID,3.76
62,98,2025-11-10,2025-11-17,7.0,LATE,3.76
62,99,2025-11-17,,,MISSED,3.76
62,100,2025-11-24,2025-11-27,3.0,PAID,3.76
62,101,2025-12-01,2025-12-05,4.0,LATE,3.76
62,102,2025-12-08,2025-12-12,4.0,LATE,3.76
62,103,2025-12-15,,,MISSED,3.76
62,104,2025-12-22,2025-12-31,9.0,LATE,3.76
63,1,2024-01-01,,,MISSED,4.09
63,2,2024-01-08,,,MISSED,4.09
63,3,2024-01-15,2024-01-17,2.0,PAID,4.09
63,4,2024-01-22,2024-01-30,8.0,LATE,4.09
63,5,2024-01-29,,,MISSED,4.09
63,6,2024-02-05,2024-02-11,6.0,LATE,4.09
63,7,2024-02-12,2024-02-14,2.0,PAID,4.09
63,8,2024-02-19,2024-02-19,0.0,PAID,4.09
63,9,2024-02-26,2024-03-01,4.0,LATE,4.09
63,10,2024-03-04,,,MISSED,4.09
63,11,2024-03-11,2024-03-14,3.0,PAID,4.09
63,12,2024-03-18,2024-03-22,4.0,LATE,4.09
63,13,2024-03-25,,,MISSED,4.09
63,14,2024-04-01,2024-04-01,0.0,PAID,4.09
63,15,2024-04-08,2024-04-13,5.0,LATE,4.09
63,16,2024-04-15,2024-04-20,5.0,LATE,4.09
63,17,2024-04-22,2024-04-25,3.0,PAID,4.09
63,18,2024-04-29,,,MISSED,4.09
63,19,2024-05-06,2024-05-10,4.0,LATE,4.09
63,20,2024-05-13,2024-05-15,2.0,PAID,4.09
63,21,2024-05-20,2024-05-21,1.0,PAID,4.09
63,22,2024-05-27,2024-05-29,2.0,PAID,4.09
63,23,2024-06-03,2024-06-06,3.0,PAID,4.09
63,24,2024-06-10,,,MISSED,4.09
63,25,2024-06-17,2024-06-20,3.0,PAID,4.09
63,26,2024-06-24,2024-06-29,5.0,LATE,4.09
63,27,2024-07-01,2024-07-07,6.0,LATE,4.09
63,28,2024-07-08,2024-07-12,4.0,LATE,4.09
63,29,2024-07-15,2024-07-20,5.0,LATE,4.09
63,30,2024-07-22,,,MISSED,4.09
63,31,2024-07-29,,,MISSED,4.09
63,32,2024-08-05,2024-08-11,6.0,LATE,4.09
63,33,2024-08-12,,,MISSED,4.09
63,34,2024-08-19,2024-08-24,5.0,LATE,4.09
63,35,2024-08-26,2024-08-30,4.0,LATE,4.09
63,36,2024-09-02,2024-09-06,4.0,LATE,4.09
63,37,2024-09-09,2024-09-10,1.0,PAID,4.09
63,38,2024-09-16,2024-09-17,1.0,PAID,4.09
63,39,2024-09-23,2024-09-28,5.0,LATE,4.09
63,40,2024-09-30,,,MISSED,4.09
63,41,2024-10-07,,,MISSED,4.09
63,42,2024-10-14,2024-10-18,4.0,LATE,4.09
63,43,2024-10-21,2024-10-25,4.0,LATE,4.09
63,44,2024-10-28,2024-11-02,5.0,LATE,4.09
63,45,2024-11-04,2024-11-07,3.0,PAID,4.09
63,46,2024-11-11,2024-11-14,3.0,PAID,4.09
63,47,2024-11-18,,,MISSED,4.09
63,48,2024-11-25,,,MISSED,4.09
63,49,2024-12-02,2024-12-04,2.0,PAID,4.09
63,50,2024-12-09,2024-12-12,3.0,PAID,4.09
63,51,2024-12-16,2024-12-18,2.0,PAID,4.09
63,52,2024-12-23,2024-12-24,1.0,PAID,4.09
63,53,2024-12-30,2025-01-01,2.0,PAID,4.09
63,54,2025-01-06,2025-01-12,6.0,LATE,4.09
63,55,2025-01-13,2025-01-15,2.0,PAID,4.09
63,56,2025-01-20,2025-01-26,6.0,LATE,4.09
63,57,2025-01-27,2025-01-30,3.0,PAID,4.09
63,58,2025-02-03,2025-02-09,6.0,LATE,4.09
63,59,2025-02-10,2025-02-17,7.0,LATE,4.09
63,60,2025-02-17,,,MISSED,4.09
63,61,2025-02-24,,,MISSED,4.09
63,62,2025-03-03,2025-03-11,8.0,LATE,4.09
63,63,2025-03-10,2025-03-14,4.0,LATE,4.09
63,64,2025-03-17,2025-03-21,4.0,LATE,4.09
63,65,2025-03-24,2025-03-27,3.0,PAID,4.09
63,66,2025-03-31,2025-04-01,1.0,PAID,4.09
63,67,2025-04-07,2025-04-14,7.0,LATE,4.09
63,68,2025-04-14,2025-04-21,7.0,LATE,4.09
63,69,2025-04-21,,,MISSED,4.09
63,70,2025-04-28,2025-05-05,7.0,LATE,4.09
63,71,2025-05-05,,,MISSED,4.09
63,72,2025-05-12,2025-05-13,1.0,PAID,4.09
63,73,2025-05-19,2025-05-23,4.0,LATE,4.09
63,74,2025-05-26,,,MISSED,4.09
63,75,2025-06-02,,,MISSED,4.09
63,76,2025-06-09,2025-06-12,3.0,PAID,4.09
63,77,2025-06-16,2025-06-22,6.0,LATE,4.09
63,78,2025-06-23,,,MISSED,4.09
63,79,2025-06-30,2025-07-04,4.0,LATE,4.09
63,80,2025-07-07,2025-07-14,7.0,LATE,4.09
63,81,2025-07-14,2025-07-19,5.0,LATE,4.09
63,82,2025-07-21,2025-07-24,3.0,PAID,4.09
63,83,2025-07-28,2025-08-01,4.0,LATE,4.09
63,84,2025-08-04,2025-08-08,4.0,LATE,4.09
63,85,2025-08-11,2025-08-11,0.0,PAID,4.09
63,86,2025-08-18,2025-08-23,5.0,LATE,4.09
63,87,2025-08-25,,,MISSED,4.09
63,88,2025-09-01,2025-09-08,7.0,LATE,4.09
63,89,2025-09-08,,,MISSED,4.09
63,90,2025-09-15,2025-09-19,4.0,LATE,4.09
63,91,2025-09-22,,,MISSED,4.09
63,92,2025-09-29,,,MISSED,4.09
63,93,2025-10-06,2025-10-08,2.0,PAID,4.09
63,94,2025-10-13,2025-10-16,3.0,PAID,4.09
63,95,2025-10-20,2025-10-25,5.0,LATE,4.09
63,96,2025-10-27,2025-10-28,1.0,PAID,4.09
63,97,2025-11-03,,,MISSED,4.09
63,98,2025-11-10,2025-11-14,4.0,LATE,4.09
63,99,2025-11-17,2025-11-21,4.0,LATE,4.09
63,100,2025-11-24,,,MISSED,4.09
63,101,2025-12-01,2025-12-07,6.0,LATE,4.09
63,102,2025-12-08,2025-12-13,5.0,LATE,4.09
63,103,2025-12-15,2025-12-17,2.0,PAID,4.09
63,104,2025-12-22,2025-12-26,4.0,LATE,4.09
64,1,2024-01-01,2024-01-05,4.0,LATE,5.72
64,2,2024-01-08,2024-01-14,6.0,LATE,5.72
64,3,2024-01-15,2024-01-19,4.0,LATE,5.72
64,4,2024-01-22,2024-01-29,7.0,LATE,5.72
64,5,2024-01-29,2024-02-05,7.0,LATE,5.72
64,6,2024-02-05,2024-02-18,13.0,LATE,5.72
64,7,2024-02-12,2024-02-17,5.0,LATE,5.72
64,8,2024-02-19,2024-02-26,7.0,LATE,5.72
64,9,2024-02-26,,,MISSED,5.72
64,10,2024-03-04,,,MISSED,5.72
64,11,2024-03-11,2024-03-17,6.0,LATE,5.72
64,12,2024-03-18,,,MISSED,5.72
64,13,2024-03-25,2024-04-01,7.0,LATE,5.72
64,14,2024-04-01,2024-04-08,7.0,LATE,5.72
64,15,2024-04-08,2024-04-21,13.0,LATE,5.72
64,16,2024-04-15,,,MISSED,5.72
64,17,2024-04-22,,,MISSED,5.72
64,18,2024-04-29,2024-05-04,5.0,LATE,5.72
64,19,2024-05-06,2024-05-10,4.0,LATE,5.72
64,20,2024-05-13,,,MISSED,5.72
64,21,2024-05-20,2024-05-25,5.0,LATE,5.72
64,22,2024-05-27,2024-06-02,6.0,LATE,5.72
64,23,2024-06-03,2024-06-11,8.0,LATE,5.72
64,24,2024-06-10,,,MISSED,5.72
64,25,2024-06-17,2024-06-23,6.0,LATE,5.72
64,26,2024-06-24,2024-07-02,8.0,LATE,5.72
64,27,2024-07-01,2024-07-11,10.0,LATE,5.72
64,28,2024-07-08,2024-07-09,1.0,PAID,5.72
64,29,2024-07-15,2024-07-22,7.0,LATE,5.72
64,30,2024-07-22,2024-07-26,4.0,LATE,5.72
64,31,2024-07-29,,,MISSED,5.72
64,32,2024-08-05,2024-08-06,1.0,PAID,5.72
64,33,2024-08-12,2024-08-14,2.0,PAID,5.72
64,34,2024-08-19,2024-08-26,7.0,LATE,5.72
64,35,2024-08-26,,,MISSED,5.72
64,36,2024-09-02,2024-09-07,5.0,LATE,5.72
64,37,2024-09-09,2024-09-16,7.0,LATE,5.72
64,38,2024-09-16,2024-09-20,4.0,LATE,5.72
64,39,2024-09-23,2024-10-03,10.0,LATE,5.72
64,40,2024-09-30,,,MISSED,5.72
64,41,2024-10-07,2024-10-10,3.0,PAID,5.72
64,42,2024-10-14,,,MISSED,5.72
64,43,2024-10-21,2024-10-26,5.0,LATE,5.72
64,44,2024-10-28,,,MISSED,5.72
64,45,2024-11-04,2024-11-09,5.0,LATE,5.72
64,46,2024-11-11,2024-11-21,10.0,LATE,5.72
64,47,2024-11-18,,,MISSED,5.72
64,48,2024-11-25,2024-12-01,6.0,LATE,5.72
64,49,2024-12-02,,,MISSED,5.72
64,50,2024-12-09,2024-12-15,6.0,LATE,5.72
64,51,2024-12-16,,,MISSED,5.72
64,52,2024-12-23,2024-12-28,5.0,LATE,5.72
64,53,2024-12-30,,,MISSED,5.72
64,54,2025-01-06,2025-01-12,6.0,LATE,5.72
64,55,2025-01-13,,,MISSED,5.72
64,56,2025-01-20,2025-01-25,5.0,LATE,5.72
64,57,2025-01-27,2025-02-02,6.0,LATE,5.72
64,58,2025-02-03,,,MISSED,5.72
64,59,2025-02-10,,,MISSED,5.72
64,60,2025-02-17,2025-02-26,9.0,LATE,5.72
64,61,2025-02-24,2025-03-02,6.0,LATE,5.72
64,62,2025-03-03,2025-03-04,1.0,PAID,5.72
64,63,2025-03-10,2025-03-19,9.0,LATE,5.72
64,64,2025-03-17,2025-03-19,2.0,PAID,5.72
64,65,2025-03-24,2025-03-27,3.0,PAID,5.72
64,66,2025-03-31,,,MISSED,5.72
64,67,2025-04-07,,,MISSED,5.72
64,68,2025-04-14,2025-04-18,4.0,LATE,5.72
64,69,2025-04-21,2025-04-26,5.0,LATE,5.72
64,70,2025-04-28,2025-05-04,6.0,LATE,5.72
64,71,2025-05-05,2025-05-12,7.0,LATE,5.72
64,72,2025-05-12,2025-05-18,6.0,LATE,5.72
64,73,2025-05-19,2025-05-26,7.0,LATE,5.72
64,74,2025-05-26,,,MISSED,5.72
64,75,2025-06-02,2025-06-08,6.0,LATE,5.72
64,76,2025-06-09,2025-06-14,5.0,LATE,5.72
64,77,2025-06-16,2025-06-18,2.0,PAID,5.72
64,78,2025-06-23,2025-06-30,7.0,LATE,5.72
64,79,2025-06-30,2025-07-05,5.0,LATE,5.72
64,80,2025-07-07,,,MISSED,5.72
64,81,2025-07-14,2025-07-23,9.0,LATE,5.72
64,82,2025-07-21,,,MISSED,5.72
64,83,2025-07-28,,,MISSED,5.72
64,84,2025-08-04,2025-08-07,3.0,PAID,5.72
64,85,2025-08-11,2025-08-18,7.0,LATE,5.72
64,86,2025-08-18,,,MISSED,5.72
64,87,2025-08-25,2025-09-01,7.0,LATE,5.72
64,88,2025-09-01,2025-09-06,5.0,LATE,5.72
64,89,2025-09-08,,,MISSED,5.72
64,90,2025-09-15,2025-09-22,7.0,LATE,5.72
64,91,2025-09-22,2025-09-28,6.0,LATE,5.72
64,92,2025-09-29,2025-10-03,4.0,LATE,5.72
64,93,2025-10-06,,,MISSED,5.72
64,94,2025-10-13,2025-10-21,8.0,LATE,5.72
64,95,2025-10-20,,,MISSED,5.72
64,96,2025-10-27,2025-11-05,9.0,LATE,5.72
64,97,2025-11-03,,,MISSED,5.72
64,98,2025-11-10,2025-11-17,7.0,LATE,5.72
64,99,2025-11-17,2025-11-27,10.0,LATE,5.72
64,100,2025-11-24,2025-11-27,3.0,PAID,5.72
64,101,2025-12-01,,,MISSED,5.72
64,102,2025-12-08,2025-12-15,7.0,LATE,5.72
64,103,2025-12-15,2025-12-17,2.0,PAID,5.72
64,104,2025-12-22,2025-12-25,3.0,PAID,5.72
65,1,2024-01-01,,,MISSED,3.63
65,2,2024-01-08,2024-01-15,7.0,LATE,3.63
65,3,2024-01-15,2024-01-17,2.0,PAID,3.63
65,4,2024-01-22,,,MISSED,3.63
65,5,2024-01-29,2024-02-01,3.0,PAID,3.63
65,6,2024-02-05,2024-02-09,4.0,LATE,3.63
65,7,2024-02-12,2024-02-16,4.0,LATE,3.63
65,8,2024-02-19,2024-02-22,3.0,PAID,3.63
65,9,2024-02-26,2024-03-01,4.0,LATE,3.63
65,10,2024-03-04,2024-03-10,6.0,LATE,3.63
65,11,2024-03-11,2024-03-19,8.0,LATE,3.63
65,12,2024-03-18,2024-03-21,3.0,PAID,3.63
65,13,2024-03-25,2024-03-28,3.0,PAID,3.63
65,14,2024-04-01,,,MISSED,3.63
65,15,2024-04-08,,,MISSED,3.63
65,16,2024-04-15,2024-04-17,2.0,PAID,3.63
65,17,2024-04-22,2024-04-23,1.0,PAID,3.63
65,18,2024-04-29,2024-05-07,8.0,LATE,3.63
65,19,2024-05-06,2024-05-09,3.0,PAID,3.63
65,20,2024-05-13,,,MISSED,3.63
65,21,2024-05-20,,,MISSED,3.63
65,22,2024-05-27,2024-06-06,10.0,LATE,3.63
65,23,2024-06-03,2024-06-09,6.0,LATE,3.63
65,24,2024-06-10,2024-06-14,4.0,LATE,3.63
65,25,2024-06-17,2024-06-17,0.0,PAID,3.63
65,26,2024-06-24,,,MISSED,3.63
65,27,2024-07-01,2024-07-07,6.0,LATE,3.63
65,28,2024-07-08,,,MISSED,3.63
65,29,2024-07-15,2024-07-21,6.0,LATE,3.63
65,30,2024-07-22,2024-07-30,8.0,LATE,3.63
65,31,2024-07-29,2024-08-01,3.0,PAID,3.63
65,32,2024-08-05,,,MISSED,3.63
65,33,2024-08-12,2024-08-19,7.0,LATE,3.63
65,34,2024-08-19,2024-08-24,5.0,LATE,3.63
65,35,2024-08-26,2024-08-29,3.0,PAID,3.63
65,36,2024-09-02,2024-09-05,3.0,PAID,3.63
65,37,2024-09-09,2024-09-10,1.0,PAID,3.63
65,38,2024-09-16,2024-09-17,1.0,PAID,3.63
65,39,2024-09-23,,,MISSED,3.63
65,40,2024-09-30,2024-10-03,3.0,PAID,3.63
65,41,2024-10-07,2024-10-11,4.0,LATE,3.63
65,42,2024-10-14,2024-10-18,4.0,LATE,3.63
65,43,2024-10-21,,,MISSED,3.63
65,44,2024-10-28,2024-10-31,3.0,PAID,3.63
65,45,2024-11-04,,,MISSED,3.63
65,46,2024-11-11,,,MISSED,3.63
65,47,2024-11-18,2024-11-23,5.0,LATE,3.63
65,48,2024-11-25,2024-12-01,6.0,LATE,3.63
65,49,2024-12-02,2024-12-05,3.0,PAID,3.63
65,50,2024-12-09,2024-12-10,1.0,PAID,3.63
65,51,2024-12-16,2024-12-22,6.0,LATE,3.63
65,52,2024-12-23,,,MISSED,3.63
65,53,2024-12-30,,,MISSED,3.63
65,54,2025-01-06,2025-01-10,4.0,LATE,3.63
65,55,2025-01-13,,,MISSED,3.63
65,56,2025-01-20,2025-01-24,4.0,LATE,3.63
65,57,2025-01-27,2025-02-02,6.0,LATE,3.63
65,58,2025-02-03,2025-02-07,4.0,LATE,3.63
65,59,2025-02-10,,,MISSED,3.63
65,60,2025-02-17,,,MISSED,3.63
65,61,2025-02-24,,,MISSED,3.63
65,62,2025-03-03,2025-03-07,4.0,LATE,3.63
65,63,2025-03-10,,,MISSED,3.63
65,64,2025-03-17,2025-03-18,1.0,PAID,3.63
65,65,2025-03-24,,,MISSED,3.63
65,66,2025-03-31,2025-04-03,3.0,PAID,3.63
65,67,2025-04-07,,,MISSED,3.63
65,68,2025-04-14,2025-04-20,6.0,LATE,3.63
65,69,2025-04-21,2025-04-26,5.0,LATE,3.63
65,70,2025-04-28,,,MISSED,3.63
65,71,2025-05-05,2025-05-07,2.0,PAID,3.63
65,72,2025-05-12,2025-05-14,2.0,PAID,3.63
65,73,2025-05-19,2025-05-21,2.0,PAID,3.63
65,74,2025-05-26,2025-05-28,2.0,PAID,3.63
65,75,2025-06-02,2025-06-07,5.0,LATE,3.63
65,76,2025-06-09,,,MISSED,3.63
65,77,2025-06-16,2025-06-20,4.0,LATE,3.63
65,78,2025-06-23,2025-06-24,1.0,PAID,3.63
65,79,2025-06-30,2025-07-03,3.0,PAID,3.63
65,80,2025-07-07,2025-07-11,4.0,LATE,3.63
65,81,2025-07-14,2025-07-17,3.0,PAID,3.63
65,82,2025-07-21,2025-07-28,7.0,LATE,3.63
65,83,2025-07-28,2025-08-01,4.0,LATE,3.63
65,84,2025-08-04,2025-08-06,2.0,PAID,3.63
65,85,2025-08-11,,,MISSED,3.63
65,86,2025-08-18,2025-08-21,3.0,PAID,3.63
65,87,2025-08-25,2025-08-26,1.0,PAID,3.63
65,88,2025-09-01,,,MISSED,3.63
65,89,2025-09-08,2025-09-09,1.0,PAID,3.63
65,90,2025-09-15,,,MISSED,3.63
65,91,2025-09-22,2025-09-27,5.0,LATE,3.63
65,92,2025-09-29,2025-10-02,3.0,PAID,3.63
65,93,2025-10-06,2025-10-11,5.0,LATE,3.63
65,94,2025-10-13,2025-10-15,2.0,PAID,3.63
65,95,2025-10-20,2025-10-24,4.0,LATE,3.63
65,96,2025-10-27,2025-10-29,2.0,PAID,3.63
65,97,2025-11-03,2025-11-10,7.0,LATE,3.63
65,98,2025-11-10,2025-11-16,6.0,LATE,3.63
65,99,2025-11-17,,,MISSED,3.63
65,100,2025-11-24,,,MISSED,3.63
65,101,2025-12-01,2025-12-06,5.0,LATE,3.63
65,102,2025-12-08,,,MISSED,3.63
65,103,2025-12-15,,,MISSED,3.63
65,104,2025-12-22,,,MISSED,3.63
66,1,2024-01-01,,,MISSED,3.45
66,2,2024-01-08,2024-01-10,2.0,PAID,3.45
66,3,2024-01-15,2024-01-18,3.0,PAID,3.45
66,4,2024-01-22,2024-01-28,6.0,LATE,3.45
66,5,2024-01-29,2024-02-01,3.0,PAID,3.45
66,6,2024-02-05,,,MISSED,3.45
66,7,2024-02-12,2024-02-14,2.0,PAID,3.45
66,8,2024-02-19,2024-02-22,3.0,PAID,3.45
66,9,2024-02-26,2024-03-05,8.0,LATE,3.45
66,10,2024-03-04,,,MISSED,3.45
66,11,2024-03-11,,,MISSED,3.45
66,12,2024-03-18,,,MISSED,3.45
66,13,2024-03-25,2024-03-29,4.0,LATE,3.45
66,14,2024-04-01,,,MISSED,3.45
66,15,2024-04-08,2024-04-10,2.0,PAID,3.45
66,16,2024-04-15,2024-04-21,6.0,LATE,3.45
66,17,2024-04-22,2024-04-23,1.0,PAID,3.45
66,18,2024-04-29,2024-05-04,5.0,LATE,3.45
66,19,2024-05-06,,,MISSED,3.45
66,20,2024-05-13,2024-05-17,4.0,LATE,3.45
66,21,2024-05-20,2024-05-22,2.0,PAID,3.45
66,22,2024-05-27,2024-06-04,8.0,LATE,3.45
66,23,2024-06-03,2024-06-05,2.0,PAID,3.45
66,24,2024-06-10,2024-06-16,6.0,LATE,3.45
66,25,2024-06-17,,,MISSED,3.45
66,26,2024-06-24,2024-06-25,1.0,PAID,3.45
66,27,2024-07-01,2024-07-02,1.0,PAID,3.45
66,28,2024-07-08,,,MISSED,3.45
66,29,2024-07-15,2024-07-20,5.0,LATE,3.45
66,30,2024-07-22,2024-07-26,4.0,LATE,3.45
66,31,2024-07-29,2024-07-30,1.0,PAID,3.45
66,32,2024-08-05,2024-08-07,2.0,PAID,3.45
66,33,2024-08-12,2024-08-16,4.0,LATE,3.45
66,34,2024-08-19,2024-08-19,0.0,PAID,3.45
66,35,2024-08-26,2024-08-26,0.0,PAID,3.45
66,36,2024-09-02,,,MISSED,3.45
66,37,2024-09-09,2024-09-14,5.0,LATE,3.45
66,38,2024-09-16,2024-09-22,6.0,LATE,3.45
66,39,2024-09-23,,,MISSED,3.45
66,40,2024-09-30,2024-10-01,1.0,PAID,3.45
66,41,2024-10-07,,,MISSED,3.45
66,42,2024-10-14,2024-10-18,4.0,LATE,3.45
66,43,2024-10-21,2024-10-25,4.0,LATE,3.45
66,44,2024-10-28,,,MISSED,3.45
66,45,2024-11-04,2024-11-06,2.0,PAID,3.45
66,46,2024-11-11,2024-11-12,1.0,PAID,3.45
66,47,2024-11-18,2024-11-22,4.0,LATE,3.45
66,48,2024-11-25,2024-11-27,2.0,PAID,3.45
66,49,2024-12-02,2024-12-08,6.0,LATE,3.45
66,50,2024-12-09,2024-12-12,3.0,PAID,3.45
66,51,2024-12-16,2024-12-18,2.0,PAID,3.45
66,52,2024-12-23,2024-12-29,6.0,LATE,3.45
66,53,2024-12-30,2025-01-01,2.0,PAID,3.45
66,54,2025-01-06,2025-01-13,7.0,LATE,3.45
66,55,2025-01-13,,,MISSED,3.45
66,56,2025-01-20,2025-01-24,4.0,LATE,3.45
66,57,2025-01-27,2025-01-30,3.0,PAID,3.45
66,58,2025-02-03,,,MISSED,3.45
66,59,2025-02-10,2025-02-11,1.0,PAID,3.45
66,60,2025-02-17,2025-02-19,2.0,PAID,3.45
66,61,2025-02-24,2025-03-02,6.0,LATE,3.45
66,62,2025-03-03,,,MISSED,3.45
66,63,2025-03-10,2025-03-13,3.0,PAID,3.45
66,64,2025-03-17,2025-03-19,2.0,PAID,3.45
66,65,2025-03-24,2025-03-27,3.0,PAID,3.45
66,66,2025-03-31,2025-04-03,3.0,PAID,3.45
66,67,2025-04-07,2025-04-13,6.0,LATE,3.45
66,68,2025-04-14,2025-04-18,4.0,LATE,3.45
66,69,2025-04-21,2025-04-24,3.0,PAID,3.45
66,70,2025-04-28,,,MISSED,3.45
66,71,2025-05-05,2025-05-08,3.0,PAID,3.45
66,72,2025-05-12,,,MISSED,3.45
66,73,2025-05-19,2025-05-25,6.0,LATE,3.45
66,74,2025-05-26,,,MISSED,3.45
66,75,2025-06-02,,,MISSED,3.45
66,76,2025-06-09,2025-06-12,3.0,PAID,3.45
66,77,2025-06-16,2025-06-19,3.0,PAID,3.45
66,78,2025-06-23,2025-06-29,6.0,LATE,3.45
66,79,2025-06-30,2025-07-04,4.0,LATE,3.45
66,80,2025-07-07,2025-07-10,3.0,PAID,3.45
66,81,2025-07-14,2025-07-17,3.0,PAID,3.45
66,82,2025-07-21,2025-07-22,1.0,PAID,3.45
66,83,2025-07-28,2025-07-31,3.0,PAID,3.45
66,84,2025-08-04,2025-08-07,3.0,PAID,3.45
66,85,2025-08-11,2025-08-15,4.0,LATE,3.45
66,86,2025-08-18,2025-08-18,0.0,PAID,3.45
66,87,2025-08-25,,,MISSED,3.45
66,88,2025-09-01,,,MISSED,3.45
66,89,2025-09-08,2025-09-09,1.0,PAID,3.45
66,90,2025-09-15,2025-09-18,3.0,PAID,3.45
66,91,2025-09-22,2025-09-27,5.0,LATE,3.45
66,92,2025-09-29,2025-09-30,1.0,PAID,3.45
66,93,2025-10-06,2025-10-10,4.0,LATE,3.45
66,94,2025-10-13,2025-10-15,2.0,PAID,3.45
66,95,2025-10-20,2025-10-24,4.0,LATE,3.45
66,96,2025-10-27,2025-10-31,4.0,LATE,3.45
66,97,2025-11-03,2025-11-06,3.0,PAID,3.45
66,98,2025-11-10,2025-11-16,6.0,LATE,3.45
66,99,2025-11-17,2025-11-18,1.0,PAID,3.45
66,100,2025-11-24,,,MISSED,3.45
66,101,2025-12-01,2025-12-01,0.0,PAID,3.45
66,102,2025-12-08,2025-12-12,4.0,LATE,3.45
66,103,2025-12-15,2025-12-21,6.0,LATE,3.45
66,104,2025-12-22,,,MISSED,3.45
67,1,2024-01-01,2024-01-04,3.0,PAID,2.85
67,2,2024-01-08,2024-01-11,3.0,PAID,2.85
67,3,2024-01-15,2024-01-17,2.0,PAID,2.85
67,4,2024-01-22,2024-01-22,0.0,PAID,2.85
67,5,2024-01-29,2024-02-01,3.0,PAID,2.85
67,6,2024-02-05,2024-02-10,5.0,LATE,2.85
67,7,2024-02-12,2024-02-19,7.0,LATE,2.85
67,8,2024-02-19,2024-02-20,1.0,PAID,2.85
67,9,2024-02-26,2024-02-29,3.0,PAID,2.85
67,10,2024-03-04,2024-03-10,6.0,LATE,2.85
67,11,2024-03-11,2024-03-13,2.0,PAID,2.85
67,12,2024-03-18,2024-03-21,3.0,PAID,2.85
67,13,2024-03-25,2024-03-27,2.0,PAID,2.85
67,14,2024-04-01,2024-04-02,1.0,PAID,2.85
67,15,2024-04-08,2024-04-10,2.0,PAID,2.85
67,16,2024-04-15,,,MISSED,2.85
67,17,2024-04-22,2024-04-25,3.0,PAID,2.85
67,18,2024-04-29,2024-05-06,7.0,LATE,2.85
67,19,2024-05-06,2024-05-07,1.0,PAID,2.85
67,20,2024-05-13,2024-05-16,3.0,PAID,2.85
67,21,2024-05-20,2024-05-23,3.0,PAID,2.85
67,22,2024-05-27,2024-05-29,2.0,PAID,2.85
67,23,2024-06-03,2024-06-06,3.0,PAID,2.85
67,24,2024-06-10,2024-06-14,4.0,LATE,2.85
67,25,2024-06-17,2024-06-20,3.0,PAID,2.85
67,26,2024-06-24,,,MISSED,2.85
67,27,2024-07-01,2024-07-05,4.0,LATE,2.85
67,28,2024-07-08,2024-07-09,1.0,PAID,2.85
67,29,2024-07-15,,,MISSED,2.85
67,30,2024-07-22,2024-07-23,1.0,PAID,2.85
67,31,2024-07-29,2024-08-02,4.0,LATE,2.85
67,32,2024-08-05,2024-08-08,3.0,PAID,2.85
67,33,2024-08-12,,,MISSED,2.85
67,34,2024-08-19,2024-08-25,6.0,LATE,2.85
67,35,2024-08-26,,,MISSED,2.85
67,36,2024-09-02,,,MISSED,2.85
67,37,2024-09-09,2024-09-15,6.0,LATE,2.85
67,38,2024-09-16,,,MISSED,2.85
67,39,2024-09-23,2024-09-26,3.0,PAID,2.85
67,40,2024-09-30,2024-10-08,8.0,LATE,2.85
67,41,2024-10-07,2024-10-10,3.0,PAID,2.85
67,42,2024-10-14,2024-10-16,2.0,PAID,2.85
67,43,2024-10-21,2024-10-22,1.0,PAID,2.85
67,44,2024-10-28,,,MISSED,2.85
67,45,2024-11-04,2024-11-07,3.0,PAID,2.85
67,46,2024-11-11,,,MISSED,2.85
67,47,2024-11-18,2024-11-24,6.0,LATE,2.85
67,48,2024-11-25,2024-11-26,1.0,PAID,2.85
67,49,2024-12-02,2024-12-07,5.0,LATE,2.85
67,50,2024-12-09,,,MISSED,2.85
67,51,2024-12-16,2024-12-18,2.0,PAID,2.85
67,52,2024-12-23,2024-12-24,1.0,PAID,2.85
67,53,2024-12-30,2025-01-01,2.0,PAID,2.85
67,54,2025-01-06,,,MISSED,2.85
67,55,2025-01-13,,,MISSED,2.85
67,56,2025-01-20,2025-01-22,2.0,PAID,2.85
67,57,2025-01-27,2025-02-01,5.0,LATE,2.85
67,58,2025-02-03,2025-02-04,1.0,PAID,2.85
67,59,2025-02-10,,,MISSED,2.85
67,60,2025-02-17,2025-02-18,1.0,PAID,2.85
67,61,2025-02-24,2025-02-26,2.0,PAID,2.85
67,62,2025-03-03,2025-03-05,2.0,PAID,2.85
67,63,2025-03-10,,,MISSED,2.85
67,64,2025-03-17,,,MISSED,2.85
67,65,2025-03-24,2025-03-25,1.0,PAID,2.85
67,66,2025-03-31,2025-04-03,3.0,PAID,2.85
67,67,2025-04-07,2025-04-11,4.0,LATE,2.85
67,68,2025-04-14,2025-04-18,4.0,LATE,2.85
67,69,2025-04-21,2025-04-23,2.0,PAID,2.85
67,70,2025-04-28,2025-05-02,4.0,LATE,2.85
67,71,2025-05-05,,,MISSED,2.85
67,72,2025-05-12,2025-05-13,1.0,PAID,2.85
67,73,2025-05-19,,,MISSED,2.85
67,74,2025-05-26,,,MISSED,2.85
67,75,2025-06-02,2025-06-02,0.0,PAID,2.85
67,76,2025-06-09,2025-06-13,4.0,LATE,2.85
67,77,2025-06-16,2025-06-19,3.0,PAID,2.85
67,78,2025-06-23,2025-06-28,5.0,LATE,2.85
67,79,2025-06-30,2025-07-03,3.0,PAID,2.85
67,80,2025-07-07,2025-07-07,0.0,PAID,2.85
67,81,2025-07-14,2025-07-15,1.0,PAID,2.85
67,82,2025-07-21,2025-07-23,2.0,PAID,2.85
67,83,2025-07-28,,,MISSED,2.85
67,84,2025-08-04,2025-08-07,3.0,PAID,2.85
67,85,2025-08-11,2025-08-13,2.0,PAID,2.85
67,86,2025-08-18,2025-08-23,5.0,LATE,2.85
67,87,2025-08-25,,,MISSED,2.85
67,88,2025-09-01,,,MISSED,2.85
67,89,2025-09-08,2025-09-09,1.0,PAID,2.85
67,90,2025-09-15,2025-09-19,4.0,LATE,2.85
67,91,2025-09-22,2025-09-27,5.0,LATE,2.85
67,92,2025-09-29,,,MISSED,2.85
67,93,2025-10-06,2025-10-13,7.0,LATE,2.85
67,94,2025-10-13,,,MISSED,2.85
67,95,2025-10-20,2025-10-21,1.0,PAID,2.85
67,96,2025-10-27,2025-10-30,3.0,PAID,2.85
67,97,2025-11-03,,,MISSED,2.85
67,98,2025-11-10,2025-11-13,3.0,PAID,2.85
67,99,2025-11-17,2025-11-23,6.0,LATE,2.85
67,100,2025-11-24,,,MISSED,2.85
67,101,2025-12-01,2025-12-05,4.0,LATE,2.85
67,102,2025-12-08,2025-12-09,1.0,PAID,2.85
67,103,2025-12-15,2025-12-19,4.0,LATE,2.85
67,104,2025-12-22,2025-12-24,2.0,PAID,2.85
68,1,2024-01-01,2024-01-07,6.0,LATE,3.65
68,2,2024-01-08,2024-01-11,3.0,PAID,3.65
68,3,2024-01-15,2024-01-18,3.0,PAID,3.65
68,4,2024-01-22,2024-01-26,4.0,LATE,3.65
68,5,2024-01-29,2024-01-29,0.0,PAID,3.65
68,6,2024-02-05,2024-02-07,2.0,PAID,3.65
68,7,2024-02-12,2024-02-14,2.0,PAID,3.65
68,8,2024-02-19,2024-02-22,3.0,PAID,3.65
68,9,2024-02-26,,,MISSED,3.65
68,10,2024-03-04,2024-03-08,4.0,LATE,3.65
68,11,2024-03-11,2024-03-13,2.0,PAID,3.65
68,12,2024-03-18,,,MISSED,3.65
68,13,2024-03-25,,,MISSED,3.65
68,14,2024-04-01,2024-04-04,3.0,PAID,3.65
68,15,2024-04-08,2024-04-12,4.0,LATE,3.65
68,16,2024-04-15,2024-04-15,0.0,PAID,3.65
68,17,2024-04-22,2024-04-27,5.0,LATE,3.65
68,18,2024-04-29,2024-05-04,5.0,LATE,3.65
68,19,2024-05-06,2024-05-10,4.0,LATE,3.65
68,20,2024-05-13,,,MISSED,3.65
68,21,2024-05-20,2024-05-25,5.0,LATE,3.65
68,22,2024-05-27,2024-05-30,3.0,PAID,3.65
68,23,2024-06-03,,,MISSED,3.65
68,24,2024-06-10,2024-06-17,7.0,LATE,3.65
68,25,2024-06-17,2024-06-19,2.0,PAID,3.65
68,26,2024-06-24,,,MISSED,3.65
68,27,2024-07-01,2024-07-04,3.0,PAID,3.65
68,28,2024-07-08,2024-07-09,1.0,PAID,3.65
68,29,2024-07-15,,,MISSED,3.65
68,30,2024-07-22,,,MISSED,3.65
68,31,2024-07-29,2024-08-05,7.0,LATE,3.65
68,32,2024-08-05,2024-08-10,5.0,LATE,3.65
68,33,2024-08-12,2024-08-16,4.0,LATE,3.65
68,34,2024-08-19,2024-08-22,3.0,PAID,3.65
68,35,2024-08-26,2024-08-28,2.0,PAID,3.65
68,36,2024-09-02,2024-09-06,4.0,LATE,3.65
68,37,2024-09-09,2024-09-14,5.0,LATE,3.65
68,38,2024-09-16,2024-09-17,1.0,PAID,3.65
68,39,2024-09-23,2024-09-30,7.0,LATE,3.65
68,40,2024-09-30,2024-10-05,5.0,LATE,3.65
68,41,2024-10-07,2024-10-13,6.0,LATE,3.65
68,42,2024-10-14,,,MISSED,3.65
68,43,2024-10-21,,,MISSED,3.65
68,44,2024-10-28,,,MISSED,3.65
68,45,2024-11-04,2024-11-08,4.0,LATE,3.65
68,46,2024-11-11,2024-11-15,4.0,LATE,3.65
68,47,2024-11-18,2024-11-21,3.0,PAID,3.65
68,48,2024-11-25,2024-11-28,3.0,PAID,3.65
68,49,2024-12-02,,,MISSED,3.65
68,50,2024-12-09,2024-12-16,7.0,LATE,3.65
68,51,2024-12-16,2024-12-23,7.0,LATE,3.65
68,52,2024-12-23,2024-12-29,6.0,LATE,3.65
68,53,2024-12-30,,,MISSED,3.65
68,54,2025-01-06,2025-01-10,4.0,LATE,3.65
68,55,2025-01-13,2025-01-15,2.0,PAID,3.65
68,56,2025-01-20,2025-01-23,3.0,PAID,3.65
68,57,2025-01-27,2025-01-31,4.0,LATE,3.65
68,58,2025-02-03,,,MISSED,3.65
68,59,2025-02-10,2025-02-11,1.0,PAID,3.65
68,60,2025-02-17,2025-02-23,6.0,LATE,3.65
68,61,2025-02-24,2025-02-26,2.0,PAID,3.65
68,62,2025-03-03,2025-03-05,2.0,PAID,3.65
68,63,2025-03-10,2025-03-14,4.0,LATE,3.65
68,64,2025-03-17,2025-03-21,4.0,LATE,3.65
68,65,2025-03-24,2025-03-29,5.0,LATE,3.65
68,66,2025-03-31,2025-04-02,2.0,PAID,3.65
68,67,2025-04-07,2025-04-12,5.0,LATE,3.65
68,68,2025-04-14,2025-04-19,5.0,LATE,3.65
68,69,2025-04-21,2025-04-25,4.0,LATE,3.65
68,70,2025-04-28,2025-04-30,2.0,PAID,3.65
68,71,2025-05-05,,,MISSED,3.65
68,72,2025-05-12,2025-05-17,5.0,LATE,3.65
68,73,2025-05-19,2025-05-21,2.0,PAID,3.65
68,74,2025-05-26,2025-05-30,4.0,LATE,3.65
68,75,2025-06-02,2025-06-05,3.0,PAID,3.65
68,76,2025-06-09,2025-06-17,8.0,LATE,3.65
68,77,2025-06-16,2025-06-22,6.0,LATE,3.65
68,78,2025-06-23,,,MISSED,3.65
68,79,2025-06-30,2025-07-04,4.0,LATE,3.65
68,80,2025-07-07,2025-07-10,3.0,PAID,3.65
68,81,2025-07-14,2025-07-17,3.0,PAID,3.65
68,82,2025-07-21,2025-07-25,4.0,LATE,3.65
68,83,2025-07-28,,,MISSED,3.65
68,84,2025-08-04,2025-08-09,5.0,LATE,3.65
68,85,2025-08-11,,,MISSED,3.65
68,86,2025-08-18,2025-08-19,1.0,PAID,3.65
68,87,2025-08-25,2025-08-31,6.0,LATE,3.65
68,88,2025-09-01,2025-09-06,5.0,LATE,3.65
68,89,2025-09-08,2025-09-13,5.0,LATE,3.65
68,90,2025-09-15,2025-09-18,3.0,PAID,3.65
68,91,2025-09-22,,,MISSED,3.65
68,92,2025-09-29,2025-10-03,4.0,LATE,3.65
68,93,2025-10-06,,,MISSED,3.65
68,94,2025-10-13,,,MISSED,3.65
68,95,2025-10-20,2025-10-23,3.0,PAID,3.65
68,96,2025-10-27,2025-10-28,1.0,PAID,3.65
68,97,2025-11-03,2025-11-09,6.0,LATE,3.65
68,98,2025-11-10,2025-11-11,1.0,PAID,3.65
68,99,2025-11-17,2025-11-22,5.0,LATE,3.65
68,100,2025-11-24,2025-11-27,3.0,PAID,3.65
68,101,2025-12-01,2025-12-03,2.0,PAID,3.65
68,102,2025-12-08,2025-12-11,3.0,PAID,3.65
68,103,2025-12-15,,,MISSED,3.65
68,104,2025-12-22,2025-12-25,3.0,PAID,3.65
69,1,2024-01-01,2024-01-03,2.0,PAID,1.3
69,2,2024-01-08,,,MISSED,1.3
69,3,2024-01-15,2024-01-16,1.0,PAID,1.3
69,4,2024-01-22,2024-01-22,0.0,PAID,1.3
69,5,2024-01-29,2024-01-30,1.0,PAID,1.3
69,6,2024-02-05,2024-02-07,2.0,PAID,1.3
69,7,2024-02-12,2024-02-14,2.0,PAID,1.3
69,8,2024-02-19,,,MISSED,1.3
69,9,2024-02-26,2024-03-01,4.0,LATE,1.3
69,10,2024-03-04,2024-03-06,2.0,PAID,1.3
69,11,2024-03-11,2024-03-12,1.0,PAID,1.3
69,12,2024-03-18,2024-03-19,1.0,PAID,1.3
69,13,2024-03-25,2024-03-28,3.0,PAID,1.3
69,14,2024-04-01,2024-04-01,0.0,PAID,1.3
69,15,2024-04-08,2024-04-09,1.0,PAID,1.3
69,16,2024-04-15,2024-04-15,0.0,PAID,1.3
69,17,2024-04-22,2024-04-24,2.0,PAID,1.3
69,18,2024-04-29,2024-04-30,1.0,PAID,1.3
69,19,2024-05-06,2024-05-08,2.0,PAID,1.3
69,20,2024-05-13,2024-05-15,2.0,PAID,1.3
69,21,2024-05-20,2024-05-22,2.0,PAID,1.3
69,22,2024-05-27,2024-05-31,4.0,LATE,1.3
69,23,2024-06-03,,,MISSED,1.3
69,24,2024-06-10,2024-06-14,4.0,LATE,1.3
69,25,2024-06-17,2024-06-20,3.0,PAID,1.3
69,26,2024-06-24,2024-06-24,0.0,PAID,1.3
69,27,2024-07-01,2024-07-03,2.0,PAID,1.3
69,28,2024-07-08,,,MISSED,1.3
69,29,2024-07-15,2024-07-15,0.0,PAID,1.3
69,30,2024-07-22,2024-07-24,2.0,PAID,1.3
69,31,2024-07-29,2024-08-01,3.0,PAID,1.3
69,32,2024-08-05,,,MISSED,1.3
69,33,2024-08-12,2024-08-13,1.0,PAID,1.3
69,34,2024-08-19,2024-08-20,1.0,PAID,1.3
69,35,2024-08-26,2024-08-26,0.0,PAID,1.3
69,36,2024-09-02,2024-09-05,3.0,PAID,1.3
69,37,2024-09-09,,,MISSED,1.3
69,38,2024-09-16,2024-09-17,1.0,PAID,1.3
69,39,2024-09-23,2024-09-25,2.0,PAID,1.3
69,40,2024-09-30,2024-10-01,1.0,PAID,1.3
69,41,2024-10-07,2024-10-08,1.0,PAID,1.3
69,42,2024-10-14,2024-10-18,4.0,LATE,1.3
69,43,2024-10-21,2024-10-22,1.0,PAID,1.3
69,44,2024-10-28,2024-11-01,4.0,LATE,1.3
69,45,2024-11-04,2024-11-04,0.0,PAID,1.3
69,46,2024-11-11,2024-11-12,1.0,PAID,1.3
69,47,2024-11-18,2024-11-20,2.0,PAID,1.3
69,48,2024-11-25,2024-11-25,0.0,PAID,1.3
69,49,2024-12-02,2024-12-05,3.0,PAID,1.3
69,50,2024-12-09,2024-12-12,3.0,PAID,1.3
69,51,2024-12-16,2024-12-18,2.0,PAID,1.3
69,52,2024-12-23,,,MISSED,1.3
69,53,2024-12-30,2024-12-31,1.0,PAID,1.3
69,54,2025-01-06,2025-01-07,1.0,PAID,1.3
69,55,2025-01-13,2025-01-16,3.0,PAID,1.3
69,56,2025-01-20,,,MISSED,1.3
69,57,2025-01-27,2025-01-30,3.0,PAID,1.3
69,58,2025-02-03,2025-02-03,0.0,PAID,1.3
69,59,2025-02-10,2025-02-11,1.0,PAID,1.3
69,60,2025-02-17,2025-02-22,5.0,LATE,1.3
69,61,2025-02-24,2025-02-28,4.0,LATE,1.3
69,62,2025-03-03,,,MISSED,1.3
69,63,2025-03-10,2025-03-12,2.0,PAID,1.3
69,64,2025-03-17,2025-03-18,1.0,PAID,1.3
69,65,2025-03-24,2025-03-24,0.0,PAID,1.3
69,66,2025-03-31,2025-03-31,0.0,PAID,1.3
69,67,2025-04-07,2025-04-08,1.0,PAID,1.3
69,68,2025-04-14,2025-04-14,0.0,PAID,1.3
69,69,2025-04-21,2025-04-22,1.0,PAID,1.3
69,70,2025-04-28,2025-04-29,1.0,PAID,1.3
69,71,2025-05-05,2025-05-07,2.0,PAID,1.3
69,72,2025-05-12,2025-05-13,1.0,PAID,1.3
69,73,2025-05-19,2025-05-23,4.0,LATE,1.3
69,74,2025-05-26,2025-05-27,1.0,PAID,1.3
69,75,2025-06-02,2025-06-02,0.0,PAID,1.3
69,76,2025-06-09,2025-06-10,1.0,PAID,1.3
69,77,2025-06-16,2025-06-17,1.0,PAID,1.3
69,78,2025-06-23,,,MISSED,1.3
69,79,2025-06-30,2025-07-02,2.0,PAID,1.3
69,80,2025-07-07,2025-07-10,3.0,PAID,1.3
69,81,2025-07-14,2025-07-16,2.0,PAID,1.3
69,82,2025-07-21,2025-07-22,1.0,PAID,1.3
69,83,2025-07-28,2025-07-28,0.0,PAID,1.3
69,84,2025-08-04,2025-08-05,1.0,PAID,1.3
69,85,2025-08-11,,,MISSED,1.3
69,86,2025-08-18,2025-08-18,0.0,PAID,1.3
69,87,2025-08-25,2025-08-27,2.0,PAID,1.3
69,88,2025-09-01,,,MISSED,1.3
69,89,2025-09-08,,,MISSED,1.3
69,90,2025-09-15,2025-09-16,1.0,PAID,1.3
69,91,2025-09-22,2025-09-24,2.0,PAID,1.3
69,92,2025-09-29,2025-10-01,2.0,PAID,1.3
69,93,2025-10-06,2025-10-07,1.0,PAID,1.3
69,94,2025-10-13,2025-10-13,0.0,PAID,1.3
69,95,2025-10-20,,,MISSED,1.3
69,96,2025-10-27,,,MISSED,1.3
69,97,2025-11-03,2025-11-04,1.0,PAID,1.3
69,98,2025-11-10,2025-11-11,1.0,PAID,1.3
69,99,2025-11-17,2025-11-17,0.0,PAID,1.3
69,100,2025-11-24,2025-11-27,3.0,PAID,1.3
69,101,2025-12-01,2025-12-03,2.0,PAID,1.3
69,102,2025-12-08,2025-12-09,1.0,PAID,1.3
69,103,2025-12-15,2025-12-17,2.0,PAID,1.3
69,104,2025-12-22,2025-12-22,0.0,PAID,1.3
70,1,2024-01-01,,,MISSED,1.85
70,2,2024-01-08,2024-01-10,2.0,PAID,1.85
70,3,2024-01-15,,,MISSED,1.85
70,4,2024-01-22,2024-01-25,3.0,PAID,1.85
70,5,2024-01-29,2024-01-31,2.0,PAID,1.85
70,6,2024-02-05,2024-02-10,5.0,LATE,1.85
70,7,2024-02-12,2024-02-14,2.0,PAID,1.85
70,8,2024-02-19,2024-02-20,1.0,PAID,1.85
70,9,2024-02-26,2024-02-26,0.0,PAID,1.85
70,10,2024-03-04,,,MISSED,1.85
70,11,2024-03-11,2024-03-11,0.0,PAID,1.85
70,12,2024-03-18,2024-03-20,2.0,PAID,1.85
70,13,2024-03-25,,,MISSED,1.85
70,14,2024-04-01,2024-04-02,1.0,PAID,1.85
70,15,2024-04-08,2024-04-09,1.0,PAID,1.85
70,16,2024-04-15,2024-04-17,2.0,PAID,1.85
70,17,2024-04-22,2024-04-22,0.0,PAID,1.85
70,18,2024-04-29,2024-04-29,0.0,PAID,1.85
70,19,2024-05-06,2024-05-08,2.0,PAID,1.85
70,20,2024-05-13,2024-05-17,4.0,LATE,1.85
70,21,2024-05-20,2024-05-20,0.0,PAID,1.85
70,22,2024-05-27,2024-05-28,1.0,PAID,1.85
70,23,2024-06-03,,,MISSED,1.85
70,24,2024-06-10,2024-06-12,2.0,PAID,1.85
70,25,2024-06-17,2024-06-18,1.0,PAID,1.85
70,26,2024-06-24,2024-06-25,1.0,PAID,1.85
70,27,2024-07-01,2024-07-02,1.0,PAID,1.85
70,28,2024-07-08,,,MISSED,1.85
70,29,2024-07-15,2024-07-17,2.0,PAID,1.85
70,30,2024-07-22,2024-07-22,0.0,PAID,1.85
70,31,2024-07-29,2024-07-31,2.0,PAID,1.85
70,32,2024-08-05,2024-08-09,4.0,LATE,1.85
70,33,2024-08-12,2024-08-15,3.0,PAID,1.85
70,34,2024-08-19,2024-08-19,0.0,PAID,1.85
70,35,2024-08-26,2024-08-30,4.0,LATE,1.85
70,36,2024-09-02,2024-09-05,3.0,PAID,1.85
70,37,2024-09-09,2024-09-11,2.0,PAID,1.85
70,38,2024-09-16,2024-09-16,0.0,PAID,1.85
70,39,2024-09-23,2024-09-25,2.0,PAID,1.85
70,40,2024-09-30,2024-10-01,1.0,PAID,1.85
70,41,2024-10-07,2024-10-08,1.0,PAID,1.85
70,42,2024-10-14,2024-10-16,2.0,PAID,1.85
70,43,2024-10-21,,,MISSED,1.85
70,44,2024-10-28,,,MISSED,1.85
70,45,2024-11-04,2024-11-08,4.0,LATE,1.85
70,46,2024-11-11,2024-11-11,0.0,PAID,1.85
70,47,2024-11-18,,,MISSED,1.85
70,48,2024-11-25,2024-11-27,2.0,PAID,1.85
70,49,2024-12-02,2024-12-03,1.0,PAID,1.85
70,50,2024-12-09,2024-12-14,5.0,LATE,1.85
70,51,2024-12-16,2024-12-17,1.0,PAID,1.85
70,52,2024-12-23,2024-12-25,2.0,PAID,1.85
70,53,2024-12-30,2024-12-31,1.0,PAID,1.85
70,54,2025-01-06,2025-01-09,3.0,PAID,1.85
70,55,2025-01-13,2025-01-15,2.0,PAID,1.85
70,56,2025-01-20,2025-01-21,1.0,PAID,1.85
70,57,2025-01-27,,,MISSED,1.85
70,58,2025-02-03,2025-02-05,2.0,PAID,1.85
70,59,2025-02-10,2025-02-13,3.0,PAID,1.85
70,60,2025-02-17,,,MISSED,1.85
70,61,2025-02-24,2025-02-26,2.0,PAID,1.85
70,62,2025-03-03,,,MISSED,1.85
70,63,2025-03-10,2025-03-10,0.0,PAID,1.85
70,64,2025-03-17,2025-03-19,2.0,PAID,1.85
70,65,2025-03-24,2025-03-27,3.0,PAID,1.85
70,66,2025-03-31,2025-03-31,0.0,PAID,1.85
70,67,2025-04-07,2025-04-08,1.0,PAID,1.85
70,68,2025-04-14,,,MISSED,1.85
70,69,2025-04-21,2025-04-26,5.0,LATE,1.85
70,70,2025-04-28,2025-05-02,4.0,LATE,1.85
70,71,2025-05-05,,,MISSED,1.85
70,72,2025-05-12,2025-05-13,1.0,PAID,1.85
70,73,2025-05-19,2025-05-20,1.0,PAID,1.85
70,74,2025-05-26,2025-06-01,6.0,LATE,1.85
70,75,2025-06-02,2025-06-03,1.0,PAID,1.85
70,76,2025-06-09,,,MISSED,1.85
70,77,2025-06-16,2025-06-21,5.0,LATE,1.85
70,78,2025-06-23,2025-06-24,1.0,PAID,1.85
70,79,2025-06-30,2025-07-05,5.0,LATE,1.85
70,80,2025-07-07,2025-07-11,4.0,LATE,1.85
70,81,2025-07-14,2025-07-16,2.0,PAID,1.85
70,82,2025-07-21,2025-07-23,2.0,PAID,1.85
70,83,2025-07-28,2025-07-29,1.0,PAID,1.85
70,84,2025-08-04,2025-08-07,3.0,PAID,1.85
70,85,2025-08-11,2025-08-14,3.0,PAID,1.85
70,86,2025-08-18,2025-08-20,2.0,PAID,1.85
70,87,2025-08-25,,,MISSED,1.85
70,88,2025-09-01,2025-09-02,1.0,PAID,1.85
70,89,2025-09-08,2025-09-12,4.0,LATE,1.85
70,90,2025-09-15,,,MISSED,1.85
70,91,2025-09-22,2025-09-23,1.0,PAID,1.85
70,92,2025-09-29,2025-09-30,1.0,PAID,1.85
70,93,2025-10-06,,,MISSED,1.85
70,94,2025-10-13,2025-10-16,3.0,PAID,1.85
70,95,2025-10-20,2025-10-20,0.0,PAID,1.85
70,96,2025-10-27,2025-10-29,2.0,PAID,1.85
70,97,2025-11-03,2025-11-04,1.0,PAID,1.85
70,98,2025-11-10,2025-11-12,2.0,PAID,1.85
70,99,2025-11-17,,,MISSED,1.85
70,100,2025-11-24,2025-11-27,3.0,PAID,1.85
70,101,2025-12-01,2025-12-02,1.0,PAID,1.85
70,102,2025-12-08,2025-12-10,2.0,PAID,1.85
70,103,2025-12-15,,,MISSED,1.85
70,104,2025-12-22,,,MISSED,1.85
71,1,2024-01-01,,,MISSED,6.49
71,2,2024-01-08,,,MISSED,6.49
71,3,2024-01-15,2024-01-21,6.0,LATE,6.49
71,4,2024-01-22,2024-01-28,6.0,LATE,6.49
71,5,2024-01-29,,,MISSED,6.49
71,6,2024-02-05,,,MISSED,6.49
71,7,2024-02-12,,,MISSED,6.49
71,8,2024-02-19,2024-02-26,7.0,LATE,6.49
71,9,2024-02-26,2024-03-09,12.0,LATE,6.49
71,10,2024-03-04,2024-03-10,6.0,LATE,6.49
71,11,2024-03-11,2024-03-19,8.0,LATE,6.49
71,12,2024-03-18,2024-03-24,6.0,LATE,6.49
71,13,2024-03-25,2024-04-02,8.0,LATE,6.49
71,14,2024-04-01,,,MISSED,6.49
71,15,2024-04-08,2024-04-14,6.0,LATE,6.49
71,16,2024-04-15,2024-04-26,11.0,LATE,6.49
71,17,2024-04-22,2024-04-28,6.0,LATE,6.49
71,18,2024-04-29,,,MISSED,6.49
71,19,2024-05-06,2024-05-11,5.0,LATE,6.49
71,20,2024-05-13,2024-05-23,10.0,LATE,6.49
71,21,2024-05-20,2024-05-27,7.0,LATE,6.49
71,22,2024-05-27,2024-05-29,2.0,PAID,6.49
71,23,2024-06-03,2024-06-07,4.0,LATE,6.49
71,24,2024-06-10,2024-06-17,7.0,LATE,6.49
71,25,2024-06-17,,,MISSED,6.49
71,26,2024-06-24,2024-06-29,5.0,LATE,6.49
71,27,2024-07-01,,,MISSED,6.49
71,28,2024-07-08,2024-07-16,8.0,LATE,6.49
71,29,2024-07-15,,,MISSED,6.49
71,30,2024-07-22,,,MISSED,6.49
71,31,2024-07-29,2024-08-10,12.0,LATE,6.49
71,32,2024-08-05,2024-08-08,3.0,PAID,6.49
71,33,2024-08-12,,,MISSED,6.49
71,34,2024-08-19,2024-08-22,3.0,PAID,6.49
71,35,2024-08-26,2024-09-06,11.0,LATE,6.49
71,36,2024-09-02,,,MISSED,6.49
71,37,2024-09-09,,,MISSED,6.49
71,38,2024-09-16,2024-09-21,5.0,LATE,6.49
71,39,2024-09-23,2024-10-02,9.0,LATE,6.49
71,40,2024-09-30,2024-10-08,8.0,LATE,6.49
71,41,2024-10-07,2024-10-13,6.0,LATE,6.49
71,42,2024-10-14,2024-10-22,8.0,LATE,6.49
71,43,2024-10-21,,,MISSED,6.49
71,44,2024-10-28,,,MISSED,6.49
71,45,2024-11-04,2024-11-12,8.0,LATE,6.49
71,46,2024-11-11,2024-11-21,10.0,LATE,6.49
71,47,2024-11-18,2024-11-21,3.0,PAID,6.49
71,48,2024-11-25,2024-12-01,6.0,LATE,6.49
71,49,2024-12-02,2024-12-04,2.0,PAID,6.49
71,50,2024-12-09,,,MISSED,6.49
71,51,2024-12-16,2024-12-21,5.0,LATE,6.49
71,52,2024-12-23,2024-12-26,3.0,PAID,6.49
71,53,2024-12-30,2025-01-05,6.0,LATE,6.49
71,54,2025-01-06,2025-01-14,8.0,LATE,6.49
71,55,2025-01-13,2025-01-18,5.0,LATE,6.49
71,56,2025-01-20,2025-01-24,4.0,LATE,6.49
71,57,2025-01-27,,,MISSED,6.49
71,58,2025-02-03,2025-02-10,7.0,LATE,6.49
71,59,2025-02-10,,,MISSED,6.49
71,60,2025-02-17,,,MISSED,6.49
71,61,2025-02-24,,,MISSED,6.49
71,62,2025-03-03,2025-03-12,9.0,LATE,6.49
71,63,2025-03-10,2025-03-16,6.0,LATE,6.49
71,64,2025-03-17,,,MISSED,6.49
71,65,2025-03-24,2025-04-01,8.0,LATE,6.49
71,66,2025-03-31,2025-04-04,4.0,LATE,6.49
71,67,2025-04-07,2025-04-12,5.0,LATE,6.49
71,68,2025-04-14,2025-04-22,8.0,LATE,6.49
71,69,2025-04-21,,,MISSED,6.49
71,70,2025-04-28,2025-05-09,11.0,LATE,6.49
71,71,2025-05-05,,,MISSED,6.49
71,72,2025-05-12,,,MISSED,6.49
71,73,2025-05-19,2025-05-23,4.0,LATE,6.49
71,74,2025-05-26,,,MISSED,6.49
71,75,2025-06-02,2025-06-08,6.0,LATE,6.49
71,76,2025-06-09,,,MISSED,6.49
71,77,2025-06-16,2025-06-25,9.0,LATE,6.49
71,78,2025-06-23,,,MISSED,6.49
71,79,2025-06-30,2025-07-10,10.0,LATE,6.49
71,80,2025-07-07,2025-07-11,4.0,LATE,6.49
71,81,2025-07-14,2025-07-27,13.0,LATE,6.49
71,82,2025-07-21,2025-07-30,9.0,LATE,6.49
71,83,2025-07-28,,,MISSED,6.49
71,84,2025-08-04,,,MISSED,6.49
71,85,2025-08-11,,,MISSED,6.49
71,86,2025-08-18,2025-08-25,7.0,LATE,6.49
71,87,2025-08-25,2025-08-29,4.0,LATE,6.49
71,88,2025-09-01,2025-09-07,6.0,LATE,6.49
71,89,2025-09-08,,,MISSED,6.49
71,90,2025-09-15,,,MISSED,6.49
71,91,2025-09-22,2025-09-30,8.0,LATE,6.49
71,92,2025-09-29,,,MISSED,6.49
71,93,2025-10-06,2025-10-13,7.0,LATE,6.49
71,94,2025-10-13,,,MISSED,6.49
71,95,2025-10-20,2025-10-28,8.0,LATE,6.49
71,96,2025-10-27,2025-11-05,9.0,LATE,6.49
71,97,2025-11-03,2025-11-11,8.0,LATE,6.49
71,98,2025-11-10,2025-11-17,7.0,LATE,6.49
71,99,2025-11-17,,,MISSED,6.49
71,100,2025-11-24,,,MISSED,6.49
71,101,2025-12-01,2025-12-09,8.0,LATE,6.49
71,102,2025-12-08,2025-12-17,9.0,LATE,6.49
71,103,2025-12-15,2025-12-21,6.0,LATE,6.49
71,104,2025-12-22,,,MISSED,6.49
72,1,2024-01-01,2024-01-02,1.0,PAID,2.02
72,2,2024-01-08,2024-01-10,2.0,PAID,2.02
72,3,2024-01-15,2024-01-17,2.0,PAID,2.02
72,4,2024-01-22,2024-01-22,0.0,PAID,2.02
72,5,2024-01-29,2024-02-02,4.0,LATE,2.02
72,6,2024-02-05,2024-02-08,3.0,PAID,2.02
72,7,2024-02-12,2024-02-12,0.0,PAID,2.02
72,8,2024-02-19,,,MISSED,2.02
72,9,2024-02-26,2024-03-01,4.0,LATE,2.02
72,10,2024-03-04,2024-03-06,2.0,PAID,2.02
72,11,2024-03-11,2024-03-14,3.0,PAID,2.02
72,12,2024-03-18,2024-03-18,0.0,PAID,2.02
72,13,2024-03-25,2024-03-27,2.0,PAID,2.02
72,14,2024-04-01,2024-04-02,1.0,PAID,2.02
72,15,2024-04-08,2024-04-10,2.0,PAID,2.02
72,16,2024-04-15,,,MISSED,2.02
72,17,2024-04-22,2024-04-24,2.0,PAID,2.02
72,18,2024-04-29,,,MISSED,2.02
72,19,2024-05-06,,,MISSED,2.02
72,20,2024-05-13,2024-05-15,2.0,PAID,2.02
72,21,2024-05-20,2024-05-21,1.0,PAID,2.02
72,22,2024-05-27,,,MISSED,2.02
72,23,2024-06-03,2024-06-04,1.0,PAID,2.02
72,24,2024-06-10,2024-06-10,0.0,PAID,2.02
72,25,2024-06-17,,,MISSED,2.02
72,26,2024-06-24,,,MISSED,2.02
72,27,2024-07-01,,,MISSED,2.02
72,28,2024-07-08,2024-07-10,2.0,PAID,2.02
72,29,2024-07-15,2024-07-19,4.0,LATE,2.02
72,30,2024-07-22,2024-07-26,4.0,LATE,2.02
72,31,2024-07-29,2024-07-31,2.0,PAID,2.02
72,32,2024-08-05,2024-08-05,0.0,PAID,2.02
72,33,2024-08-12,2024-08-12,0.0,PAID,2.02
72,34,2024-08-19,,,MISSED,2.02
72,35,2024-08-26,2024-09-01,6.0,LATE,2.02
72,36,2024-09-02,,,MISSED,2.02
72,37,2024-09-09,,,MISSED,2.02
72,38,2024-09-16,2024-09-20,4.0,LATE,2.02
72,39,2024-09-23,,,MISSED,2.02
72,40,2024-09-30,2024-10-03,3.0,PAID,2.02
72,41,2024-10-07,2024-10-10,3.0,PAID,2.02
72,42,2024-10-14,2024-10-15,1.0,PAID,2.02
72,43,2024-10-21,2024-10-25,4.0,LATE,2.02
72,44,2024-10-28,2024-11-02,5.0,LATE,2.02
72,45,2024-11-04,2024-11-07,3.0,PAID,2.02
72,46,2024-11-11,2024-11-11,0.0,PAID,2.02
72,47,2024-11-18,2024-11-18,0.0,PAID,2.02
72,48,2024-11-25,2024-11-28,3.0,PAID,2.02
72,49,2024-12-02,2024-12-03,1.0,PAID,2.02
72,50,2024-12-09,2024-12-10,1.0,PAID,2.02
72,51,2024-12-16,2024-12-25,9.0,LATE,2.02
72,52,2024-12-23,2024-12-24,1.0,PAID,2.02
72,53,2024-12-30,2024-12-30,0.0,PAID,2.02
72,54,2025-01-06,,,MISSED,2.02
72,55,2025-01-13,2025-01-14,1.0,PAID,2.02
72,56,2025-01-20,2025-01-21,1.0,PAID,2.02
72,57,2025-01-27,2025-01-29,2.0,PAID,2.02
72,58,2025-02-03,,,MISSED,2.02
72,59,2025-02-10,2025-02-11,1.0,PAID,2.02
72,60,2025-02-17,2025-02-19,2.0,PAID,2.02
72,61,2025-02-24,2025-02-26,2.0,PAID,2.02
72,62,2025-03-03,2025-03-04,1.0,PAID,2.02
72,63,2025-03-10,2025-03-11,1.0,PAID,2.02
72,64,2025-03-17,2025-03-21,4.0,LATE,2.02
72,65,2025-03-24,2025-03-25,1.0,PAID,2.02
72,66,2025-03-31,2025-04-01,1.0,PAID,2.02
72,67,2025-04-07,2025-04-08,1.0,PAID,2.02
72,68,2025-04-14,2025-04-20,6.0,LATE,2.02
72,69,2025-04-21,2025-04-22,1.0,PAID,2.02
72,70,2025-04-28,2025-04-30,2.0,PAID,2.02
72,71,2025-05-05,2025-05-06,1.0,PAID,2.02
72,72,2025-05-12,2025-05-13,1.0,PAID,2.02
72,73,2025-05-19,2025-05-20,1.0,PAID,2.02
72,74,2025-05-26,,,MISSED,2.02
72,75,2025-06-02,2025-06-05,3.0,PAID,2.02
72,76,2025-06-09,2025-06-09,0.0,PAID,2.02
72,77,2025-06-16,2025-06-18,2.0,PAID,2.02
72,78,2025-06-23,2025-06-25,2.0,PAID,2.02
72,79,2025-06-30,2025-07-02,2.0,PAID,2.02
72,80,2025-07-07,2025-07-07,0.0,PAID,2.02
72,81,2025-07-14,2025-07-15,1.0,PAID,2.02
72,82,2025-07-21,,,MISSED,2.02
72,83,2025-07-28,,,MISSED,2.02
72,84,2025-08-04,,,MISSED,2.02
72,85,2025-08-11,,,MISSED,2.02
72,86,2025-08-18,2025-08-19,1.0,PAID,2.02
72,87,2025-08-25,2025-08-26,1.0,PAID,2.02
72,88,2025-09-01,2025-09-04,3.0,PAID,2.02
72,89,2025-09-08,2025-09-12,4.0,LATE,2.02
72,90,2025-09-15,2025-09-19,4.0,LATE,2.02
72,91,2025-09-22,,,MISSED,2.02
72,92,2025-09-29,2025-10-02,3.0,PAID,2.02
72,93,2025-10-06,2025-10-08,2.0,PAID,2.02
72,94,2025-10-13,,,MISSED,2.02
72,95,2025-10-20,,,MISSED,2.02
72,96,2025-10-27,2025-10-28,1.0,PAID,2.02
72,97,2025-11-03,2025-11-10,7.0,LATE,2.02
72,98,2025-11-10,2025-11-11,1.0,PAID,2.02
72,99,2025-11-17,,,MISSED,2.02
72,100,2025-11-24,,,MISSED,2.02
72,101,2025-12-01,2025-12-03,2.0,PAID,2.02
72,102,2025-12-08,2025-12-13,5.0,LATE,2.02
72,103,2025-12-15,2025-12-16,1.0,PAID,2.02
72,104,2025-12-22,2025-12-26,4.0,LATE,2.02
73,1,2024-01-01,2024-01-07,6.0,LATE,6.3
73,2,2024-01-08,2024-01-15,7.0,LATE,6.3
73,3,2024-01-15,2024-01-22,7.0,LATE,6.3
73,4,2024-01-22,2024-01-27,5.0,LATE,6.3
73,5,2024-01-29,2024-02-07,9.0,LATE,6.3
73,6,2024-02-05,2024-02-11,6.0,LATE,6.3
73,7,2024-02-12,2024-02-16,4.0,LATE,6.3
73,8,2024-02-19,,,MISSED,6.3
73,9,2024-02-26,2024-03-04,7.0,LATE,6.3
73,10,2024-03-04,2024-03-11,7.0,LATE,6.3
73,11,2024-03-11,2024-03-20,9.0,LATE,6.3
73,12,2024-03-18,,,MISSED,6.3
73,13,2024-03-25,2024-03-31,6.0,LATE,6.3
73,14,2024-04-01,,,MISSED,6.3
73,15,2024-04-08,2024-04-11,3.0,PAID,6.3
73,16,2024-04-15,2024-04-25,10.0,LATE,6.3
73,17,2024-04-22,,,MISSED,6.3
73,18,2024-04-29,2024-05-02,3.0,PAID,6.3
73,19,2024-05-06,2024-05-12,6.0,LATE,6.3
73,20,2024-05-13,2024-05-15,2.0,PAID,6.3
73,21,2024-05-20,2024-05-26,6.0,LATE,6.3
73,22,2024-05-27,2024-06-05,9.0,LATE,6.3
73,23,2024-06-03,2024-06-05,2.0,PAID,6.3
73,24,2024-06-10,,,MISSED,6.3
73,25,2024-06-17,,,MISSED,6.3
73,26,2024-06-24,2024-06-25,1.0,PAID,6.3
73,27,2024-07-01,2024-07-07,6.0,LATE,6.3
73,28,2024-07-08,,,MISSED,6.3
73,29,2024-07-15,2024-07-20,5.0,LATE,6.3
73,30,2024-07-22,2024-07-26,4.0,LATE,6.3
73,31,2024-07-29,,,MISSED,6.3
73,32,2024-08-05,2024-08-14,9.0,LATE,6.3
73,33,2024-08-12,,,MISSED,6.3
73,34,2024-08-19,,,MISSED,6.3
73,35,2024-08-26,2024-09-01,6.0,LATE,6.3
73,36,2024-09-02,2024-09-07,5.0,LATE,6.3
73,37,2024-09-09,2024-09-15,6.0,LATE,6.3
73,38,2024-09-16,,,MISSED,6.3
73,39,2024-09-23,2024-10-07,14.0,LATE,6.3
73,40,2024-09-30,2024-10-12,12.0,LATE,6.3
73,41,2024-10-07,2024-10-09,2.0,PAID,6.3
73,42,2024-10-14,2024-10-22,8.0,LATE,6.3
73,43,2024-10-21,,,MISSED,6.3
73,44,2024-10-28,2024-10-28,0.0,PAID,6.3
73,45,2024-11-04,2024-11-08,4.0,LATE,6.3
73,46,2024-11-11,,,MISSED,6.3
73,47,2024-11-18,2024-11-20,2.0,PAID,6.3
73,48,2024-11-25,2024-12-03,8.0,LATE,6.3
73,49,2024-12-02,2024-12-09,7.0,LATE,6.3
73,50,2024-12-09,2024-12-12,3.0,PAID,6.3
73,51,2024-12-16,2024-12-27,11.0,LATE,6.3
73,52,2024-12-23,2024-12-31,8.0,LATE,6.3
73,53,2024-12-30,2025-01-04,5.0,LATE,6.3
73,54,2025-01-06,2025-01-12,6.0,LATE,6.3
73,55,2025-01-13,2025-01-18,5.0,LATE,6.3
73,56,2025-01-20,2025-01-22,2.0,PAID,6.3
73,57,2025-01-27,2025-02-02,6.0,LATE,6.3
73,58,2025-02-03,,,MISSED,6.3
73,59,2025-02-10,2025-02-16,6.0,LATE,6.3
73,60,2025-02-17,2025-02-22,5.0,LATE,6.3
73,61,2025-02-24,,,MISSED,6.3
73,62,2025-03-03,,,MISSED,6.3
73,63,2025-03-10,,,MISSED,6.3
73,64,2025-03-17,,,MISSED,6.3
73,65,2025-03-24,2025-04-02,9.0,LATE,6.3
73,66,2025-03-31,2025-04-09,9.0,LATE,6.3
73,67,2025-04-07,2025-04-12,5.0,LATE,6.3
73,68,2025-04-14,,,MISSED,6.3
73,69,2025-04-21,2025-05-04,13.0,LATE,6.3
73,70,2025-04-28,2025-05-04,6.0,LATE,6.3
73,71,2025-05-05,2025-05-14,9.0,LATE,6.3
73,72,2025-05-12,2025-05-17,5.0,LATE,6.3
73,73,2025-05-19,,,MISSED,6.3
73,74,2025-05-26,2025-05-31,5.0,LATE,6.3
73,75,2025-06-02,2025-06-09,7.0,LATE,6.3
73,76,2025-06-09,2025-06-17,8.0,LATE,6.3
73,77,2025-06-16,,,MISSED,6.3
73,78,2025-06-23,,,MISSED,6.3
73,79,2025-06-30,2025-07-02,2.0,PAID,6.3
73,80,2025-07-07,,,MISSED,6.3
73,81,2025-07-14,2025-07-20,6.0,LATE,6.3
73,82,2025-07-21,,,MISSED,6.3
73,83,2025-07-28,2025-07-31,3.0,PAID,6.3
73,84,2025-08-04,2025-08-08,4.0,LATE,6.3
73,85,2025-08-11,2025-08-14,3.0,PAID,6.3
73,86,2025-08-18,2025-08-26,8.0,LATE,6.3
73,87,2025-08-25,2025-08-30,5.0,LATE,6.3
73,88,2025-09-01,2025-09-10,9.0,LATE,6.3
73,89,2025-09-08,2025-09-10,2.0,PAID,6.3
73,90,2025-09-15,2025-09-20,5.0,LATE,6.3
73,91,2025-09-22,2025-09-27,5.0,LATE,6.3
73,92,2025-09-29,2025-10-05,6.0,LATE,6.3
73,93,2025-10-06,2025-10-11,5.0,LATE,6.3
73,94,2025-10-13,,,MISSED,6.3
73,95,2025-10-20,2025-10-26,6.0,LATE,6.3
73,96,2025-10-27,2025-10-30,3.0,PAID,6.3
73,97,2025-11-03,,,MISSED,6.3
73,98,2025-11-10,,,MISSED,6.3
73,99,2025-11-17,,,MISSED,6.3
73,100,2025-11-24,2025-12-01,7.0,LATE,6.3
73,101,2025-12-01,2025-12-10,9.0,LATE,6.3
73,102,2025-12-08,2025-12-11,3.0,PAID,6.3
73,103,2025-12-15,2025-12-17,2.0,PAID,6.3
73,104,2025-12-22,,,MISSED,6.3
74,1,2024-01-01,2024-01-08,7.0,LATE,6.06
74,2,2024-01-08,2024-01-14,6.0,LATE,6.06
74,3,2024-01-15,2024-01-20,5.0,LATE,6.06
74,4,2024-01-22,2024-01-27,5.0,LATE,6.06
74,5,2024-01-29,,,MISSED,6.06
74,6,2024-02-05,2024-02-13,8.0,LATE,6.06
74,7,2024-02-12,,,MISSED,6.06
74,8,2024-02-19,2024-02-23,4.0,LATE,6.06
74,9,2024-02-26,2024-03-01,4.0,LATE,6.06
74,10,2024-03-04,2024-03-09,5.0,LATE,6.06
74,11,2024-03-11,,,MISSED,6.06
74,12,2024-03-18,2024-03-28,10.0,LATE,6.06
74,13,2024-03-25,2024-03-29,4.0,LATE,6.06
74,14,2024-04-01,,,MISSED,6.06
74,15,2024-04-08,2024-04-13,5.0,LATE,6.06
74,16,2024-04-15,2024-04-21,6.0,LATE,6.06
74,17,2024-04-22,2024-05-02,10.0,LATE,6.06
74,18,2024-04-29,,,MISSED,6.06
74,19,2024-05-06,2024-05-09,3.0,PAID,6.06
74,20,2024-05-13,2024-05-20,7.0,LATE,6.06
74,21,2024-05-20,2024-05-22,2.0,PAID,6.06
74,22,2024-05-27,2024-05-31,4.0,LATE,6.06
74,23,2024-06-03,2024-06-10,7.0,LATE,6.06
74,24,2024-06-10,2024-06-17,7.0,LATE,6.06
74,25,2024-06-17,2024-06-24,7.0,LATE,6.06
74,26,2024-06-24,2024-07-02,8.0,LATE,6.06
74,27,2024-07-01,,,MISSED,6.06
74,28,2024-07-08,2024-07-11,3.0,PAID,6.06
74,29,2024-07-15,2024-07-21,6.0,LATE,6.06
74,30,2024-07-22,,,MISSED,6.06
74,31,2024-07-29,2024-08-02,4.0,LATE,6.06
74,32,2024-08-05,2024-08-09,4.0,LATE,6.06
74,33,2024-08-12,2024-08-17,5.0,LATE,6.06
74,34,2024-08-19,2024-08-23,4.0,LATE,6.06
74,35,2024-08-26,2024-08-29,3.0,PAID,6.06
74,36,2024-09-02,2024-09-11,9.0,LATE,6.06
74,37,2024-09-09,2024-09-17,8.0,LATE,6.06
74,38,2024-09-16,2024-09-22,6.0,LATE,6.06
74,39,2024-09-23,2024-09-27,4.0,LATE,6.06
74,40,2024-09-30,,,MISSED,6.06
74,41,2024-10-07,,,MISSED,6.06
74,42,2024-10-14,2024-10-23,9.0,LATE,6.06
74,43,2024-10-21,2024-10-25,4.0,LATE,6.06
74,44,2024-10-28,2024-11-01,4.0,LATE,6.06
74,45,2024-11-04,2024-11-13,9.0,LATE,6.06
74,46,2024-11-11,2024-11-16,5.0,LATE,6.06
74,47,2024-11-18,2024-11-25,7.0,LATE,6.06
74,48,2024-11-25,2024-11-30,5.0,LATE,6.06
74,49,2024-12-02,2024-12-05,3.0,PAID,6.06
74,50,2024-12-09,2024-12-12,3.0,PAID,6.06
74,51,2024-12-16,2024-12-21,5.0,LATE,6.06
74,52,2024-12-23,,,MISSED,6.06
74,53,2024-12-30,,,MISSED,6.06
74,54,2025-01-06,,,MISSED,6.06
74,55,2025-01-13,,,MISSED,6.06
74,56,2025-01-20,2025-01-24,4.0,LATE,6.06
74,57,2025-01-27,2025-02-03,7.0,LATE,6.06
74,58,2025-02-03,,,MISSED,6.06
74,59,2025-02-10,2025-02-15,5.0,LATE,6.06
74,60,2025-02-17,,,MISSED,6.06
74,61,2025-02-24,,,MISSED,6.06
74,62,2025-03-03,2025-03-10,7.0,LATE,6.06
74,63,2025-03-10,2025-03-15,5.0,LATE,6.06
74,64,2025-03-17,,,MISSED,6.06
74,65,2025-03-24,2025-03-30,6.0,LATE,6.06
74,66,2025-03-31,2025-04-03,3.0,PAID,6.06
74,67,2025-04-07,2025-04-14,7.0,LATE,6.06
74,68,2025-04-14,2025-04-19,5.0,LATE,6.06
74,69,2025-04-21,,,MISSED,6.06
74,70,2025-04-28,2025-05-05,7.0,LATE,6.06
74,71,2025-05-05,2025-05-13,8.0,LATE,6.06
74,72,2025-05-12,2025-05-17,5.0,LATE,6.06
74,73,2025-05-19,2025-05-30,11.0,LATE,6.06
74,74,2025-05-26,2025-06-04,9.0,LATE,6.06
74,75,2025-06-02,2025-06-08,6.0,LATE,6.06
74,76,2025-06-09,2025-06-17,8.0,LATE,6.06
74,77,2025-06-16,2025-06-19,3.0,PAID,6.06
74,78,2025-06-23,2025-06-29,6.0,LATE,6.06
74,79,2025-06-30,2025-07-05,5.0,LATE,6.06
74,80,2025-07-07,,,MISSED,6.06
74,81,2025-07-14,2025-07-23,9.0,LATE,6.06
74,82,2025-07-21,2025-07-28,7.0,LATE,6.06
74,83,2025-07-28,2025-08-04,7.0,LATE,6.06
74,84,2025-08-04,2025-08-12,8.0,LATE,6.06
74,85,2025-08-11,2025-08-21,10.0,LATE,6.06
74,86,2025-08-18,2025-08-23,5.0,LATE,6.06
74,87,2025-08-25,2025-08-27,2.0,PAID,6.06
74,88,2025-09-01,,,MISSED,6.06
74,89,2025-09-08,,,MISSED,6.06
74,90,2025-09-15,2025-09-21,6.0,LATE,6.06
74,91,2025-09-22,,,MISSED,6.06
74,92,2025-09-29,,,MISSED,6.06
74,93,2025-10-06,2025-10-09,3.0,PAID,6.06
74,94,2025-10-13,2025-10-22,9.0,LATE,6.06
74,95,2025-10-20,2025-10-28,8.0,LATE,6.06
74,96,2025-10-27,,,MISSED,6.06
74,97,2025-11-03,2025-11-14,11.0,LATE,6.06
74,98,2025-11-10,2025-11-12,2.0,PAID,6.06
74,99,2025-11-17,2025-11-20,3.0,PAID,6.06
74,100,2025-11-24,2025-11-30,6.0,LATE,6.06
74,101,2025-12-01,,,MISSED,6.06
74,102,2025-12-08,2025-12-14,6.0,LATE,6.06
74,103,2025-12-15,,,MISSED,6.06
74,104,2025-12-22,2025-12-26,4.0,LATE,6.06
75,1,2024-01-01,,,MISSED,6.26
75,2,2024-01-08,2024-01-16,8.0,LATE,6.26
75,3,2024-01-15,2024-01-23,8.0,LATE,6.26
75,4,2024-01-22,2024-01-27,5.0,LATE,6.26
75,5,2024-01-29,2024-02-08,10.0,LATE,6.26
75,6,2024-02-05,2024-02-13,8.0,LATE,6.26
75,7,2024-02-12,2024-02-20,8.0,LATE,6.26
75,8,2024-02-19,,,MISSED,6.26
75,9,2024-02-26,2024-03-05,8.0,LATE,6.26
75,10,2024-03-04,,,MISSED,6.26
75,11,2024-03-11,2024-03-14,3.0,PAID,6.26
75,12,2024-03-18,2024-03-22,4.0,LATE,6.26
75,13,2024-03-25,2024-04-02,8.0,LATE,6.26
75,14,2024-04-01,2024-04-12,11.0,LATE,6.26
75,15,2024-04-08,,,MISSED,6.26
75,16,2024-04-15,2024-04-19,4.0,LATE,6.26
75,17,2024-04-22,2024-04-30,8.0,LATE,6.26
75,18,2024-04-29,,,MISSED,6.26
75,19,2024-05-06,,,MISSED,6.26
75,20,2024-05-13,2024-05-20,7.0,LATE,6.26
75,21,2024-05-20,2024-05-25,5.0,LATE,6.26
75,22,2024-05-27,2024-05-30,3.0,PAID,6.26
75,23,2024-06-03,2024-06-09,6.0,LATE,6.26
75,24,2024-06-10,2024-06-19,9.0,LATE,6.26
75,25,2024-06-17,2024-06-24,7.0,LATE,6.26
75,26,2024-06-24,2024-06-25,1.0,PAID,6.26
75,27,2024-07-01,2024-07-07,6.0,LATE,6.26
75,28,2024-07-08,2024-07-16,8.0,LATE,6.26
75,29,2024-07-15,2024-07-19,4.0,LATE,6.26
75,30,2024-07-22,,,MISSED,6.26
75,31,2024-07-29,,,MISSED,6.26
75,32,2024-08-05,,,MISSED,6.26
75,33,2024-08-12,2024-08-18,6.0,LATE,6.26
75,34,2024-08-19,2024-08-22,3.0,PAID,6.26
75,35,2024-08-26,2024-09-04,9.0,LATE,6.26
75,36,2024-09-02,2024-09-06,4.0,LATE,6.26
75,37,2024-09-09,2024-09-16,7.0,LATE,6.26
75,38,2024-09-16,,,MISSED,6.26
75,39,2024-09-23,,,MISSED,6.26
75,40,2024-09-30,2024-10-04,4.0,LATE,6.26
75,41,2024-10-07,2024-10-11,4.0,LATE,6.26
75,42,2024-10-14,,,MISSED,6.26
75,43,2024-10-21,,,MISSED,6.26
75,44,2024-10-28,,,MISSED,6.26
75,45,2024-11-04,,,MISSED,6.26
75,46,2024-11-11,2024-11-17,6.0,LATE,6.26
75,47,2024-11-18,2024-11-24,6.0,LATE,6.26
75,48,2024-11-25,,,MISSED,6.26
75,49,2024-12-02,2024-12-05,3.0,PAID,6.26
75,50,2024-12-09,2024-12-14,5.0,LATE,6.26
75,51,2024-12-16,,,MISSED,6.26
75,52,2024-12-23,2024-12-27,4.0,LATE,6.26
75,53,2024-12-30,2025-01-06,7.0,LATE,6.26
75,54,2025-01-06,2025-01-09,3.0,PAID,6.26
75,55,2025-01-13,2025-01-21,8.0,LATE,6.26
75,56,2025-01-20,,,MISSED,6.26
75,57,2025-01-27,2025-02-02,6.0,LATE,6.26
75,58,2025-02-03,2025-02-13,10.0,LATE,6.26
75,59,2025-02-10,2025-02-13,3.0,PAID,6.26
75,60,2025-02-17,2025-02-21,4.0,LATE,6.26
75,61,2025-02-24,,,MISSED,6.26
75,62,2025-03-03,2025-03-12,9.0,LATE,6.26
75,63,2025-03-10,2025-03-12,2.0,PAID,6.26
75,64,2025-03-17,,,MISSED,6.26
75,65,2025-03-24,2025-03-28,4.0,LATE,6.26
75,66,2025-03-31,2025-04-08,8.0,LATE,6.26
75,67,2025-04-07,2025-04-13,6.0,LATE,6.26
75,68,2025-04-14,2025-04-20,6.0,LATE,6.26
75,69,2025-04-21,,,MISSED,6.26
75,70,2025-04-28,,,MISSED,6.26
75,71,2025-05-05,2025-05-10,5.0,LATE,6.26
75,72,2025-05-12,2025-05-19,7.0,LATE,6.26
75,73,2025-05-19,,,MISSED,6.26
75,74,2025-05-26,2025-06-03,8.0,LATE,6.26
75,75,2025-06-02,,,MISSED,6.26
75,76,2025-06-09,,,MISSED,6.26
75,77,2025-06-16,2025-06-22,6.0,LATE,6.26
75,78,2025-06-23,2025-06-28,5.0,LATE,6.26
75,79,2025-06-30,2025-07-05,5.0,LATE,6.26
75,80,2025-07-07,2025-07-15,8.0,LATE,6.26
75,81,2025-07-14,2025-07-18,4.0,LATE,6.26
75,82,2025-07-21,2025-07-29,8.0,LATE,6.26
75,83,2025-07-28,2025-08-06,9.0,LATE,6.26
75,84,2025-08-04,,,MISSED,6.26
75,85,2025-08-11,2025-08-20,9.0,LATE,6.26
75,86,2025-08-18,2025-08-27,9.0,LATE,6.26
75,87,2025-08-25,2025-09-02,8.0,LATE,6.26
75,88,2025-09-01,2025-09-06,5.0,LATE,6.26
75,89,2025-09-08,2025-09-13,5.0,LATE,6.26
75,90,2025-09-15,2025-09-22,7.0,LATE,6.26
75,91,2025-09-22,2025-09-27,5.0,LATE,6.26
75,92,2025-09-29,2025-10-08,9.0,LATE,6.26
75,93,2025-10-06,2025-10-15,9.0,LATE,6.26
75,94,2025-10-13,,,MISSED,6.26
75,95,2025-10-20,,,MISSED,6.26
75,96,2025-10-27,2025-10-31,4.0,LATE,6.26
75,97,2025-11-03,2025-11-09,6.0,LATE,6.26
75,98,2025-11-10,,,MISSED,6.26
75,99,2025-11-17,2025-11-22,5.0,LATE,6.26
75,100,2025-11-24,,,MISSED,6.26
75,101,2025-12-01,2025-12-06,5.0,LATE,6.26
75,102,2025-12-08,2025-12-16,8.0,LATE,6.26
75,103,2025-12-15,2025-12-19,4.0,LATE,6.26
75,104,2025-12-22,,,MISSED,6.26
76,1,2024-01-01,,,MISSED,6.75
76,2,2024-01-08,,,MISSED,6.75
76,3,2024-01-15,,,MISSED,6.75
76,4,2024-01-22,,,MISSED,6.75
76,5,2024-01-29,2024-02-05,7.0,LATE,6.75
76,6,2024-02-05,,,MISSED,6.75
76,7,2024-02-12,2024-02-21,9.0,LATE,6.75
76,8,2024-02-19,,,MISSED,6.75
76,9,2024-02-26,2024-03-03,6.0,LATE,6.75
76,10,2024-03-04,,,MISSED,6.75
76,11,2024-03-11,2024-03-16,5.0,LATE,6.75
76,12,2024-03-18,2024-03-23,5.0,LATE,6.75
76,13,2024-03-25,2024-04-06,12.0,LATE,6.75
76,14,2024-04-01,2024-04-08,7.0,LATE,6.75
76,15,2024-04-08,,,MISSED,6.75
76,16,2024-04-15,2024-04-23,8.0,LATE,6.75
76,17,2024-04-22,,,MISSED,6.75
76,18,2024-04-29,2024-05-02,3.0,PAID,6.75
76,19,2024-05-06,2024-05-10,4.0,LATE,6.75
76,20,2024-05-13,2024-05-23,10.0,LATE,6.75
76,21,2024-05-20,,,MISSED,6.75
76,22,2024-05-27,,,MISSED,6.75
76,23,2024-06-03,2024-06-08,5.0,LATE,6.75
76,24,2024-06-10,2024-06-20,10.0,LATE,6.75
76,25,2024-06-17,2024-06-21,4.0,LATE,6.75
76,26,2024-06-24,,,MISSED,6.75
76,27,2024-07-01,2024-07-10,9.0,LATE,6.75
76,28,2024-07-08,2024-07-15,7.0,LATE,6.75
76,29,2024-07-15,2024-07-21,6.0,LATE,6.75
76,30,2024-07-22,2024-07-28,6.0,LATE,6.75
76,31,2024-07-29,2024-08-06,8.0,LATE,6.75
76,32,2024-08-05,,,MISSED,6.75
76,33,2024-08-12,2024-08-20,8.0,LATE,6.75
76,34,2024-08-19,2024-08-27,8.0,LATE,6.75
76,35,2024-08-26,,,MISSED,6.75
76,36,2024-09-02,2024-09-15,13.0,LATE,6.75
76,37,2024-09-09,,,MISSED,6.75
76,38,2024-09-16,2024-09-20,4.0,LATE,6.75
76,39,2024-09-23,2024-10-01,8.0,LATE,6.75
76,40,2024-09-30,,,MISSED,6.75
76,41,2024-10-07,2024-10-11,4.0,LATE,6.75
76,42,2024-10-14,2024-10-20,6.0,LATE,6.75
76,43,2024-10-21,2024-10-30,9.0,LATE,6.75
76,44,2024-10-28,2024-11-04,7.0,LATE,6.75
76,45,2024-11-04,,,MISSED,6.75
76,46,2024-11-11,2024-11-15,4.0,LATE,6.75
76,47,2024-11-18,2024-11-25,7.0,LATE,6.75
76,48,2024-11-25,2024-12-01,6.0,LATE,6.75
76,49,2024-12-02,2024-12-05,3.0,PAID,6.75
76,50,2024-12-09,2024-12-14,5.0,LATE,6.75
76,51,2024-12-16,2024-12-22,6.0,LATE,6.75
76,52,2024-12-23,2024-12-28,5.0,LATE,6.75
76,53,2024-12-30,2025-01-02,3.0,PAID,6.75
76,54,2025-01-06,2025-01-12,6.0,LATE,6.75
76,55,2025-01-13,,,MISSED,6.75
76,56,2025-01-20,2025-01-28,8.0,LATE,6.75
76,57,2025-01-27,,,MISSED,6.75
76,58,2025-02-03,,,MISSED,6.75
76,59,2025-02-10,2025-02-15,5.0,LATE,6.75
76,60,2025-02-17,2025-02-23,6.0,LATE,6.75
76,61,2025-02-24,2025-03-04,8.0,LATE,6.75
76,62,2025-03-03,,,MISSED,6.75
76,63,2025-03-10,2025-03-18,8.0,LATE,6.75
76,64,2025-03-17,,,MISSED,6.75
76,65,2025-03-24,2025-03-28,4.0,LATE,6.75
76,66,2025-03-31,2025-04-05,5.0,LATE,6.75
76,67,2025-04-07,2025-04-15,8.0,LATE,6.75
76,68,2025-04-14,2025-04-21,7.0,LATE,6.75
76,69,2025-04-21,,,MISSED,6.75
76,70,2025-04-28,,,MISSED,6.75
76,71,2025-05-05,2025-05-17,12.0,LATE,6.75
76,72,2025-05-12,,,MISSED,6.75
76,73,2025-05-19,2025-05-27,8.0,LATE,6.75
76,74,2025-05-26,,,MISSED,6.75
76,75,2025-06-02,2025-06-09,7.0,LATE,6.75
76,76,2025-06-09,2025-06-16,7.0,LATE,6.75
76,77,2025-06-16,,,MISSED,6.75
76,78,2025-06-23,2025-06-26,3.0,PAID,6.75
76,79,2025-06-30,2025-07-05,5.0,LATE,6.75
76,80,2025-07-07,,,MISSED,6.75
76,81,2025-07-14,,,MISSED,6.75
76,82,2025-07-21,2025-07-25,4.0,LATE,6.75
76,83,2025-07-28,2025-08-06,9.0,LATE,6.75
76,84,2025-08-04,2025-08-11,7.0,LATE,6.75
76,85,2025-08-11,2025-08-23,12.0,LATE,6.75
76,86,2025-08-18,,,MISSED,6.75
76,87,2025-08-25,2025-09-01,7.0,LATE,6.75
76,88,2025-09-01,2025-09-06,5.0,LATE,6.75
76,89,2025-09-08,2025-09-13,5.0,LATE,6.75
76,90,2025-09-15,,,MISSED,6.75
76,91,2025-09-22,2025-10-07,15.0,LATE,6.75
76,92,2025-09-29,2025-10-04,5.0,LATE,6.75
76,93,2025-10-06,,,MISSED,6.75
76,94,2025-10-13,,,MISSED,6.75
76,95,2025-10-20,2025-10-25,5.0,LATE,6.75
76,96,2025-10-27,2025-11-04,8.0,LATE,6.75
76,97,2025-11-03,2025-11-09,6.0,LATE,6.75
76,98,2025-11-10,2025-11-17,7.0,LATE,6.75
76,99,2025-11-17,2025-11-22,5.0,LATE,6.75
76,100,2025-11-24,2025-11-29,5.0,LATE,6.75
76,101,2025-12-01,,,MISSED,6.75
76,102,2025-12-08,,,MISSED,6.75
76,103,2025-12-15,2025-12-20,5.0,LATE,6.75
76,104,2025-12-22,,,MISSED,6.75
77,1,2024-01-01,2024-01-08,7.0,LATE,5.62
77,2,2024-01-08,,,MISSED,5.62
77,3,2024-01-15,2024-01-21,6.0,LATE,5.62
77,4,2024-01-22,,,MISSED,5.62
77,5,2024-01-29,2024-02-04,6.0,LATE,5.62
77,6,2024-02-05,2024-02-11,6.0,LATE,5.62
77,7,2024-02-12,2024-02-17,5.0,LATE,5.62
77,8,2024-02-19,2024-02-25,6.0,LATE,5.62
77,9,2024-02-26,,,MISSED,5.62
77,10,2024-03-04,,,MISSED,5.62
77,11,2024-03-11,2024-03-18,7.0,LATE,5.62
77,12,2024-03-18,2024-03-25,7.0,LATE,5.62
77,13,2024-03-25,2024-04-02,8.0,LATE,5.62
77,14,2024-04-01,,,MISSED,5.62
77,15,2024-04-08,2024-04-13,5.0,LATE,5.62
77,16,2024-04-15,2024-04-19,4.0,LATE,5.62
77,17,2024-04-22,2024-04-24,2.0,PAID,5.62
77,18,2024-04-29,2024-05-04,5.0,LATE,5.62
77,19,2024-05-06,2024-05-13,7.0,LATE,5.62
77,20,2024-05-13,2024-05-15,2.0,PAID,5.62
77,21,2024-05-20,,,MISSED,5.62
77,22,2024-05-27,,,MISSED,5.62
77,23,2024-06-03,2024-06-10,7.0,LATE,5.62
77,24,2024-06-10,2024-06-18,8.0,LATE,5.62
77,25,2024-06-17,2024-06-23,6.0,LATE,5.62
77,26,2024-06-24,2024-07-02,8.0,LATE,5.62
77,27,2024-07-01,2024-07-08,7.0,LATE,5.62
77,28,2024-07-08,2024-07-14,6.0,LATE,5.62
77,29,2024-07-15,2024-07-21,6.0,LATE,5.62
77,30,2024-07-22,,,MISSED,5.62
77,31,2024-07-29,2024-08-04,6.0,LATE,5.62
77,32,2024-08-05,2024-08-08,3.0,PAID,5.62
77,33,2024-08-12,2024-08-16,4.0,LATE,5.62
77,34,2024-08-19,,,MISSED,5.62
77,35,2024-08-26,,,MISSED,5.62
77,36,2024-09-02,2024-09-12,10.0,LATE,5.62
77,37,2024-09-09,2024-09-13,4.0,LATE,5.62
77,38,2024-09-16,,,MISSED,5.62
77,39,2024-09-23,2024-09-28,5.0,LATE,5.62
77,40,2024-09-30,,,MISSED,5.62
77,41,2024-10-07,2024-10-09,2.0,PAID,5.62
77,42,2024-10-14,2024-10-19,5.0,LATE,5.62
77,43,2024-10-21,2024-10-29,8.0,LATE,5.62
77,44,2024-10-28,2024-10-29,1.0,PAID,5.62
77,45,2024-11-04,2024-11-10,6.0,LATE,5.62
77,46,2024-11-11,,,MISSED,5.62
77,47,2024-11-18,2024-11-24,6.0,LATE,5.62
77,48,2024-11-25,2024-12-01,6.0,LATE,5.62
77,49,2024-12-02,,,MISSED,5.62
77,50,2024-12-09,2024-12-12,3.0,PAID,5.62
77,51,2024-12-16,2024-12-23,7.0,LATE,5.62
77,52,2024-12-23,2024-12-29,6.0,LATE,5.62
77,53,2024-12-30,2025-01-01,2.0,PAID,5.62
77,54,2025-01-06,,,MISSED,5.62
77,55,2025-01-13,,,MISSED,5.62
77,56,2025-01-20,,,MISSED,5.62
77,57,2025-01-27,2025-01-30,3.0,PAID,5.62
77,58,2025-02-03,2025-02-03,0.0,PAID,5.62
77,59,2025-02-10,2025-02-13,3.0,PAID,5.62
77,60,2025-02-17,2025-02-21,4.0,LATE,5.62
77,61,2025-02-24,,,MISSED,5.62
77,62,2025-03-03,2025-03-07,4.0,LATE,5.62
77,63,2025-03-10,2025-03-16,6.0,LATE,5.62
77,64,2025-03-17,2025-03-25,8.0,LATE,5.62
77,65,2025-03-24,2025-03-28,4.0,LATE,5.62
77,66,2025-03-31,,,MISSED,5.62
77,67,2025-04-07,2025-04-12,5.0,LATE,5.62
77,68,2025-04-14,2025-04-21,7.0,LATE,5.62
77,69,2025-04-21,2025-04-27,6.0,LATE,5.62
77,70,2025-04-28,2025-05-08,10.0,LATE,5.62
77,71,2025-05-05,2025-05-11,6.0,LATE,5.62
77,72,2025-05-12,2025-05-19,7.0,LATE,5.62
77,73,2025-05-19,2025-05-22,3.0,PAID,5.62
77,74,2025-05-26,,,MISSED,5.62
77,75,2025-06-02,2025-06-10,8.0,LATE,5.62
77,76,2025-06-09,,,MISSED,5.62
77,77,2025-06-16,2025-06-23,7.0,LATE,5.62
77,78,2025-06-23,2025-06-28,5.0,LATE,5.62
77,79,2025-06-30,,,MISSED,5.62
77,80,2025-07-07,2025-07-13,6.0,LATE,5.62
77,81,2025-07-14,2025-07-19,5.0,LATE,5.62
77,82,2025-07-21,2025-07-25,4.0,LATE,5.62
77,83,2025-07-28,,,MISSED,5.62
77,84,2025-08-04,2025-08-08,4.0,LATE,5.62
77,85,2025-08-11,2025-08-15,4.0,LATE,5.62
77,86,2025-08-18,2025-08-25,7.0,LATE,5.62
77,87,2025-08-25,2025-08-31,6.0,LATE,5.62
77,88,2025-09-01,2025-09-03,2.0,PAID,5.62
77,89,2025-09-08,,,MISSED,5.62
77,90,2025-09-15,,,MISSED,5.62
77,91,2025-09-22,2025-09-25,3.0,PAID,5.62
77,92,2025-09-29,2025-10-09,10.0,LATE,5.62
77,93,2025-10-06,2025-10-12,6.0,LATE,5.62
77,94,2025-10-13,2025-10-23,10.0,LATE,5.62
77,95,2025-10-20,2025-10-25,5.0,LATE,5.62
77,96,2025-10-27,,,MISSED,5.62
77,97,2025-11-03,2025-11-08,5.0,LATE,5.62
77,98,2025-11-10,,,MISSED,5.62
77,99,2025-11-17,2025-11-22,5.0,LATE,5.62
77,100,2025-11-24,2025-11-28,4.0,LATE,5.62
77,101,2025-12-01,2025-12-04,3.0,PAID,5.62
77,102,2025-12-08,2025-12-15,7.0,LATE,5.62
77,103,2025-12-15,2025-12-20,5.0,LATE,5.62
77,104,2025-12-22,2025-12-27,5.0,LATE,5.62
78,1,2024-01-01,2024-01-05,4.0,LATE,1.07
78,2,2024-01-08,2024-01-08,0.0,PAID,1.07
78,3,2024-01-15,2024-01-15,0.0,PAID,1.07
78,4,2024-01-22,2024-01-22,0.0,PAID,1.07
78,5,2024-01-29,2024-01-30,1.0,PAID,1.07
78,6,2024-02-05,2024-02-09,4.0,LATE,1.07
78,7,2024-02-12,2024-02-12,0.0,PAID,1.07
78,8,2024-02-19,2024-02-20,1.0,PAID,1.07
78,9,2024-02-26,2024-02-28,2.0,PAID,1.07
78,10,2024-03-04,2024-03-07,3.0,PAID,1.07
78,11,2024-03-11,2024-03-12,1.0,PAID,1.07
78,12,2024-03-18,2024-03-21,3.0,PAID,1.07
78,13,2024-03-25,2024-03-26,1.0,PAID,1.07
78,14,2024-04-01,2024-04-01,0.0,PAID,1.07
78,15,2024-04-08,2024-04-08,0.0,PAID,1.07
78,16,2024-04-15,2024-04-16,1.0,PAID,1.07
78,17,2024-04-22,2024-04-25,3.0,PAID,1.07
78,18,2024-04-29,2024-04-30,1.0,PAID,1.07
78,19,2024-05-06,2024-05-06,0.0,PAID,1.07
78,20,2024-05-13,2024-05-14,1.0,PAID,1.07
78,21,2024-05-20,2024-05-21,1.0,PAID,1.07
78,22,2024-05-27,,,MISSED,1.07
78,23,2024-06-03,,,MISSED,1.07
78,24,2024-06-10,2024-06-10,0.0,PAID,1.07
78,25,2024-06-17,,,MISSED,1.07
78,26,2024-06-24,2024-06-24,0.0,PAID,1.07
78,27,2024-07-01,2024-07-01,0.0,PAID,1.07
78,28,2024-07-08,2024-07-11,3.0,PAID,1.07
78,29,2024-07-15,2024-07-17,2.0,PAID,1.07
78,30,2024-07-22,2024-07-22,0.0,PAID,1.07
78,31,2024-07-29,2024-07-31,2.0,PAID,1.07
78,32,2024-08-05,2024-08-08,3.0,PAID,1.07
78,33,2024-08-12,2024-08-14,2.0,PAID,1.07
78,34,2024-08-19,2024-08-23,4.0,LATE,1.07
78,35,2024-08-26,2024-08-26,0.0,PAID,1.07
78,36,2024-09-02,2024-09-03,1.0,PAID,1.07
78,37,2024-09-09,,,MISSED,1.07
78,38,2024-09-16,2024-09-16,0.0,PAID,1.07
78,39,2024-09-23,2024-09-26,3.0,PAID,1.07
78,40,2024-09-30,,,MISSED,1.07
78,41,2024-10-07,2024-10-08,1.0,PAID,1.07
78,42,2024-10-14,,,MISSED,1.07
78,43,2024-10-21,2024-10-21,0.0,PAID,1.07
78,44,2024-10-28,2024-10-30,2.0,PAID,1.07
78,45,2024-11-04,2024-11-06,2.0,PAID,1.07
78,46,2024-11-11,2024-11-12,1.0,PAID,1.07
78,47,2024-11-18,2024-11-18,0.0,PAID,1.07
78,48,2024-11-25,2024-11-26,1.0,PAID,1.07
78,49,2024-12-02,2024-12-03,1.0,PAID,1.07
78,50,2024-12-09,,,MISSED,1.07
78,51,2024-12-16,2024-12-17,1.0,PAID,1.07
78,52,2024-12-23,2024-12-24,1.0,PAID,1.07
78,53,2024-12-30,2024-12-30,0.0,PAID,1.07
78,54,2025-01-06,2025-01-08,2.0,PAID,1.07
78,55,2025-01-13,2025-01-15,2.0,PAID,1.07
78,56,2025-01-20,2025-01-20,0.0,PAID,1.07
78,57,2025-01-27,2025-01-27,0.0,PAID,1.07
78,58,2025-02-03,2025-02-04,1.0,PAID,1.07
78,59,2025-02-10,2025-02-13,3.0,PAID,1.07
78,60,2025-02-17,2025-02-18,1.0,PAID,1.07
78,61,2025-02-24,2025-02-25,1.0,PAID,1.07
78,62,2025-03-03,2025-03-03,0.0,PAID,1.07
78,63,2025-03-10,2025-03-12,2.0,PAID,1.07
78,64,2025-03-17,2025-03-18,1.0,PAID,1.07
78,65,2025-03-24,2025-03-26,2.0,PAID,1.07
78,66,2025-03-31,2025-04-01,1.0,PAID,1.07
78,67,2025-04-07,2025-04-09,2.0,PAID,1.07
78,68,2025-04-14,2025-04-15,1.0,PAID,1.07
78,69,2025-04-21,2025-04-23,2.0,PAID,1.07
78,70,2025-04-28,2025-04-28,0.0,PAID,1.07
78,71,2025-05-05,2025-05-06,1.0,PAID,1.07
78,72,2025-05-12,2025-05-13,1.0,PAID,1.07
78,73,2025-05-19,,,MISSED,1.07
78,74,2025-05-26,2025-05-27,1.0,PAID,1.07
78,75,2025-06-02,2025-06-03,1.0,PAID,1.07
78,76,2025-06-09,2025-06-11,2.0,PAID,1.07
78,77,2025-06-16,2025-06-16,0.0,PAID,1.07
78,78,2025-06-23,2025-06-23,0.0,PAID,1.07
78,79,2025-06-30,2025-07-01,1.0,PAID,1.07
78,80,2025-07-07,2025-07-08,1.0,PAID,1.07
78,81,2025-07-14,2025-07-15,1.0,PAID,1.07
78,82,2025-07-21,2025-07-22,1.0,PAID,1.07
78,83,2025-07-28,2025-07-28,0.0,PAID,1.07
78,84,2025-08-04,2025-08-07,3.0,PAID,1.07
78,85,2025-08-11,,,MISSED,1.07
78,86,2025-08-18,2025-08-19,1.0,PAID,1.07
78,87,2025-08-25,2025-08-26,1.0,PAID,1.07
78,88,2025-09-01,2025-09-02,1.0,PAID,1.07
78,89,2025-09-08,2025-09-11,3.0,PAID,1.07
78,90,2025-09-15,2025-09-18,3.0,PAID,1.07
78,91,2025-09-22,2025-09-22,0.0,PAID,1.07
78,92,2025-09-29,2025-09-29,0.0,PAID,1.07
78,93,2025-10-06,2025-10-06,0.0,PAID,1.07
78,94,2025-10-13,2025-10-13,0.0,PAID,1.07
78,95,2025-10-20,2025-10-22,2.0,PAID,1.07
78,96,2025-10-27,2025-10-29,2.0,PAID,1.07
78,97,2025-11-03,2025-11-03,0.0,PAID,1.07
78,98,2025-11-10,2025-11-12,2.0,PAID,1.07
78,99,2025-11-17,2025-11-17,0.0,PAID,1.07
78,100,2025-11-24,2025-11-25,1.0,PAID,1.07
78,101,2025-12-01,2025-12-02,1.0,PAID,1.07
78,102,2025-12-08,2025-12-08,0.0,PAID,1.07
78,103,2025-12-15,2025-12-15,0.0,PAID,1.07
78,104,2025-12-22,2025-12-22,0.0,PAID,1.07
79,1,2024-01-01,2024-01-03,2.0,PAID,2.34
79,2,2024-01-08,2024-01-08,0.0,PAID,2.34
79,3,2024-01-15,2024-01-18,3.0,PAID,2.34
79,4,2024-01-22,2024-01-24,2.0,PAID,2.34
79,5,2024-01-29,2024-01-31,2.0,PAID,2.34
79,6,2024-02-05,2024-02-05,0.0,PAID,2.34
79,7,2024-02-12,2024-02-15,3.0,PAID,2.34
79,8,2024-02-19,,,MISSED,2.34
79,9,2024-02-26,2024-02-28,2.0,PAID,2.34
79,10,2024-03-04,,,MISSED,2.34
79,11,2024-03-11,2024-03-15,4.0,LATE,2.34
79,12,2024-03-18,,,MISSED,2.34
79,13,2024-03-25,2024-03-27,2.0,PAID,2.34
79,14,2024-04-01,2024-04-06,5.0,LATE,2.34
79,15,2024-04-08,2024-04-08,0.0,PAID,2.34
79,16,2024-04-15,2024-04-18,3.0,PAID,2.34
79,17,2024-04-22,2024-04-24,2.0,PAID,2.34
79,18,2024-04-29,2024-04-30,1.0,PAID,2.34
79,19,2024-05-06,2024-05-08,2.0,PAID,2.34
79,20,2024-05-13,2024-05-13,0.0,PAID,2.34
79,21,2024-05-20,2024-05-21,1.0,PAID,2.34
79,22,2024-05-27,2024-05-27,0.0,PAID,2.34
79,23,2024-06-03,,,MISSED,2.34
79,24,2024-06-10,2024-06-12,2.0,PAID,2.34
79,25,2024-06-17,2024-06-19,2.0,PAID,2.34
79,26,2024-06-24,2024-06-25,1.0,PAID,2.34
79,27,2024-07-01,2024-07-06,5.0,LATE,2.34
79,28,2024-07-08,,,MISSED,2.34
79,29,2024-07-15,2024-07-17,2.0,PAID,2.34
79,30,2024-07-22,2024-07-26,4.0,LATE,2.34
79,31,2024-07-29,2024-08-03,5.0,LATE,2.34
79,32,2024-08-05,,,MISSED,2.34
79,33,2024-08-12,,,MISSED,2.34
79,34,2024-08-19,2024-08-19,0.0,PAID,2.34
79,35,2024-08-26,2024-08-28,2.0,PAID,2.34
79,36,2024-09-02,2024-09-05,3.0,PAID,2.34
79,37,2024-09-09,2024-09-10,1.0,PAID,2.34
79,38,2024-09-16,2024-09-17,1.0,PAID,2.34
79,39,2024-09-23,2024-09-25,2.0,PAID,2.34
79,40,2024-09-30,,,MISSED,2.34
79,41,2024-10-07,,,MISSED,2.34
79,42,2024-10-14,2024-10-20,6.0,LATE,2.34
79,43,2024-10-21,,,MISSED,2.34
79,44,2024-10-28,2024-10-29,1.0,PAID,2.34
79,45,2024-11-04,2024-11-06,2.0,PAID,2.34
79,46,2024-11-11,2024-11-14,3.0,PAID,2.34
79,47,2024-11-18,2024-11-19,1.0,PAID,2.34
79,48,2024-11-25,2024-11-27,2.0,PAID,2.34
79,49,2024-12-02,2024-12-07,5.0,LATE,2.34
79,50,2024-12-09,,,MISSED,2.34
79,51,2024-12-16,2024-12-17,1.0,PAID,2.34
79,52,2024-12-23,,,MISSED,2.34
79,53,2024-12-30,2025-01-04,5.0,LATE,2.34
79,54,2025-01-06,2025-01-07,1.0,PAID,2.34
79,55,2025-01-13,2025-01-19,6.0,LATE,2.34
79,56,2025-01-20,,,MISSED,2.34
79,57,2025-01-27,2025-01-29,2.0,PAID,2.34
79,58,2025-02-03,2025-02-07,4.0,LATE,2.34
79,59,2025-02-10,2025-02-12,2.0,PAID,2.34
79,60,2025-02-17,2025-02-19,2.0,PAID,2.34
79,61,2025-02-24,2025-02-28,4.0,LATE,2.34
79,62,2025-03-03,2025-03-05,2.0,PAID,2.34
79,63,2025-03-10,2025-03-12,2.0,PAID,2.34
79,64,2025-03-17,2025-03-22,5.0,LATE,2.34
79,65,2025-03-24,2025-03-25,1.0,PAID,2.34
79,66,2025-03-31,2025-04-01,1.0,PAID,2.34
79,67,2025-04-07,2025-04-07,0.0,PAID,2.34
79,68,2025-04-14,,,MISSED,2.34
79,69,2025-04-21,2025-04-24,3.0,PAID,2.34
79,70,2025-04-28,2025-04-29,1.0,PAID,2.34
79,71,2025-05-05,2025-05-09,4.0,LATE,2.34
79,72,2025-05-12,2025-05-13,1.0,PAID,2.34
79,73,2025-05-19,2025-05-20,1.0,PAID,2.34
79,74,2025-05-26,2025-05-31,5.0,LATE,2.34
79,75,2025-06-02,2025-06-05,3.0,PAID,2.34
79,76,2025-06-09,,,MISSED,2.34
79,77,2025-06-16,2025-06-21,5.0,LATE,2.34
79,78,2025-06-23,2025-06-23,0.0,PAID,2.34
79,79,2025-06-30,2025-07-02,2.0,PAID,2.34
79,80,2025-07-07,2025-07-10,3.0,PAID,2.34
79,81,2025-07-14,2025-07-19,5.0,LATE,2.34
79,82,2025-07-21,2025-07-24,3.0,PAID,2.34
79,83,2025-07-28,2025-07-31,3.0,PAID,2.34
79,84,2025-08-04,,,MISSED,2.34
79,85,2025-08-11,,,MISSED,2.34
79,86,2025-08-18,2025-08-18,0.0,PAID,2.34
79,87,2025-08-25,2025-08-28,3.0,PAID,2.34
79,88,2025-09-01,2025-09-04,3.0,PAID,2.34
79,89,2025-09-08,2025-09-09,1.0,PAID,2.34
79,90,2025-09-15,2025-09-16,1.0,PAID,2.34
79,91,2025-09-22,2025-09-25,3.0,PAID,2.34
79,92,2025-09-29,2025-10-01,2.0,PAID,2.34
79,93,2025-10-06,2025-10-07,1.0,PAID,2.34
79,94,2025-10-13,2025-10-15,2.0,PAID,2.34
79,95,2025-10-20,2025-10-25,5.0,LATE,2.34
79,96,2025-10-27,2025-10-30,3.0,PAID,2.34
79,97,2025-11-03,,,MISSED,2.34
79,98,2025-11-10,2025-11-15,5.0,LATE,2.34
79,99,2025-11-17,2025-11-18,1.0,PAID,2.34
79,100,2025-11-24,2025-11-26,2.0,PAID,2.34
79,101,2025-12-01,2025-12-03,2.0,PAID,2.34
79,102,2025-12-08,2025-12-08,0.0,PAID,2.34
79,103,2025-12-15,2025-12-18,3.0,PAID,2.34
79,104,2025-12-22,,,MISSED,2.34
80,1,2024-01-01,2024-01-16,15.0,LATE,6.72
80,2,2024-01-08,2024-01-11,3.0,PAID,6.72
80,3,2024-01-15,2024-01-22,7.0,LATE,6.72
80,4,2024-01-22,2024-01-27,5.0,LATE,6.72
80,5,2024-01-29,,,MISSED,6.72
80,6,2024-02-05,2024-02-09,4.0,LATE,6.72
80,7,2024-02-12,,,MISSED,6.72
80,8,2024-02-19,2024-02-29,10.0,LATE,6.72
80,9,2024-02-26,,,MISSED,6.72
80,10,2024-03-04,2024-03-07,3.0,PAID,6.72
80,11,2024-03-11,2024-03-18,7.0,LATE,6.72
80,12,2024-03-18,2024-03-25,7.0,LATE,6.72
80,13,2024-03-25,2024-04-05,11.0,LATE,6.72
80,14,2024-04-01,2024-04-07,6.0,LATE,6.72
80,15,2024-04-08,,,MISSED,6.72
80,16,2024-04-15,2024-04-21,6.0,LATE,6.72
80,17,2024-04-22,2024-04-28,6.0,LATE,6.72
80,18,2024-04-29,,,MISSED,6.72
80,19,2024-05-06,2024-05-15,9.0,LATE,6.72
80,20,2024-05-13,2024-05-17,4.0,LATE,6.72
80,21,2024-05-20,2024-05-24,4.0,LATE,6.72
80,22,2024-05-27,2024-06-03,7.0,LATE,6.72
80,23,2024-06-03,2024-06-07,4.0,LATE,6.72
80,24,2024-06-10,2024-06-15,5.0,LATE,6.72
80,25,2024-06-17,2024-06-26,9.0,LATE,6.72
80,26,2024-06-24,2024-06-30,6.0,LATE,6.72
80,27,2024-07-01,2024-07-11,10.0,LATE,6.72
80,28,2024-07-08,2024-07-21,13.0,LATE,6.72
80,29,2024-07-15,2024-07-23,8.0,LATE,6.72
80,30,2024-07-22,2024-07-28,6.0,LATE,6.72
80,31,2024-07-29,2024-08-05,7.0,LATE,6.72
80,32,2024-08-05,,,MISSED,6.72
80,33,2024-08-12,2024-08-19,7.0,LATE,6.72
80,34,2024-08-19,2024-08-27,8.0,LATE,6.72
80,35,2024-08-26,2024-09-02,7.0,LATE,6.72
80,36,2024-09-02,,,MISSED,6.72
80,37,2024-09-09,2024-09-15,6.0,LATE,6.72
80,38,2024-09-16,2024-09-26,10.0,LATE,6.72
80,39,2024-09-23,2024-09-28,5.0,LATE,6.72
80,40,2024-09-30,2024-10-13,13.0,LATE,6.72
80,41,2024-10-07,2024-10-12,5.0,LATE,6.72
80,42,2024-10-14,2024-10-22,8.0,LATE,6.72
80,43,2024-10-21,,,MISSED,6.72
80,44,2024-10-28,,,MISSED,6.72
80,45,2024-11-04,,,MISSED,6.72
80,46,2024-11-11,,,MISSED,6.72
80,47,2024-11-18,2024-11-28,10.0,LATE,6.72
80,48,2024-11-25,,,MISSED,6.72
80,49,2024-12-02,2024-12-07,5.0,LATE,6.72
80,50,2024-12-09,,,MISSED,6.72
80,51,2024-12-16,2024-12-22,6.0,LATE,6.72
80,52,2024-12-23,2024-12-30,7.0,LATE,6.72
80,53,2024-12-30,,,MISSED,6.72
80,54,2025-01-06,2025-01-15,9.0,LATE,6.72
80,55,2025-01-13,2025-01-19,6.0,LATE,6.72
80,56,2025-01-20,2025-01-25,5.0,LATE,6.72
80,57,2025-01-27,2025-01-29,2.0,PAID,6.72
80,58,2025-02-03,2025-02-11,8.0,LATE,6.72
80,59,2025-02-10,2025-02-16,6.0,LATE,6.72
80,60,2025-02-17,2025-02-24,7.0,LATE,6.72
80,61,2025-02-24,2025-03-03,7.0,LATE,6.72
80,62,2025-03-03,2025-03-12,9.0,LATE,6.72
80,63,2025-03-10,,,MISSED,6.72
80,64,2025-03-17,,,MISSED,6.72
80,65,2025-03-24,2025-04-03,10.0,LATE,6.72
80,66,2025-03-31,,,MISSED,6.72
80,67,2025-04-07,2025-04-09,2.0,PAID,6.72
80,68,2025-04-14,2025-04-21,7.0,LATE,6.72
80,69,2025-04-21,2025-04-28,7.0,LATE,6.72
80,70,2025-04-28,2025-05-09,11.0,LATE,6.72
80,71,2025-05-05,2025-05-12,7.0,LATE,6.72
80,72,2025-05-12,2025-05-17,5.0,LATE,6.72
80,73,2025-05-19,2025-05-25,6.0,LATE,6.72
80,74,2025-05-26,2025-06-02,7.0,LATE,6.72
80,75,2025-06-02,2025-06-09,7.0,LATE,6.72
80,76,2025-06-09,2025-06-14,5.0,LATE,6.72
80,77,2025-06-16,2025-06-20,4.0,LATE,6.72
80,78,2025-06-23,2025-06-27,4.0,LATE,6.72
80,79,2025-06-30,,,MISSED,6.72
80,80,2025-07-07,2025-07-11,4.0,LATE,6.72
80,81,2025-07-14,2025-07-19,5.0,LATE,6.72
80,82,2025-07-21,2025-07-28,7.0,LATE,6.72
80,83,2025-07-28,2025-08-06,9.0,LATE,6.72
80,84,2025-08-04,2025-08-08,4.0,LATE,6.72
80,85,2025-08-11,,,MISSED,6.72
80,86,2025-08-18,2025-08-25,7.0,LATE,6.72
80,87,2025-08-25,2025-08-29,4.0,LATE,6.72
80,88,2025-09-01,,,MISSED,6.72
80,89,2025-09-08,,,MISSED,6.72
80,90,2025-09-15,2025-09-20,5.0,LATE,6.72
80,91,2025-09-22,2025-09-29,7.0,LATE,6.72
80,92,2025-09-29,,,MISSED,6.72
80,93,2025-10-06,2025-10-14,8.0,LATE,6.72
80,94,2025-10-13,,,MISSED,6.72
80,95,2025-10-20,,,MISSED,6.72
80,96,2025-10-27,,,MISSED,6.72
80,97,2025-11-03,2025-11-04,1.0,PAID,6.72
80,98,2025-11-10,2025-11-15,5.0,LATE,6.72
80,99,2025-11-17,2025-11-20,3.0,PAID,6.72
80,100,2025-11-24,2025-11-25,1.0,PAID,6.72
80,101,2025-12-01,2025-12-11,10.0,LATE,6.72
80,102,2025-12-08,2025-12-17,9.0,LATE,6.72
80,103,2025-12-15,2025-12-19,4.0,LATE,6.72
80,104,2025-12-22,2025-12-29,7.0,LATE,6.72
81,1,2024-01-01,,,MISSED,6.13
81,2,2024-01-08,2024-01-10,2.0,PAID,6.13
81,3,2024-01-15,2024-01-18,3.0,PAID,6.13
81,4,2024-01-22,,,MISSED,6.13
81,5,2024-01-29,2024-02-03,5.0,LATE,6.13
81,6,2024-02-05,,,MISSED,6.13
81,7,2024-02-12,2024-02-15,3.0,PAID,6.13
81,8,2024-02-19,2024-02-22,3.0,PAID,6.13
81,9,2024-02-26,,,MISSED,6.13
81,10,2024-03-04,2024-03-15,11.0,LATE,6.13
81,11,2024-03-11,,,MISSED,6.13
81,12,2024-03-18,,,MISSED,6.13
81,13,2024-03-25,2024-03-30,5.0,LATE,6.13
81,14,2024-04-01,,,MISSED,6.13
81,15,2024-04-08,,,MISSED,6.13
81,16,2024-04-15,2024-04-24,9.0,LATE,6.13
81,17,2024-04-22,2024-05-03,11.0,LATE,6.13
81,18,2024-04-29,2024-05-04,5.0,LATE,6.13
81,19,2024-05-06,2024-05-16,10.0,LATE,6.13
81,20,2024-05-13,,,MISSED,6.13
81,21,2024-05-20,,,MISSED,6.13
81,22,2024-05-27,2024-05-31,4.0,LATE,6.13
81,23,2024-06-03,2024-06-11,8.0,LATE,6.13
81,24,2024-06-10,2024-06-15,5.0,LATE,6.13
81,25,2024-06-17,2024-06-25,8.0,LATE,6.13
81,26,2024-06-24,,,MISSED,6.13
81,27,2024-07-01,,,MISSED,6.13
81,28,2024-07-08,2024-07-13,5.0,LATE,6.13
81,29,2024-07-15,2024-07-21,6.0,LATE,6.13
81,30,2024-07-22,2024-07-25,3.0,PAID,6.13
81,31,2024-07-29,2024-08-02,4.0,LATE,6.13
81,32,2024-08-05,2024-08-10,5.0,LATE,6.13
81,33,2024-08-12,2024-08-18,6.0,LATE,6.13
81,34,2024-08-19,2024-08-29,10.0,LATE,6.13
81,35,2024-08-26,2024-08-31,5.0,LATE,6.13
81,36,2024-09-02,2024-09-08,6.0,LATE,6.13
81,37,2024-09-09,2024-09-17,8.0,LATE,6.13
81,38,2024-09-16,2024-09-21,5.0,LATE,6.13
81,39,2024-09-23,2024-09-27,4.0,LATE,6.13
81,40,2024-09-30,2024-10-01,1.0,PAID,6.13
81,41,2024-10-07,,,MISSED,6.13
81,42,2024-10-14,2024-10-21,7.0,LATE,6.13
81,43,2024-10-21,2024-10-25,4.0,LATE,6.13
81,44,2024-10-28,2024-11-02,5.0,LATE,6.13
81,45,2024-11-04,,,MISSED,6.13
81,46,2024-11-11,,,MISSED,6.13
81,47,2024-11-18,2024-11-22,4.0,LATE,6.13
81,48,2024-11-25,,,MISSED,6.13
81,49,2024-12-02,2024-12-04,2.0,PAID,6.13
81,50,2024-12-09,2024-12-16,7.0,LATE,6.13
81,51,2024-12-16,2024-12-24,8.0,LATE,6.13
81,52,2024-12-23,2024-12-31,8.0,LATE,6.13
81,53,2024-12-30,,,MISSED,6.13
81,54,2025-01-06,2025-01-11,5.0,LATE,6.13
81,55,2025-01-13,2025-01-19,6.0,LATE,6.13
81,56,2025-01-20,2025-02-02,13.0,LATE,6.13
81,57,2025-01-27,2025-02-02,6.0,LATE,6.13
81,58,2025-02-03,2025-02-09,6.0,LATE,6.13
81,59,2025-02-10,2025-02-15,5.0,LATE,6.13
81,60,2025-02-17,2025-02-20,3.0,PAID,6.13
81,61,2025-02-24,2025-02-28,4.0,LATE,6.13
81,62,2025-03-03,2025-03-11,8.0,LATE,6.13
81,63,2025-03-10,2025-03-12,2.0,PAID,6.13
81,64,2025-03-17,2025-03-21,4.0,LATE,6.13
81,65,2025-03-24,2025-03-29,5.0,LATE,6.13
81,66,2025-03-31,,,MISSED,6.13
81,67,2025-04-07,2025-04-14,7.0,LATE,6.13
81,68,2025-04-14,2025-04-23,9.0,LATE,6.13
81,69,2025-04-21,2025-04-23,2.0,PAID,6.13
81,70,2025-04-28,2025-05-05,7.0,LATE,6.13
81,71,2025-05-05,2025-05-11,6.0,LATE,6.13
81,72,2025-05-12,2025-05-16,4.0,LATE,6.13
81,73,2025-05-19,,,MISSED,6.13
81,74,2025-05-26,2025-06-03,8.0,LATE,6.13
81,75,2025-06-02,2025-06-08,6.0,LATE,6.13
81,76,2025-06-09,2025-06-14,5.0,LATE,6.13
81,77,2025-06-16,2025-06-23,7.0,LATE,6.13
81,78,2025-06-23,2025-06-27,4.0,LATE,6.13
81,79,2025-06-30,2025-07-05,5.0,LATE,6.13
81,80,2025-07-07,2025-07-18,11.0,LATE,6.13
81,81,2025-07-14,2025-07-22,8.0,LATE,6.13
81,82,2025-07-21,2025-07-25,4.0,LATE,6.13
81,83,2025-07-28,2025-08-03,6.0,LATE,6.13
81,84,2025-08-04,2025-08-13,9.0,LATE,6.13
81,85,2025-08-11,2025-08-19,8.0,LATE,6.13
81,86,2025-08-18,2025-08-22,4.0,LATE,6.13
81,87,2025-08-25,2025-08-30,5.0,LATE,6.13
81,88,2025-09-01,2025-09-11,10.0,LATE,6.13
81,89,2025-09-08,,,MISSED,6.13
81,90,2025-09-15,2025-09-17,2.0,PAID,6.13
81,91,2025-09-22,,,MISSED,6.13
81,92,2025-09-29,,,MISSED,6.13
81,93,2025-10-06,2025-10-18,12.0,LATE,6.13
81,94,2025-10-13,2025-10-18,5.0,LATE,6.13
81,95,2025-10-20,2025-10-31,11.0,LATE,6.13
81,96,2025-10-27,2025-11-01,5.0,LATE,6.13
81,97,2025-11-03,2025-11-12,9.0,LATE,6.13
81,98,2025-11-10,2025-11-21,11.0,LATE,6.13
81,99,2025-11-17,2025-11-29,12.0,LATE,6.13
81,100,2025-11-24,2025-11-29,5.0,LATE,6.13
81,101,2025-12-01,2025-12-05,4.0,LATE,6.13
81,102,2025-12-08,2025-12-16,8.0,LATE,6.13
81,103,2025-12-15,2025-12-23,8.0,LATE,6.13
81,104,2025-12-22,2025-12-27,5.0,LATE,6.13
82,1,2024-01-01,2024-01-02,1.0,PAID,1.27
82,2,2024-01-08,2024-01-08,0.0,PAID,1.27
82,3,2024-01-15,2024-01-15,0.0,PAID,1.27
82,4,2024-01-22,2024-01-23,1.0,PAID,1.27
82,5,2024-01-29,2024-01-31,2.0,PAID,1.27
82,6,2024-02-05,2024-02-07,2.0,PAID,1.27
82,7,2024-02-12,2024-02-13,1.0,PAID,1.27
82,8,2024-02-19,2024-02-21,2.0,PAID,1.27
82,9,2024-02-26,2024-02-26,0.0,PAID,1.27
82,10,2024-03-04,2024-03-04,0.0,PAID,1.27
82,11,2024-03-11,2024-03-11,0.0,PAID,1.27
82,12,2024-03-18,2024-03-20,2.0,PAID,1.27
82,13,2024-03-25,2024-03-26,1.0,PAID,1.27
82,14,2024-04-01,2024-04-02,1.0,PAID,1.27
82,15,2024-04-08,2024-04-09,1.0,PAID,1.27
82,16,2024-04-15,,,MISSED,1.27
82,17,2024-04-22,,,MISSED,1.27
82,18,2024-04-29,2024-05-01,2.0,PAID,1.27
82,19,2024-05-06,2024-05-09,3.0,PAID,1.27
82,20,2024-05-13,2024-05-13,0.0,PAID,1.27
82,21,2024-05-20,2024-05-22,2.0,PAID,1.27
82,22,2024-05-27,2024-05-30,3.0,PAID,1.27
82,23,2024-06-03,2024-06-05,2.0,PAID,1.27
82,24,2024-06-10,2024-06-11,1.0,PAID,1.27
82,25,2024-06-17,2024-06-20,3.0,PAID,1.27
82,26,2024-06-24,2024-06-27,3.0,PAID,1.27
82,27,2024-07-01,2024-07-04,3.0,PAID,1.27
82,28,2024-07-08,2024-07-08,0.0,PAID,1.27
82,29,2024-07-15,2024-07-17,2.0,PAID,1.27
82,30,2024-07-22,2024-07-22,0.0,PAID,1.27
82,31,2024-07-29,2024-07-31,2.0,PAID,1.27
82,32,2024-08-05,2024-08-05,0.0,PAID,1.27
82,33,2024-08-12,2024-08-13,1.0,PAID,1.27
82,34,2024-08-19,,,MISSED,1.27
82,35,2024-08-26,2024-08-28,2.0,PAID,1.27
82,36,2024-09-02,2024-09-04,2.0,PAID,1.27
82,37,2024-09-09,2024-09-09,0.0,PAID,1.27
82,38,2024-09-16,2024-09-17,1.0,PAID,1.27
82,39,2024-09-23,2024-09-23,0.0,PAID,1.27
82,40,2024-09-30,2024-10-01,1.0,PAID,1.27
82,41,2024-10-07,2024-10-07,0.0,PAID,1.27
82,42,2024-10-14,2024-10-17,3.0,PAID,1.27
82,43,2024-10-21,2024-10-23,2.0,PAID,1.27
82,44,2024-10-28,2024-10-30,2.0,PAID,1.27
82,45,2024-11-04,,,MISSED,1.27
82,46,2024-11-11,2024-11-12,1.0,PAID,1.27
82,47,2024-11-18,,,MISSED,1.27
82,48,2024-11-25,2024-11-26,1.0,PAID,1.27
82,49,2024-12-02,2024-12-02,0.0,PAID,1.27
82,50,2024-12-09,2024-12-11,2.0,PAID,1.27
82,51,2024-12-16,,,MISSED,1.27
82,52,2024-12-23,2024-12-24,1.0,PAID,1.27
82,53,2024-12-30,2024-12-31,1.0,PAID,1.27
82,54,2025-01-06,,,MISSED,1.27
82,55,2025-01-13,2025-01-15,2.0,PAID,1.27
82,56,2025-01-20,2025-01-26,6.0,LATE,1.27
82,57,2025-01-27,2025-01-29,2.0,PAID,1.27
82,58,2025-02-03,2025-02-04,1.0,PAID,1.27
82,59,2025-02-10,2025-02-13,3.0,PAID,1.27
82,60,2025-02-17,2025-02-17,0.0,PAID,1.27
82,61,2025-02-24,2025-02-24,0.0,PAID,1.27
82,62,2025-03-03,2025-03-04,1.0,PAID,1.27
82,63,2025-03-10,2025-03-10,0.0,PAID,1.27
82,64,2025-03-17,2025-03-18,1.0,PAID,1.27
82,65,2025-03-24,2025-03-25,1.0,PAID,1.27
82,66,2025-03-31,2025-04-01,1.0,PAID,1.27
82,67,2025-04-07,,,MISSED,1.27
82,68,2025-04-14,2025-04-14,0.0,PAID,1.27
82,69,2025-04-21,2025-04-22,1.0,PAID,1.27
82,70,2025-04-28,2025-04-30,2.0,PAID,1.27
82,71,2025-05-05,2025-05-07,2.0,PAID,1.27
82,72,2025-05-12,2025-05-12,0.0,PAID,1.27
82,73,2025-05-19,2025-05-20,1.0,PAID,1.27
82,74,2025-05-26,2025-05-27,1.0,PAID,1.27
82,75,2025-06-02,2025-06-04,2.0,PAID,1.27
82,76,2025-06-09,2025-06-11,2.0,PAID,1.27
82,77,2025-06-16,,,MISSED,1.27
82,78,2025-06-23,2025-06-25,2.0,PAID,1.27
82,79,2025-06-30,2025-07-06,6.0,LATE,1.27
82,80,2025-07-07,2025-07-08,1.0,PAID,1.27
82,81,2025-07-14,,,MISSED,1.27
82,82,2025-07-21,2025-07-24,3.0,PAID,1.27
82,83,2025-07-28,2025-07-31,3.0,PAID,1.27
82,84,2025-08-04,2025-08-06,2.0,PAID,1.27
82,85,2025-08-11,2025-08-11,0.0,PAID,1.27
82,86,2025-08-18,2025-08-18,0.0,PAID,1.27
82,87,2025-08-25,,,MISSED,1.27
82,88,2025-09-01,2025-09-02,1.0,PAID,1.27
82,89,2025-09-08,2025-09-13,5.0,LATE,1.27
82,90,2025-09-15,2025-09-17,2.0,PAID,1.27
82,91,2025-09-22,2025-09-23,1.0,PAID,1.27
82,92,2025-09-29,2025-09-30,1.0,PAID,1.27
82,93,2025-10-06,2025-10-07,1.0,PAID,1.27
82,94,2025-10-13,2025-10-14,1.0,PAID,1.27
82,95,2025-10-20,2025-10-23,3.0,PAID,1.27
82,96,2025-10-27,2025-10-28,1.0,PAID,1.27
82,97,2025-11-03,2025-11-03,0.0,PAID,1.27
82,98,2025-11-10,,,MISSED,1.27
82,99,2025-11-17,2025-11-19,2.0,PAID,1.27
82,100,2025-11-24,,,MISSED,1.27
82,101,2025-12-01,2025-12-01,0.0,PAID,1.27
82,102,2025-12-08,2025-12-09,1.0,PAID,1.27
82,103,2025-12-15,2025-12-15,0.0,PAID,1.27
82,104,2025-12-22,2025-12-23,1.0,PAID,1.27
83,1,2024-01-01,,,MISSED,3.91
83,2,2024-01-08,2024-01-11,3.0,PAID,3.91
83,3,2024-01-15,2024-01-20,5.0,LATE,3.91
83,4,2024-01-22,2024-01-27,5.0,LATE,3.91
83,5,2024-01-29,2024-02-03,5.0,LATE,3.91
83,6,2024-02-05,2024-02-16,11.0,LATE,3.91
83,7,2024-02-12,2024-02-19,7.0,LATE,3.91
83,8,2024-02-19,2024-02-23,4.0,LATE,3.91
83,9,2024-02-26,2024-02-27,1.0,PAID,3.91
83,10,2024-03-04,2024-03-09,5.0,LATE,3.91
83,11,2024-03-11,,,MISSED,3.91
83,12,2024-03-18,,,MISSED,3.91
83,13,2024-03-25,2024-03-28,3.0,PAID,3.91
83,14,2024-04-01,2024-04-07,6.0,LATE,3.91
83,15,2024-04-08,2024-04-10,2.0,PAID,3.91
83,16,2024-04-15,2024-04-18,3.0,PAID,3.91
83,17,2024-04-22,2024-04-26,4.0,LATE,3.91
83,18,2024-04-29,2024-04-30,1.0,PAID,3.91
83,19,2024-05-06,,,MISSED,3.91
83,20,2024-05-13,2024-05-18,5.0,LATE,3.91
83,21,2024-05-20,,,MISSED,3.91
83,22,2024-05-27,,,MISSED,3.91
83,23,2024-06-03,,,MISSED,3.91
83,24,2024-06-10,2024-06-12,2.0,PAID,3.91
83,25,2024-06-17,,,MISSED,3.91
83,26,2024-06-24,2024-06-26,2.0,PAID,3.91
83,27,2024-07-01,2024-07-04,3.0,PAID,3.91
83,28,2024-07-08,2024-07-16,8.0,LATE,3.91
83,29,2024-07-15,,,MISSED,3.91
83,30,2024-07-22,2024-07-26,4.0,LATE,3.91
83,31,2024-07-29,2024-08-07,9.0,LATE,3.91
83,32,2024-08-05,2024-08-10,5.0,LATE,3.91
83,33,2024-08-12,,,MISSED,3.91
83,34,2024-08-19,2024-08-21,2.0,PAID,3.91
83,35,2024-08-26,2024-08-30,4.0,LATE,3.91
83,36,2024-09-02,2024-09-08,6.0,LATE,3.91
83,37,2024-09-09,2024-09-16,7.0,LATE,3.91
83,38,2024-09-16,2024-09-21,5.0,LATE,3.91
83,39,2024-09-23,2024-09-30,7.0,LATE,3.91
83,40,2024-09-30,,,MISSED,3.91
83,41,2024-10-07,2024-10-09,2.0,PAID,3.91
83,42,2024-10-14,2024-10-18,4.0,LATE,3.91
83,43,2024-10-21,,,MISSED,3.91
83,44,2024-10-28,,,MISSED,3.91
83,45,2024-11-04,2024-11-06,2.0,PAID,3.91
83,46,2024-11-11,2024-11-13,2.0,PAID,3.91
83,47,2024-11-18,2024-11-23,5.0,LATE,3.91
83,48,2024-11-25,,,MISSED,3.91
83,49,2024-12-02,2024-12-05,3.0,PAID,3.91
83,50,2024-12-09,,,MISSED,3.91
83,51,2024-12-16,,,MISSED,3.91
83,52,2024-12-23,2024-12-26,3.0,PAID,3.91
83,53,2024-12-30,,,MISSED,3.91
83,54,2025-01-06,,,MISSED,3.91
83,55,2025-01-13,2025-01-16,3.0,PAID,3.91
83,56,2025-01-20,2025-01-24,4.0,LATE,3.91
83,57,2025-01-27,2025-02-02,6.0,LATE,3.91
83,58,2025-02-03,2025-02-08,5.0,LATE,3.91
83,59,2025-02-10,,,MISSED,3.91
83,60,2025-02-17,2025-02-22,5.0,LATE,3.91
83,61,2025-02-24,,,MISSED,3.91
83,62,2025-03-03,,,MISSED,3.91
83,63,2025-03-10,2025-03-14,4.0,LATE,3.91
83,64,2025-03-17,2025-03-20,3.0,PAID,3.91
83,65,2025-03-24,2025-03-29,5.0,LATE,3.91
83,66,2025-03-31,2025-04-04,4.0,LATE,3.91
83,67,2025-04-07,2025-04-08,1.0,PAID,3.91
83,68,2025-04-14,2025-04-22,8.0,LATE,3.91
83,69,2025-04-21,2025-04-28,7.0,LATE,3.91
83,70,2025-04-28,,,MISSED,3.91
83,71,2025-05-05,2025-05-10,5.0,LATE,3.91
83,72,2025-05-12,2025-05-16,4.0,LATE,3.91
83,73,2025-05-19,2025-05-20,1.0,PAID,3.91
83,74,2025-05-26,2025-05-27,1.0,PAID,3.91
83,75,2025-06-02,2025-06-10,8.0,LATE,3.91
83,76,2025-06-09,,,MISSED,3.91
83,77,2025-06-16,2025-06-21,5.0,LATE,3.91
83,78,2025-06-23,,,MISSED,3.91
83,79,2025-06-30,2025-07-04,4.0,LATE,3.91
83,80,2025-07-07,,,MISSED,3.91
83,81,2025-07-14,2025-07-21,7.0,LATE,3.91
83,82,2025-07-21,2025-07-26,5.0,LATE,3.91
83,83,2025-07-28,,,MISSED,3.91
83,84,2025-08-04,,,MISSED,3.91
83,85,2025-08-11,2025-08-12,1.0,PAID,3.91
83,86,2025-08-18,2025-08-21,3.0,PAID,3.91
83,87,2025-08-25,,,MISSED,3.91
83,88,2025-09-01,2025-09-07,6.0,LATE,3.91
83,89,2025-09-08,2025-09-11,3.0,PAID,3.91
83,90,2025-09-15,2025-09-19,4.0,LATE,3.91
83,91,2025-09-22,2025-09-26,4.0,LATE,3.91
83,92,2025-09-29,,,MISSED,3.91
83,93,2025-10-06,2025-10-07,1.0,PAID,3.91
83,94,2025-10-13,2025-10-17,4.0,LATE,3.91
83,95,2025-10-20,2025-10-27,7.0,LATE,3.91
83,96,2025-10-27,,,MISSED,3.91
83,97,2025-11-03,2025-11-06,3.0,PAID,3.91
83,98,2025-11-10,,,MISSED,3.91
83,99,2025-11-17,,,MISSED,3.91
83,100,2025-11-24,2025-11-26,2.0,PAID,3.91
83,101,2025-12-01,2025-12-03,2.0,PAID,3.91
83,102,2025-12-08,2025-12-09,1.0,PAID,3.91
83,103,2025-12-15,2025-12-19,4.0,LATE,3.91
83,104,2025-12-22,2025-12-26,4.0,LATE,3.91
84,1,2024-01-01,,,MISSED,5.36
84,2,2024-01-08,2024-01-11,3.0,PAID,5.36
84,3,2024-01-15,2024-01-21,6.0,LATE,5.36
84,4,2024-01-22,,,MISSED,5.36
84,5,2024-01-29,2024-02-02,4.0,LATE,5.36
84,6,2024-02-05,,,MISSED,5.36
84,7,2024-02-12,,,MISSED,5.36
84,8,2024-02-19,,,MISSED,5.36
84,9,2024-02-26,2024-03-10,13.0,LATE,5.36
84,10,2024-03-04,2024-03-08,4.0,LATE,5.36
84,11,2024-03-11,,,MISSED,5.36
84,12,2024-03-18,2024-03-26,8.0,LATE,5.36
84,13,2024-03-25,2024-03-30,5.0,LATE,5.36
84,14,2024-04-01,,,MISSED,5.36
84,15,2024-04-08,2024-04-13,5.0,LATE,5.36
84,16,2024-04-15,2024-04-18,3.0,PAID,5.36
84,17,2024-04-22,2024-04-25,3.0,PAID,5.36
84,18,2024-04-29,2024-05-07,8.0,LATE,5.36
84,19,2024-05-06,,,MISSED,5.36
84,20,2024-05-13,2024-05-20,7.0,LATE,5.36
84,21,2024-05-20,2024-05-23,3.0,PAID,5.36
84,22,2024-05-27,,,MISSED,5.36
84,23,2024-06-03,,,MISSED,5.36
84,24,2024-06-10,2024-06-16,6.0,LATE,5.36
84,25,2024-06-17,2024-06-26,9.0,LATE,5.36
84,26,2024-06-24,2024-06-27,3.0,PAID,5.36
84,27,2024-07-01,,,MISSED,5.36
84,28,2024-07-08,,,MISSED,5.36
84,29,2024-07-15,2024-07-15,0.0,PAID,5.36
84,30,2024-07-22,,,MISSED,5.36
84,31,2024-07-29,2024-08-05,7.0,LATE,5.36
84,32,2024-08-05,2024-08-10,5.0,LATE,5.36
84,33,2024-08-12,2024-08-21,9.0,LATE,5.36
84,34,2024-08-19,2024-08-23,4.0,LATE,5.36
84,35,2024-08-26,2024-09-01,6.0,LATE,5.36
84,36,2024-09-02,,,MISSED,5.36
84,37,2024-09-09,2024-09-12,3.0,PAID,5.36
84,38,2024-09-16,2024-09-25,9.0,LATE,5.36
84,39,2024-09-23,,,MISSED,5.36
84,40,2024-09-30,2024-10-07,7.0,LATE,5.36
84,41,2024-10-07,2024-10-17,10.0,LATE,5.36
84,42,2024-10-14,2024-10-19,5.0,LATE,5.36
84,43,2024-10-21,2024-10-30,9.0,LATE,5.36
84,44,2024-10-28,,,MISSED,5.36
84,45,2024-11-04,2024-11-08,4.0,LATE,5.36
84,46,2024-11-11,2024-11-18,7.0,LATE,5.36
84,47,2024-11-18,2024-11-22,4.0,LATE,5.36
84,48,2024-11-25,2024-11-29,4.0,LATE,5.36
84,49,2024-12-02,2024-12-05,3.0,PAID,5.36
84,50,2024-12-09,,,MISSED,5.36
84,51,2024-12-16,2024-12-19,3.0,PAID,5.36
84,52,2024-12-23,2025-01-03,11.0,LATE,5.36
84,53,2024-12-30,2025-01-05,6.0,LATE,5.36
84,54,2025-01-06,2025-01-12,6.0,LATE,5.36
84,55,2025-01-13,2025-01-18,5.0,LATE,5.36
84,56,2025-01-20,2025-01-25,5.0,LATE,5.36
84,57,2025-01-27,2025-02-01,5.0,LATE,5.36
84,58,2025-02-03,2025-02-10,7.0,LATE,5.36
84,59,2025-02-10,2025-02-15,5.0,LATE,5.36
84,60,2025-02-17,,,MISSED,5.36
84,61,2025-02-24,2025-02-28,4.0,LATE,5.36
84,62,2025-03-03,,,MISSED,5.36
84,63,2025-03-10,,,MISSED,5.36
84,64,2025-03-17,2025-03-22,5.0,LATE,5.36
84,65,2025-03-24,2025-04-02,9.0,LATE,5.36
84,66,2025-03-31,2025-04-08,8.0,LATE,5.36
84,67,2025-04-07,2025-04-12,5.0,LATE,5.36
84,68,2025-04-14,2025-04-20,6.0,LATE,5.36
84,69,2025-04-21,2025-04-25,4.0,LATE,5.36
84,70,2025-04-28,2025-05-03,5.0,LATE,5.36
84,71,2025-05-05,,,MISSED,5.36
84,72,2025-05-12,2025-05-15,3.0,PAID,5.36
84,73,2025-05-19,2025-05-25,6.0,LATE,5.36
84,74,2025-05-26,2025-06-03,8.0,LATE,5.36
84,75,2025-06-02,2025-06-12,10.0,LATE,5.36
84,76,2025-06-09,,,MISSED,5.36
84,77,2025-06-16,2025-06-21,5.0,LATE,5.36
84,78,2025-06-23,2025-07-01,8.0,LATE,5.36
84,79,2025-06-30,,,MISSED,5.36
84,80,2025-07-07,2025-07-12,5.0,LATE,5.36
84,81,2025-07-14,2025-07-22,8.0,LATE,5.36
84,82,2025-07-21,2025-07-29,8.0,LATE,5.36
84,83,2025-07-28,2025-08-01,4.0,LATE,5.36
84,84,2025-08-04,2025-08-06,2.0,PAID,5.36
84,85,2025-08-11,2025-08-16,5.0,LATE,5.36
84,86,2025-08-18,,,MISSED,5.36
84,87,2025-08-25,2025-08-31,6.0,LATE,5.36
84,88,2025-09-01,2025-09-14,13.0,LATE,5.36
84,89,2025-09-08,2025-09-13,5.0,LATE,5.36
84,90,2025-09-15,,,MISSED,5.36
84,91,2025-09-22,2025-09-28,6.0,LATE,5.36
84,92,2025-09-29,2025-10-02,3.0,PAID,5.36
84,93,2025-10-06,,,MISSED,5.36
84,94,2025-10-13,2025-10-19,6.0,LATE,5.36
84,95,2025-10-20,2025-10-26,6.0,LATE,5.36
84,96,2025-10-27,2025-11-03,7.0,LATE,5.36
84,97,2025-11-03,2025-11-06,3.0,PAID,5.36
84,98,2025-11-10,,,MISSED,5.36
84,99,2025-11-17,,,MISSED,5.36
84,100,2025-11-24,2025-11-25,1.0,PAID,5.36
84,101,2025-12-01,2025-12-09,8.0,LATE,5.36
84,102,2025-12-08,2025-12-12,4.0,LATE,5.36
84,103,2025-12-15,,,MISSED,5.36
84,104,2025-12-22,2025-12-27,5.0,LATE,5.36
85,1,2024-01-01,,,MISSED,6.35
85,2,2024-01-08,,,MISSED,6.35
85,3,2024-01-15,2024-01-22,7.0,LATE,6.35
85,4,2024-01-22,,,MISSED,6.35
85,5,2024-01-29,2024-02-08,10.0,LATE,6.35
85,6,2024-02-05,2024-02-08,3.0,PAID,6.35
85,7,2024-02-12,,,MISSED,6.35
85,8,2024-02-19,2024-02-27,8.0,LATE,6.35
85,9,2024-02-26,2024-03-03,6.0,LATE,6.35
85,10,2024-03-04,,,MISSED,6.35
85,11,2024-03-11,,,MISSED,6.35
85,12,2024-03-18,2024-03-22,4.0,LATE,6.35
85,13,2024-03-25,2024-04-02,8.0,LATE,6.35
85,14,2024-04-01,2024-04-12,11.0,LATE,6.35
85,15,2024-04-08,2024-04-15,7.0,LATE,6.35
85,16,2024-04-15,2024-04-18,3.0,PAID,6.35
85,17,2024-04-22,2024-05-02,10.0,LATE,6.35
85,18,2024-04-29,2024-05-06,7.0,LATE,6.35
85,19,2024-05-06,,,MISSED,6.35
85,20,2024-05-13,2024-05-20,7.0,LATE,6.35
85,21,2024-05-20,2024-05-27,7.0,LATE,6.35
85,22,2024-05-27,,,MISSED,6.35
85,23,2024-06-03,2024-06-07,4.0,LATE,6.35
85,24,2024-06-10,2024-06-19,9.0,LATE,6.35
85,25,2024-06-17,,,MISSED,6.35
85,26,2024-06-24,2024-06-29,5.0,LATE,6.35
85,27,2024-07-01,2024-07-06,5.0,LATE,6.35
85,28,2024-07-08,,,MISSED,6.35
85,29,2024-07-15,,,MISSED,6.35
85,30,2024-07-22,,,MISSED,6.35
85,31,2024-07-29,2024-08-04,6.0,LATE,6.35
85,32,2024-08-05,,,MISSED,6.35
85,33,2024-08-12,2024-08-19,7.0,LATE,6.35
85,34,2024-08-19,,,MISSED,6.35
85,35,2024-08-26,2024-09-01,6.0,LATE,6.35
85,36,2024-09-02,2024-09-04,2.0,PAID,6.35
85,37,2024-09-09,2024-09-13,4.0,LATE,6.35
85,38,2024-09-16,2024-09-21,5.0,LATE,6.35
85,39,2024-09-23,2024-09-30,7.0,LATE,6.35
85,40,2024-09-30,2024-10-11,11.0,LATE,6.35
85,41,2024-10-07,,,MISSED,6.35
85,42,2024-10-14,2024-10-23,9.0,LATE,6.35
85,43,2024-10-21,,,MISSED,6.35
85,44,2024-10-28,2024-11-01,4.0,LATE,6.35
85,45,2024-11-04,2024-11-08,4.0,LATE,6.35
85,46,2024-11-11,2024-11-18,7.0,LATE,6.35
85,47,2024-11-18,,,MISSED,6.35
85,48,2024-11-25,2024-12-05,10.0,LATE,6.35
85,49,2024-12-02,2024-12-07,5.0,LATE,6.35
85,50,2024-12-09,2024-12-16,7.0,LATE,6.35
85,51,2024-12-16,2024-12-21,5.0,LATE,6.35
85,52,2024-12-23,2024-12-30,7.0,LATE,6.35
85,53,2024-12-30,2025-01-07,8.0,LATE,6.35
85,54,2025-01-06,,,MISSED,6.35
85,55,2025-01-13,2025-01-22,9.0,LATE,6.35
85,56,2025-01-20,2025-01-27,7.0,LATE,6.35
85,57,2025-01-27,2025-01-30,3.0,PAID,6.35
85,58,2025-02-03,2025-02-11,8.0,LATE,6.35
85,59,2025-02-10,,,MISSED,6.35
85,60,2025-02-17,2025-02-25,8.0,LATE,6.35
85,61,2025-02-24,2025-03-02,6.0,LATE,6.35
85,62,2025-03-03,2025-03-09,6.0,LATE,6.35
85,63,2025-03-10,,,MISSED,6.35
85,64,2025-03-17,,,MISSED,6.35
85,65,2025-03-24,2025-04-05,12.0,LATE,6.35
85,66,2025-03-31,2025-04-07,7.0,LATE,6.35
85,67,2025-04-07,2025-04-14,7.0,LATE,6.35
85,68,2025-04-14,,,MISSED,6.35
85,69,2025-04-21,,,MISSED,6.35
85,70,2025-04-28,,,MISSED,6.35
85,71,2025-05-05,2025-05-08,3.0,PAID,6.35
85,72,2025-05-12,,,MISSED,6.35
85,73,2025-05-19,2025-05-28,9.0,LATE,6.35
85,74,2025-05-26,2025-06-02,7.0,LATE,6.35
85,75,2025-06-02,,,MISSED,6.35
85,76,2025-06-09,2025-06-16,7.0,LATE,6.35
85,77,2025-06-16,2025-06-21,5.0,LATE,6.35
85,78,2025-06-23,2025-06-28,5.0,LATE,6.35
85,79,2025-06-30,,,MISSED,6.35
85,80,2025-07-07,2025-07-13,6.0,LATE,6.35
85,81,2025-07-14,,,MISSED,6.35
85,82,2025-07-21,,,MISSED,6.35
85,83,2025-07-28,,,MISSED,6.35
85,84,2025-08-04,2025-08-06,2.0,PAID,6.35
85,85,2025-08-11,2025-08-15,4.0,LATE,6.35
85,86,2025-08-18,2025-08-24,6.0,LATE,6.35
85,87,2025-08-25,,,MISSED,6.35
85,88,2025-09-01,2025-09-07,6.0,LATE,6.35
85,89,2025-09-08,2025-09-14,6.0,LATE,6.35
85,90,2025-09-15,2025-09-24,9.0,LATE,6.35
85,91,2025-09-22,,,MISSED,6.35
85,92,2025-09-29,,,MISSED,6.35
85,93,2025-10-06,2025-10-15,9.0,LATE,6.35
85,94,2025-10-13,2025-10-20,7.0,LATE,6.35
85,95,2025-10-20,2025-10-23,3.0,PAID,6.35
85,96,2025-10-27,2025-11-01,5.0,LATE,6.35
85,97,2025-11-03,2025-11-10,7.0,LATE,6.35
85,98,2025-11-10,2025-11-14,4.0,LATE,6.35
85,99,2025-11-17,2025-11-23,6.0,LATE,6.35
85,100,2025-11-24,,,MISSED,6.35
85,101,2025-12-01,,,MISSED,6.35
85,102,2025-12-08,,,MISSED,6.35
85,103,2025-12-15,2025-12-18,3.0,PAID,6.35
85,104,2025-12-22,2025-12-27,5.0,LATE,6.35
86,1,2024-01-01,2024-01-06,5.0,LATE,6.54
86,2,2024-01-08,2024-01-15,7.0,LATE,6.54
86,3,2024-01-15,2024-01-19,4.0,LATE,6.54
86,4,2024-01-22,2024-01-26,4.0,LATE,6.54
86,5,2024-01-29,,,MISSED,6.54
86,6,2024-02-05,2024-02-12,7.0,LATE,6.54
86,7,2024-02-12,2024-02-19,7.0,LATE,6.54
86,8,2024-02-19,2024-02-23,4.0,LATE,6.54
86,9,2024-02-26,2024-03-06,9.0,LATE,6.54
86,10,2024-03-04,2024-03-12,8.0,LATE,6.54
86,11,2024-03-11,,,MISSED,6.54
86,12,2024-03-18,2024-03-22,4.0,LATE,6.54
86,13,2024-03-25,2024-04-04,10.0,LATE,6.54
86,14,2024-04-01,2024-04-11,10.0,LATE,6.54
86,15,2024-04-08,2024-04-11,3.0,PAID,6.54
86,16,2024-04-15,2024-04-22,7.0,LATE,6.54
86,17,2024-04-22,2024-04-30,8.0,LATE,6.54
86,18,2024-04-29,2024-05-03,4.0,LATE,6.54
86,19,2024-05-06,2024-05-13,7.0,LATE,6.54
86,20,2024-05-13,,,MISSED,6.54
86,21,2024-05-20,2024-05-29,9.0,LATE,6.54
86,22,2024-05-27,2024-06-02,6.0,LATE,6.54
86,23,2024-06-03,2024-06-07,4.0,LATE,6.54
86,24,2024-06-10,2024-06-20,10.0,LATE,6.54
86,25,2024-06-17,2024-06-24,7.0,LATE,6.54
86,26,2024-06-24,,,MISSED,6.54
86,27,2024-07-01,2024-07-12,11.0,LATE,6.54
86,28,2024-07-08,,,MISSED,6.54
86,29,2024-07-15,,,MISSED,6.54
86,30,2024-07-22,2024-07-25,3.0,PAID,6.54
86,31,2024-07-29,2024-08-05,7.0,LATE,6.54
86,32,2024-08-05,,,MISSED,6.54
86,33,2024-08-12,2024-08-16,4.0,LATE,6.54
86,34,2024-08-19,2024-08-24,5.0,LATE,6.54
86,35,2024-08-26,2024-09-01,6.0,LATE,6.54
86,36,2024-09-02,2024-09-08,6.0,LATE,6.54
86,37,2024-09-09,2024-09-18,9.0,LATE,6.54
86,38,2024-09-16,2024-09-24,8.0,LATE,6.54
86,39,2024-09-23,2024-09-30,7.0,LATE,6.54
86,40,2024-09-30,,,MISSED,6.54
86,41,2024-10-07,2024-10-19,12.0,LATE,6.54
86,42,2024-10-14,,,MISSED,6.54
86,43,2024-10-21,2024-10-28,7.0,LATE,6.54
86,44,2024-10-28,,,MISSED,6.54
86,45,2024-11-04,2024-11-09,5.0,LATE,6.54
86,46,2024-11-11,,,MISSED,6.54
86,47,2024-11-18,,,MISSED,6.54
86,48,2024-11-25,2024-12-01,6.0,LATE,6.54
86,49,2024-12-02,2024-12-10,8.0,LATE,6.54
86,50,2024-12-09,2024-12-16,7.0,LATE,6.54
86,51,2024-12-16,,,MISSED,6.54
86,52,2024-12-23,2024-12-29,6.0,LATE,6.54
86,53,2024-12-30,2025-01-08,9.0,LATE,6.54
86,54,2025-01-06,2025-01-16,10.0,LATE,6.54
86,55,2025-01-13,2025-01-19,6.0,LATE,6.54
86,56,2025-01-20,2025-01-24,4.0,LATE,6.54
86,57,2025-01-27,,,MISSED,6.54
86,58,2025-02-03,2025-02-04,1.0,PAID,6.54
86,59,2025-02-10,2025-02-15,5.0,LATE,6.54
86,60,2025-02-17,,,MISSED,6.54
86,61,2025-02-24,,,MISSED,6.54
86,62,2025-03-03,2025-03-10,7.0,LATE,6.54
86,63,2025-03-10,2025-03-14,4.0,LATE,6.54
86,64,2025-03-17,2025-03-20,3.0,PAID,6.54
86,65,2025-03-24,2025-03-26,2.0,PAID,6.54
86,66,2025-03-31,2025-04-05,5.0,LATE,6.54
86,67,2025-04-07,2025-04-13,6.0,LATE,6.54
86,68,2025-04-14,2025-04-23,9.0,LATE,6.54
86,69,2025-04-21,,,MISSED,6.54
86,70,2025-04-28,2025-05-08,10.0,LATE,6.54
86,71,2025-05-05,,,MISSED,6.54
86,72,2025-05-12,2025-05-20,8.0,LATE,6.54
86,73,2025-05-19,2025-05-23,4.0,LATE,6.54
86,74,2025-05-26,,,MISSED,6.54
86,75,2025-06-02,2025-06-07,5.0,LATE,6.54
86,76,2025-06-09,2025-06-15,6.0,LATE,6.54
86,77,2025-06-16,2025-06-20,4.0,LATE,6.54
86,78,2025-06-23,2025-06-27,4.0,LATE,6.54
86,79,2025-06-30,2025-07-04,4.0,LATE,6.54
86,80,2025-07-07,2025-07-17,10.0,LATE,6.54
86,81,2025-07-14,2025-07-17,3.0,PAID,6.54
86,82,2025-07-21,,,MISSED,6.54
86,83,2025-07-28,2025-08-01,4.0,LATE,6.54
86,84,2025-08-04,2025-08-06,2.0,PAID,6.54
86,85,2025-08-11,,,MISSED,6.54
86,86,2025-08-18,2025-08-28,10.0,LATE,6.54
86,87,2025-08-25,2025-09-07,13.0,LATE,6.54
86,88,2025-09-01,,,MISSED,6.54
86,89,2025-09-08,2025-09-14,6.0,LATE,6.54
86,90,2025-09-15,2025-09-18,3.0,PAID,6.54
86,91,2025-09-22,,,MISSED,6.54
86,92,2025-09-29,2025-10-03,4.0,LATE,6.54
86,93,2025-10-06,2025-10-13,7.0,LATE,6.54
86,94,2025-10-13,,,MISSED,6.54
86,95,2025-10-20,2025-10-28,8.0,LATE,6.54
86,96,2025-10-27,,,MISSED,6.54
86,97,2025-11-03,,,MISSED,6.54
86,98,2025-11-10,,,MISSED,6.54
86,99,2025-11-17,2025-11-23,6.0,LATE,6.54
86,100,2025-11-24,2025-12-03,9.0,LATE,6.54
86,101,2025-12-01,,,MISSED,6.54
86,102,2025-12-08,2025-12-11,3.0,PAID,6.54
86,103,2025-12-15,,,MISSED,6.54
86,104,2025-12-22,,,MISSED,6.54
87,1,2024-01-01,2024-01-02,1.0,PAID,2.62
87,2,2024-01-08,2024-01-12,4.0,LATE,2.62
87,3,2024-01-15,2024-01-15,0.0,PAID,2.62
87,4,2024-01-22,2024-01-22,0.0,PAID,2.62
87,5,2024-01-29,2024-02-01,3.0,PAID,2.62
87,6,2024-02-05,,,MISSED,2.62
87,7,2024-02-12,2024-02-13,1.0,PAID,2.62
87,8,2024-02-19,2024-02-20,1.0,PAID,2.62
87,9,2024-02-26,,,MISSED,2.62
87,10,2024-03-04,2024-03-05,1.0,PAID,2.62
87,11,2024-03-11,2024-03-12,1.0,PAID,2.62
87,12,2024-03-18,2024-03-21,3.0,PAID,2.62
87,13,2024-03-25,,,MISSED,2.62
87,14,2024-04-01,2024-04-02,1.0,PAID,2.62
87,15,2024-04-08,,,MISSED,2.62
87,16,2024-04-15,2024-04-18,3.0,PAID,2.62
87,17,2024-04-22,,,MISSED,2.62
87,18,2024-04-29,2024-05-02,3.0,PAID,2.62
87,19,2024-05-06,2024-05-07,1.0,PAID,2.62
87,20,2024-05-13,2024-05-16,3.0,PAID,2.62
87,21,2024-05-20,,,MISSED,2.62
87,22,2024-05-27,2024-06-01,5.0,LATE,2.62
87,23,2024-06-03,2024-06-04,1.0,PAID,2.62
87,24,2024-06-10,,,MISSED,2.62
87,25,2024-06-17,,,MISSED,2.62
87,26,2024-06-24,,,MISSED,2.62
87,27,2024-07-01,2024-07-03,2.0,PAID,2.62
87,28,2024-07-08,2024-07-13,5.0,LATE,2.62
87,29,2024-07-15,2024-07-20,5.0,LATE,2.62
87,30,2024-07-22,2024-07-24,2.0,PAID,2.62
87,31,2024-07-29,2024-07-30,1.0,PAID,2.62
87,32,2024-08-05,2024-08-10,5.0,LATE,2.62
87,33,2024-08-12,2024-08-15,3.0,PAID,2.62
87,34,2024-08-19,2024-08-22,3.0,PAID,2.62
87,35,2024-08-26,2024-08-26,0.0,PAID,2.62
87,36,2024-09-02,,,MISSED,2.62
87,37,2024-09-09,2024-09-10,1.0,PAID,2.62
87,38,2024-09-16,2024-09-20,4.0,LATE,2.62
87,39,2024-09-23,,,MISSED,2.62
87,40,2024-09-30,2024-10-02,2.0,PAID,2.62
87,41,2024-10-07,2024-10-12,5.0,LATE,2.62
87,42,2024-10-14,2024-10-16,2.0,PAID,2.62
87,43,2024-10-21,2024-10-23,2.0,PAID,2.62
87,44,2024-10-28,2024-10-30,2.0,PAID,2.62
87,45,2024-11-04,2024-11-07,3.0,PAID,2.62
87,46,2024-11-11,2024-11-14,3.0,PAID,2.62
87,47,2024-11-18,2024-11-19,1.0,PAID,2.62
87,48,2024-11-25,2024-11-29,4.0,LATE,2.62
87,49,2024-12-02,2024-12-05,3.0,PAID,2.62
87,50,2024-12-09,2024-12-15,6.0,LATE,2.62
87,51,2024-12-16,,,MISSED,2.62
87,52,2024-12-23,2024-12-28,5.0,LATE,2.62
87,53,2024-12-30,2025-01-04,5.0,LATE,2.62
87,54,2025-01-06,2025-01-11,5.0,LATE,2.62
87,55,2025-01-13,2025-01-14,1.0,PAID,2.62
87,56,2025-01-20,,,MISSED,2.62
87,57,2025-01-27,2025-01-30,3.0,PAID,2.62
87,58,2025-02-03,2025-02-05,2.0,PAID,2.62
87,59,2025-02-10,2025-02-11,1.0,PAID,2.62
87,60,2025-02-17,2025-02-19,2.0,PAID,2.62
87,61,2025-02-24,2025-03-02,6.0,LATE,2.62
87,62,2025-03-03,2025-03-05,2.0,PAID,2.62
87,63,2025-03-10,2025-03-11,1.0,PAID,2.62
87,64,2025-03-17,2025-03-20,3.0,PAID,2.62
87,65,2025-03-24,2025-03-29,5.0,LATE,2.62
87,66,2025-03-31,2025-04-03,3.0,PAID,2.62
87,67,2025-04-07,2025-04-07,0.0,PAID,2.62
87,68,2025-04-14,2025-04-18,4.0,LATE,2.62
87,69,2025-04-21,2025-04-24,3.0,PAID,2.62
87,70,2025-04-28,2025-04-30,2.0,PAID,2.62
87,71,2025-05-05,2025-05-07,2.0,PAID,2.62
87,72,2025-05-12,,,MISSED,2.62
87,73,2025-05-19,2025-05-22,3.0,PAID,2.62
87,74,2025-05-26,,,MISSED,2.62
87,75,2025-06-02,,,MISSED,2.62
87,76,2025-06-09,2025-06-11,2.0,PAID,2.62
87,77,2025-06-16,2025-06-18,2.0,PAID,2.62
87,78,2025-06-23,2025-06-26,3.0,PAID,2.62
87,79,2025-06-30,2025-07-03,3.0,PAID,2.62
87,80,2025-07-07,2025-07-10,3.0,PAID,2.62
87,81,2025-07-14,2025-07-17,3.0,PAID,2.62
87,82,2025-07-21,,,MISSED,2.62
87,83,2025-07-28,,,MISSED,2.62
87,84,2025-08-04,,,MISSED,2.62
87,85,2025-08-11,,,MISSED,2.62
87,86,2025-08-18,,,MISSED,2.62
87,87,2025-08-25,2025-08-27,2.0,PAID,2.62
87,88,2025-09-01,2025-09-04,3.0,PAID,2.62
87,89,2025-09-08,2025-09-10,2.0,PAID,2.62
87,90,2025-09-15,2025-09-16,1.0,PAID,2.62
87,91,2025-09-22,2025-09-27,5.0,LATE,2.62
87,92,2025-09-29,2025-09-30,1.0,PAID,2.62
87,93,2025-10-06,2025-10-09,3.0,PAID,2.62
87,94,2025-10-13,,,MISSED,2.62
87,95,2025-10-20,2025-10-25,5.0,LATE,2.62
87,96,2025-10-27,2025-10-28,1.0,PAID,2.62
87,97,2025-11-03,2025-11-05,2.0,PAID,2.62
87,98,2025-11-10,,,MISSED,2.62
87,99,2025-11-17,2025-11-19,2.0,PAID,2.62
87,100,2025-11-24,2025-11-24,0.0,PAID,2.62
87,101,2025-12-01,2025-12-02,1.0,PAID,2.62
87,102,2025-12-08,2025-12-12,4.0,LATE,2.62
87,103,2025-12-15,2025-12-19,4.0,LATE,2.62
87,104,2025-12-22,2025-12-22,0.0,PAID,2.62
88,1,2024-01-01,2024-01-08,7.0,LATE,5.58
88,2,2024-01-08,,,MISSED,5.58
88,3,2024-01-15,,,MISSED,5.58
88,4,2024-01-22,2024-01-27,5.0,LATE,5.58
88,5,2024-01-29,,,MISSED,5.58
88,6,2024-02-05,,,MISSED,5.58
88,7,2024-02-12,2024-02-21,9.0,LATE,5.58
88,8,2024-02-19,,,MISSED,5.58
88,9,2024-02-26,2024-03-02,5.0,LATE,5.58
88,10,2024-03-04,2024-03-08,4.0,LATE,5.58
88,11,2024-03-11,,,MISSED,5.58
88,12,2024-03-18,2024-03-28,10.0,LATE,5.58
88,13,2024-03-25,2024-03-30,5.0,LATE,5.58
88,14,2024-04-01,2024-04-05,4.0,LATE,5.58
88,15,2024-04-08,,,MISSED,5.58
88,16,2024-04-15,,,MISSED,5.58
88,17,2024-04-22,,,MISSED,5.58
88,18,2024-04-29,2024-05-06,7.0,LATE,5.58
88,19,2024-05-06,2024-05-15,9.0,LATE,5.58
88,20,2024-05-13,,,MISSED,5.58
88,21,2024-05-20,2024-05-26,6.0,LATE,5.58
88,22,2024-05-27,2024-06-01,5.0,LATE,5.58
88,23,2024-06-03,,,MISSED,5.58
88,24,2024-06-10,2024-06-15,5.0,LATE,5.58
88,25,2024-06-17,,,MISSED,5.58
88,26,2024-06-24,,,MISSED,5.58
88,27,2024-07-01,,,MISSED,5.58
88,28,2024-07-08,,,MISSED,5.58
88,29,2024-07-15,,,MISSED,5.58
88,30,2024-07-22,2024-07-27,5.0,LATE,5.58
88,31,2024-07-29,2024-08-06,8.0,LATE,5.58
88,32,2024-08-05,2024-08-10,5.0,LATE,5.58
88,33,2024-08-12,,,MISSED,5.58
88,34,2024-08-19,2024-08-27,8.0,LATE,5.58
88,35,2024-08-26,2024-08-31,5.0,LATE,5.58
88,36,2024-09-02,,,MISSED,5.58
88,37,2024-09-09,,,MISSED,5.58
88,38,2024-09-16,,,MISSED,5.58
88,39,2024-09-23,2024-09-23,0.0,PAID,5.58
88,40,2024-09-30,2024-10-05,5.0,LATE,5.58
88,41,2024-10-07,,,MISSED,5.58
88,42,2024-10-14,2024-10-18,4.0,LATE,5.58
88,43,2024-10-21,,,MISSED,5.58
88,44,2024-10-28,2024-11-02,5.0,LATE,5.58
88,45,2024-11-04,2024-11-08,4.0,LATE,5.58
88,46,2024-11-11,2024-11-16,5.0,LATE,5.58
88,47,2024-11-18,,,MISSED,5.58
88,48,2024-11-25,2024-12-05,10.0,LATE,5.58
88,49,2024-12-02,2024-12-08,6.0,LATE,5.58
88,50,2024-12-09,2024-12-11,2.0,PAID,5.58
88,51,2024-12-16,2024-12-23,7.0,LATE,5.58
88,52,2024-12-23,2024-12-27,4.0,LATE,5.58
88,53,2024-12-30,,,MISSED,5.58
88,54,2025-01-06,2025-01-09,3.0,PAID,5.58
88,55,2025-01-13,2025-01-19,6.0,LATE,5.58
88,56,2025-01-20,2025-01-23,3.0,PAID,5.58
88,57,2025-01-27,2025-02-01,5.0,LATE,5.58
88,58,2025-02-03,2025-02-05,2.0,PAID,5.58
88,59,2025-02-10,,,MISSED,5.58
88,60,2025-02-17,2025-02-21,4.0,LATE,5.58
88,61,2025-02-24,2025-03-01,5.0,LATE,5.58
88,62,2025-03-03,2025-03-09,6.0,LATE,5.58
88,63,2025-03-10,2025-03-17,7.0,LATE,5.58
88,64,2025-03-17,2025-03-24,7.0,LATE,5.58
88,65,2025-03-24,,,MISSED,5.58
88,66,2025-03-31,,,MISSED,5.58
88,67,2025-04-07,2025-04-12,5.0,LATE,5.58
88,68,2025-04-14,2025-04-20,6.0,LATE,5.58
88,69,2025-04-21,2025-04-26,5.0,LATE,5.58
88,70,2025-04-28,2025-05-03,5.0,LATE,5.58
88,71,2025-05-05,,,MISSED,5.58
88,72,2025-05-12,,,MISSED,5.58
88,73,2025-05-19,,,MISSED,5.58
88,74,2025-05-26,2025-06-01,6.0,LATE,5.58
88,75,2025-06-02,2025-06-13,11.0,LATE,5.58
88,76,2025-06-09,2025-06-11,2.0,PAID,5.58
88,77,2025-06-16,2025-06-23,7.0,LATE,5.58
88,78,2025-06-23,2025-07-01,8.0,LATE,5.58
88,79,2025-06-30,2025-07-04,4.0,LATE,5.58
88,80,2025-07-07,,,MISSED,5.58
88,81,2025-07-14,2025-07-16,2.0,PAID,5.58
88,82,2025-07-21,2025-07-30,9.0,LATE,5.58
88,83,2025-07-28,2025-07-31,3.0,PAID,5.58
88,84,2025-08-04,2025-08-13,9.0,LATE,5.58
88,85,2025-08-11,,,MISSED,5.58
88,86,2025-08-18,2025-08-24,6.0,LATE,5.58
88,87,2025-08-25,2025-08-31,6.0,LATE,5.58
88,88,2025-09-01,2025-09-09,8.0,LATE,5.58
88,89,2025-09-08,,,MISSED,5.58
88,90,2025-09-15,2025-09-18,3.0,PAID,5.58
88,91,2025-09-22,2025-09-30,8.0,LATE,5.58
88,92,2025-09-29,,,MISSED,5.58
88,93,2025-10-06,2025-10-16,10.0,LATE,5.58
88,94,2025-10-13,2025-10-22,9.0,LATE,5.58
88,95,2025-10-20,2025-10-28,8.0,LATE,5.58
88,96,2025-10-27,2025-11-02,6.0,LATE,5.58
88,97,2025-11-03,,,MISSED,5.58
88,98,2025-11-10,2025-11-14,4.0,LATE,5.58
88,99,2025-11-17,2025-11-21,4.0,LATE,5.58
88,100,2025-11-24,2025-11-28,4.0,LATE,5.58
88,101,2025-12-01,2025-12-08,7.0,LATE,5.58
88,102,2025-12-08,2025-12-16,8.0,LATE,5.58
88,103,2025-12-15,2025-12-23,8.0,LATE,5.58
88,104,2025-12-22,2026-01-04,13.0,LATE,5.58
89,1,2024-01-01,2024-01-06,5.0,LATE,5.42
89,2,2024-01-08,2024-01-12,4.0,LATE,5.42
89,3,2024-01-15,2024-01-22,7.0,LATE,5.42
89,4,2024-01-22,2024-01-27,5.0,LATE,5.42
89,5,2024-01-29,2024-02-03,5.0,LATE,5.42
89,6,2024-02-05,2024-02-13,8.0,LATE,5.42
89,7,2024-02-12,,,MISSED,5.42
89,8,2024-02-19,2024-02-26,7.0,LATE,5.42
89,9,2024-02-26,2024-03-01,4.0,LATE,5.42
89,10,2024-03-04,,,MISSED,5.42
89,11,2024-03-11,,,MISSED,5.42
89,12,2024-03-18,,,MISSED,5.42
89,13,2024-03-25,2024-03-29,4.0,LATE,5.42
89,14,2024-04-01,2024-04-07,6.0,LATE,5.42
89,15,2024-04-08,2024-04-13,5.0,LATE,5.42
89,16,2024-04-15,2024-04-21,6.0,LATE,5.42
89,17,2024-04-22,2024-04-29,7.0,LATE,5.42
89,18,2024-04-29,,,MISSED,5.42
89,19,2024-05-06,,,MISSED,5.42
89,20,2024-05-13,2024-05-18,5.0,LATE,5.42
89,21,2024-05-20,2024-05-26,6.0,LATE,5.42
89,22,2024-05-27,,,MISSED,5.42
89,23,2024-06-03,2024-06-09,6.0,LATE,5.42
89,24,2024-06-10,2024-06-14,4.0,LATE,5.42
89,25,2024-06-17,2024-06-23,6.0,LATE,5.42
89,26,2024-06-24,2024-06-28,4.0,LATE,5.42
89,27,2024-07-01,2024-07-06,5.0,LATE,5.42
89,28,2024-07-08,,,MISSED,5.42
89,29,2024-07-15,2024-07-20,5.0,LATE,5.42
89,30,2024-07-22,2024-07-25,3.0,PAID,5.42
89,31,2024-07-29,2024-08-05,7.0,LATE,5.42
89,32,2024-08-05,2024-08-11,6.0,LATE,5.42
89,33,2024-08-12,,,MISSED,5.42
89,34,2024-08-19,2024-08-21,2.0,PAID,5.42
89,35,2024-08-26,2024-08-28,2.0,PAID,5.42
89,36,2024-09-02,2024-09-10,8.0,LATE,5.42
89,37,2024-09-09,2024-09-19,10.0,LATE,5.42
89,38,2024-09-16,2024-09-25,9.0,LATE,5.42
89,39,2024-09-23,2024-10-02,9.0,LATE,5.42
89,40,2024-09-30,,,MISSED,5.42
89,41,2024-10-07,2024-10-12,5.0,LATE,5.42
89,42,2024-10-14,,,MISSED,5.42
89,43,2024-10-21,,,MISSED,5.42
89,44,2024-10-28,,,MISSED,5.42
89,45,2024-11-04,2024-11-14,10.0,LATE,5.42
89,46,2024-11-11,2024-11-21,10.0,LATE,5.42
89,47,2024-11-18,2024-11-28,10.0,LATE,5.42
89,48,2024-11-25,2024-12-06,11.0,LATE,5.42
89,49,2024-12-02,2024-12-05,3.0,PAID,5.42
89,50,2024-12-09,,,MISSED,5.42
89,51,2024-12-16,2024-12-24,8.0,LATE,5.42
89,52,2024-12-23,2025-01-01,9.0,LATE,5.42
89,53,2024-12-30,,,MISSED,5.42
89,54,2025-01-06,,,MISSED,5.42
89,55,2025-01-13,,,MISSED,5.42
89,56,2025-01-20,2025-01-22,2.0,PAID,5.42
89,57,2025-01-27,2025-02-05,9.0,LATE,5.42
89,58,2025-02-03,,,MISSED,5.42
89,59,2025-02-10,2025-02-16,6.0,LATE,5.42
89,60,2025-02-17,2025-02-20,3.0,PAID,5.42
89,61,2025-02-24,2025-03-07,11.0,LATE,5.42
89,62,2025-03-03,2025-03-09,6.0,LATE,5.42
89,63,2025-03-10,2025-03-19,9.0,LATE,5.42
89,64,2025-03-17,2025-03-22,5.0,LATE,5.42
89,65,2025-03-24,2025-03-29,5.0,LATE,5.42
89,66,2025-03-31,,,MISSED,5.42
89,67,2025-04-07,2025-04-14,7.0,LATE,5.42
89,68,2025-04-14,2025-04-20,6.0,LATE,5.42
89,69,2025-04-21,2025-04-27,6.0,LATE,5.42
89,70,2025-04-28,2025-05-04,6.0,LATE,5.42
89,71,2025-05-05,,,MISSED,5.42
89,72,2025-05-12,2025-05-18,6.0,LATE,5.42
89,73,2025-05-19,2025-05-23,4.0,LATE,5.42
89,74,2025-05-26,2025-05-31,5.0,LATE,5.42
89,75,2025-06-02,2025-06-12,10.0,LATE,5.42
89,76,2025-06-09,2025-06-15,6.0,LATE,5.42
89,77,2025-06-16,,,MISSED,5.42
89,78,2025-06-23,,,MISSED,5.42
89,79,2025-06-30,,,MISSED,5.42
89,80,2025-07-07,2025-07-09,2.0,PAID,5.42
89,81,2025-07-14,2025-07-21,7.0,LATE,5.42
89,82,2025-07-21,2025-07-29,8.0,LATE,5.42
89,83,2025-07-28,2025-07-30,2.0,PAID,5.42
89,84,2025-08-04,2025-08-10,6.0,LATE,5.42
89,85,2025-08-11,,,MISSED,5.42
89,86,2025-08-18,2025-08-23,5.0,LATE,5.42
89,87,2025-08-25,2025-08-30,5.0,LATE,5.42
89,88,2025-09-01,2025-09-04,3.0,PAID,5.42
89,89,2025-09-08,2025-09-15,7.0,LATE,5.42
89,90,2025-09-15,,,MISSED,5.42
89,91,2025-09-22,2025-10-01,9.0,LATE,5.42
89,92,2025-09-29,2025-10-03,4.0,LATE,5.42
89,93,2025-10-06,2025-10-09,3.0,PAID,5.42
89,94,2025-10-13,2025-10-18,5.0,LATE,5.42
89,95,2025-10-20,2025-10-26,6.0,LATE,5.42
89,96,2025-10-27,2025-10-31,4.0,LATE,5.42
89,97,2025-11-03,2025-11-07,4.0,LATE,5.42
89,98,2025-11-10,2025-11-17,7.0,LATE,5.42
89,99,2025-11-17,2025-11-20,3.0,PAID,5.42
89,100,2025-11-24,2025-11-30,6.0,LATE,5.42
89,101,2025-12-01,,,MISSED,5.42
89,102,2025-12-08,,,MISSED,5.42
89,103,2025-12-15,2025-12-20,5.0,LATE,5.42
89,104,2025-12-22,,,MISSED,5.42
90,1,2024-01-01,2024-01-07,6.0,LATE,3.05
90,2,2024-01-08,2024-01-10,2.0,PAID,3.05
90,3,2024-01-15,2024-01-17,2.0,PAID,3.05
90,4,2024-01-22,2024-01-25,3.0,PAID,3.05
90,5,2024-01-29,2024-02-01,3.0,PAID,3.05
90,6,2024-02-05,,,MISSED,3.05
90,7,2024-02-12,2024-02-14,2.0,PAID,3.05
90,8,2024-02-19,2024-02-23,4.0,LATE,3.05
90,9,2024-02-26,,,MISSED,3.05
90,10,2024-03-04,2024-03-06,2.0,PAID,3.05
90,11,2024-03-11,2024-03-18,7.0,LATE,3.05
90,12,2024-03-18,2024-03-19,1.0,PAID,3.05
90,13,2024-03-25,2024-03-26,1.0,PAID,3.05
90,14,2024-04-01,,,MISSED,3.05
90,15,2024-04-08,2024-04-11,3.0,PAID,3.05
90,16,2024-04-15,2024-04-18,3.0,PAID,3.05
90,17,2024-04-22,2024-04-30,8.0,LATE,3.05
90,18,2024-04-29,,,MISSED,3.05
90,19,2024-05-06,2024-05-09,3.0,PAID,3.05
90,20,2024-05-13,2024-05-16,3.0,PAID,3.05
90,21,2024-05-20,2024-05-22,2.0,PAID,3.05
90,22,2024-05-27,,,MISSED,3.05
90,23,2024-06-03,2024-06-07,4.0,LATE,3.05
90,24,2024-06-10,,,MISSED,3.05
90,25,2024-06-17,2024-06-19,2.0,PAID,3.05
90,26,2024-06-24,2024-06-28,4.0,LATE,3.05
90,27,2024-07-01,,,MISSED,3.05
90,28,2024-07-08,2024-07-11,3.0,PAID,3.05
90,29,2024-07-15,2024-07-17,2.0,PAID,3.05
90,30,2024-07-22,2024-07-26,4.0,LATE,3.05
90,31,2024-07-29,2024-07-30,1.0,PAID,3.05
90,32,2024-08-05,2024-08-05,0.0,PAID,3.05
90,33,2024-08-12,2024-08-13,1.0,PAID,3.05
90,34,2024-08-19,2024-08-22,3.0,PAID,3.05
90,35,2024-08-26,2024-08-30,4.0,LATE,3.05
90,36,2024-09-02,,,MISSED,3.05
90,37,2024-09-09,2024-09-12,3.0,PAID,3.05
90,38,2024-09-16,2024-09-18,2.0,PAID,3.05
90,39,2024-09-23,2024-09-27,4.0,LATE,3.05
90,40,2024-09-30,2024-10-02,2.0,PAID,3.05
90,41,2024-10-07,2024-10-09,2.0,PAID,3.05
90,42,2024-10-14,2024-10-15,1.0,PAID,3.05
90,43,2024-10-21,2024-10-24,3.0,PAID,3.05
90,44,2024-10-28,2024-10-30,2.0,PAID,3.05
90,45,2024-11-04,,,MISSED,3.05
90,46,2024-11-11,2024-11-13,2.0,PAID,3.05
90,47,2024-11-18,2024-11-20,2.0,PAID,3.05
90,48,2024-11-25,2024-11-27,2.0,PAID,3.05
90,49,2024-12-02,,,MISSED,3.05
90,50,2024-12-09,2024-12-11,2.0,PAID,3.05
90,51,2024-12-16,2024-12-18,2.0,PAID,3.05
90,52,2024-12-23,2024-12-29,6.0,LATE,3.05
90,53,2024-12-30,2025-01-05,6.0,LATE,3.05
90,54,2025-01-06,2025-01-15,9.0,LATE,3.05
90,55,2025-01-13,2025-01-15,2.0,PAID,3.05
90,56,2025-01-20,2025-01-23,3.0,PAID,3.05
90,57,2025-01-27,2025-01-30,3.0,PAID,3.05
90,58,2025-02-03,2025-02-07,4.0,LATE,3.05
90,59,2025-02-10,2025-02-14,4.0,LATE,3.05
90,60,2025-02-17,2025-02-18,1.0,PAID,3.05
90,61,2025-02-24,2025-02-28,4.0,LATE,3.05
90,62,2025-03-03,2025-03-06,3.0,PAID,3.05
90,63,2025-03-10,,,MISSED,3.05
90,64,2025-03-17,2025-03-19,2.0,PAID,3.05
90,65,2025-03-24,2025-03-29,5.0,LATE,3.05
90,66,2025-03-31,2025-04-02,2.0,PAID,3.05
90,67,2025-04-07,,,MISSED,3.05
90,68,2025-04-14,2025-04-18,4.0,LATE,3.05
90,69,2025-04-21,2025-04-24,3.0,PAID,3.05
90,70,2025-04-28,2025-05-02,4.0,LATE,3.05
90,71,2025-05-05,,,MISSED,3.05
90,72,2025-05-12,,,MISSED,3.05
90,73,2025-05-19,,,MISSED,3.05
90,74,2025-05-26,2025-05-28,2.0,PAID,3.05
90,75,2025-06-02,2025-06-06,4.0,LATE,3.05
90,76,2025-06-09,,,MISSED,3.05
90,77,2025-06-16,,,MISSED,3.05
90,78,2025-06-23,2025-06-27,4.0,LATE,3.05
90,79,2025-06-30,,,MISSED,3.05
90,80,2025-07-07,2025-07-09,2.0,PAID,3.05
90,81,2025-07-14,,,MISSED,3.05
90,82,2025-07-21,2025-07-26,5.0,LATE,3.05
90,83,2025-07-28,2025-08-01,4.0,LATE,3.05
90,84,2025-08-04,,,MISSED,3.05
90,85,2025-08-11,,,MISSED,3.05
90,86,2025-08-18,,,MISSED,3.05
90,87,2025-08-25,2025-08-27,2.0,PAID,3.05
90,88,2025-09-01,,,MISSED,3.05
90,89,2025-09-08,,,MISSED,3.05
90,90,2025-09-15,,,MISSED,3.05
90,91,2025-09-22,,,MISSED,3.05
90,92,2025-09-29,2025-10-04,5.0,LATE,3.05
90,93,2025-10-06,2025-10-08,2.0,PAID,3.05
90,94,2025-10-13,2025-10-15,2.0,PAID,3.05
90,95,2025-10-20,2025-10-24,4.0,LATE,3.05
90,96,2025-10-27,2025-10-27,0.0,PAID,3.05
90,97,2025-11-03,2025-11-05,2.0,PAID,3.05
90,98,2025-11-10,2025-11-12,2.0,PAID,3.05
90,99,2025-11-17,2025-11-19,2.0,PAID,3.05
90,100,2025-11-24,2025-11-24,0.0,PAID,3.05
90,101,2025-12-01,2025-12-01,0.0,PAID,3.05
90,102,2025-12-08,2025-12-10,2.0,PAID,3.05
90,103,2025-12-15,2025-12-17,2.0,PAID,3.05
90,104,2025-12-22,2025-12-24,2.0,PAID,3.05
91,1,2024-01-01,2024-01-04,3.0,PAID,2.43
91,2,2024-01-08,2024-01-12,4.0,LATE,2.43
91,3,2024-01-15,2024-01-18,3.0,PAID,2.43
91,4,2024-01-22,,,MISSED,2.43
91,5,2024-01-29,2024-02-01,3.0,PAID,2.43
91,6,2024-02-05,2024-02-09,4.0,LATE,2.43
91,7,2024-02-12,,,MISSED,2.43
91,8,2024-02-19,,,MISSED,2.43
91,9,2024-02-26,2024-02-29,3.0,PAID,2.43
91,10,2024-03-04,,,MISSED,2.43
91,11,2024-03-11,2024-03-12,1.0,PAID,2.43
91,12,2024-03-18,,,MISSED,2.43
91,13,2024-03-25,,,MISSED,2.43
91,14,2024-04-01,2024-04-05,4.0,LATE,2.43
91,15,2024-04-08,2024-04-11,3.0,PAID,2.43
91,16,2024-04-15,2024-04-19,4.0,LATE,2.43
91,17,2024-04-22,2024-04-24,2.0,PAID,2.43
91,18,2024-04-29,,,MISSED,2.43
91,19,2024-05-06,2024-05-06,0.0,PAID,2.43
91,20,2024-05-13,2024-05-15,2.0,PAID,2.43
91,21,2024-05-20,2024-05-21,1.0,PAID,2.43
91,22,2024-05-27,2024-05-30,3.0,PAID,2.43
91,23,2024-06-03,,,MISSED,2.43
91,24,2024-06-10,2024-06-11,1.0,PAID,2.43
91,25,2024-06-17,2024-06-18,1.0,PAID,2.43
91,26,2024-06-24,2024-06-26,2.0,PAID,2.43
91,27,2024-07-01,,,MISSED,2.43
91,28,2024-07-08,2024-07-11,3.0,PAID,2.43
91,29,2024-07-15,2024-07-17,2.0,PAID,2.43
91,30,2024-07-22,2024-07-24,2.0,PAID,2.43
91,31,2024-07-29,2024-07-30,1.0,PAID,2.43
91,32,2024-08-05,,,MISSED,2.43
91,33,2024-08-12,2024-08-16,4.0,LATE,2.43
91,34,2024-08-19,2024-08-23,4.0,LATE,2.43
91,35,2024-08-26,2024-08-28,2.0,PAID,2.43
91,36,2024-09-02,2024-09-06,4.0,LATE,2.43
91,37,2024-09-09,2024-09-14,5.0,LATE,2.43
91,38,2024-09-16,2024-09-17,1.0,PAID,2.43
91,39,2024-09-23,2024-09-24,1.0,PAID,2.43
91,40,2024-09-30,2024-10-02,2.0,PAID,2.43
91,41,2024-10-07,2024-10-08,1.0,PAID,2.43
91,42,2024-10-14,2024-10-15,1.0,PAID,2.43
91,43,2024-10-21,,,MISSED,2.43
91,44,2024-10-28,,,MISSED,2.43
91,45,2024-11-04,2024-11-08,4.0,LATE,2.43
91,46,2024-11-11,,,MISSED,2.43
91,47,2024-11-18,2024-11-18,0.0,PAID,2.43
91,48,2024-11-25,2024-11-25,0.0,PAID,2.43
91,49,2024-12-02,2024-12-04,2.0,PAID,2.43
91,50,2024-12-09,2024-12-13,4.0,LATE,2.43
91,51,2024-12-16,,,MISSED,2.43
91,52,2024-12-23,2024-12-25,2.0,PAID,2.43
91,53,2024-12-30,,,MISSED,2.43
91,54,2025-01-06,2025-01-10,4.0,LATE,2.43
91,55,2025-01-13,2025-01-14,1.0,PAID,2.43
91,56,2025-01-20,2025-01-25,5.0,LATE,2.43
91,57,2025-01-27,2025-01-29,2.0,PAID,2.43
91,58,2025-02-03,,,MISSED,2.43
91,59,2025-02-10,2025-02-11,1.0,PAID,2.43
91,60,2025-02-17,,,MISSED,2.43
91,61,2025-02-24,2025-02-27,3.0,PAID,2.43
91,62,2025-03-03,2025-03-04,1.0,PAID,2.43
91,63,2025-03-10,2025-03-10,0.0,PAID,2.43
91,64,2025-03-17,,,MISSED,2.43
91,65,2025-03-24,2025-03-26,2.0,PAID,2.43
91,66,2025-03-31,2025-04-03,3.0,PAID,2.43
91,67,2025-04-07,2025-04-09,2.0,PAID,2.43
91,68,2025-04-14,,,MISSED,2.43
91,69,2025-04-21,2025-04-23,2.0,PAID,2.43
91,70,2025-04-28,2025-05-03,5.0,LATE,2.43
91,71,2025-05-05,,,MISSED,2.43
91,72,2025-05-12,2025-05-15,3.0,PAID,2.43
91,73,2025-05-19,,,MISSED,2.43
91,74,2025-05-26,2025-05-26,0.0,PAID,2.43
91,75,2025-06-02,,,MISSED,2.43
91,76,2025-06-09,,,MISSED,2.43
91,77,2025-06-16,2025-06-17,1.0,PAID,2.43
91,78,2025-06-23,2025-06-25,2.0,PAID,2.43
91,79,2025-06-30,2025-07-02,2.0,PAID,2.43
91,80,2025-07-07,2025-07-09,2.0,PAID,2.43
91,81,2025-07-14,2025-07-17,3.0,PAID,2.43
91,82,2025-07-21,,,MISSED,2.43
91,83,2025-07-28,2025-07-30,2.0,PAID,2.43
91,84,2025-08-04,2025-08-06,2.0,PAID,2.43
91,85,2025-08-11,,,MISSED,2.43
91,86,2025-08-18,,,MISSED,2.43
91,87,2025-08-25,2025-08-27,2.0,PAID,2.43
91,88,2025-09-01,2025-09-03,2.0,PAID,2.43
91,89,2025-09-08,2025-09-12,4.0,LATE,2.43
91,90,2025-09-15,2025-09-18,3.0,PAID,2.43
91,91,2025-09-22,2025-09-24,2.0,PAID,2.43
91,92,2025-09-29,,,MISSED,2.43
91,93,2025-10-06,2025-10-09,3.0,PAID,2.43
91,94,2025-10-13,2025-10-15,2.0,PAID,2.43
91,95,2025-10-20,2025-10-21,1.0,PAID,2.43
91,96,2025-10-27,2025-10-28,1.0,PAID,2.43
91,97,2025-11-03,2025-11-05,2.0,PAID,2.43
91,98,2025-11-10,2025-11-12,2.0,PAID,2.43
91,99,2025-11-17,2025-11-17,0.0,PAID,2.43
91,100,2025-11-24,2025-11-26,2.0,PAID,2.43
91,101,2025-12-01,2025-12-01,0.0,PAID,2.43
91,102,2025-12-08,2025-12-11,3.0,PAID,2.43
91,103,2025-12-15,2025-12-15,0.0,PAID,2.43
91,104,2025-12-22,2025-12-25,3.0,PAID,2.43
92,1,2024-01-01,,,MISSED,3.3
92,2,2024-01-08,2024-01-12,4.0,LATE,3.3
92,3,2024-01-15,2024-01-16,1.0,PAID,3.3
92,4,2024-01-22,2024-01-27,5.0,LATE,3.3
92,5,2024-01-29,,,MISSED,3.3
92,6,2024-02-05,2024-02-08,3.0,PAID,3.3
92,7,2024-02-12,2024-02-13,1.0,PAID,3.3
92,8,2024-02-19,2024-02-19,0.0,PAID,3.3
92,9,2024-02-26,,,MISSED,3.3
92,10,2024-03-04,2024-03-07,3.0,PAID,3.3
92,11,2024-03-11,2024-03-16,5.0,LATE,3.3
92,12,2024-03-18,2024-03-22,4.0,LATE,3.3
92,13,2024-03-25,2024-03-28,3.0,PAID,3.3
92,14,2024-04-01,2024-04-02,1.0,PAID,3.3
92,15,2024-04-08,,,MISSED,3.3
92,16,2024-04-15,,,MISSED,3.3
92,17,2024-04-22,2024-04-25,3.0,PAID,3.3
92,18,2024-04-29,2024-05-06,7.0,LATE,3.3
92,19,2024-05-06,2024-05-09,3.0,PAID,3.3
92,20,2024-05-13,2024-05-17,4.0,LATE,3.3
92,21,2024-05-20,,,MISSED,3.3
92,22,2024-05-27,2024-05-29,2.0,PAID,3.3
92,23,2024-06-03,2024-06-07,4.0,LATE,3.3
92,24,2024-06-10,2024-06-13,3.0,PAID,3.3
92,25,2024-06-17,2024-06-18,1.0,PAID,3.3
92,26,2024-06-24,2024-06-25,1.0,PAID,3.3
92,27,2024-07-01,,,MISSED,3.3
92,28,2024-07-08,,,MISSED,3.3
92,29,2024-07-15,2024-07-16,1.0,PAID,3.3
92,30,2024-07-22,2024-07-24,2.0,PAID,3.3
92,31,2024-07-29,2024-07-30,1.0,PAID,3.3
92,32,2024-08-05,,,MISSED,3.3
92,33,2024-08-12,,,MISSED,3.3
92,34,2024-08-19,2024-08-24,5.0,LATE,3.3
92,35,2024-08-26,2024-08-30,4.0,LATE,3.3
92,36,2024-09-02,,,MISSED,3.3
92,37,2024-09-09,2024-09-11,2.0,PAID,3.3
92,38,2024-09-16,2024-09-23,7.0,LATE,3.3
92,39,2024-09-23,,,MISSED,3.3
92,40,2024-09-30,2024-10-01,1.0,PAID,3.3
92,41,2024-10-07,2024-10-08,1.0,PAID,3.3
92,42,2024-10-14,,,MISSED,3.3
92,43,2024-10-21,2024-10-23,2.0,PAID,3.3
92,44,2024-10-28,2024-10-30,2.0,PAID,3.3
92,45,2024-11-04,2024-11-08,4.0,LATE,3.3
92,46,2024-11-11,2024-11-15,4.0,LATE,3.3
92,47,2024-11-18,2024-11-20,2.0,PAID,3.3
92,48,2024-11-25,,,MISSED,3.3
92,49,2024-12-02,,,MISSED,3.3
92,50,2024-12-09,2024-12-12,3.0,PAID,3.3
92,51,2024-12-16,2024-12-19,3.0,PAID,3.3
92,52,2024-12-23,2024-12-25,2.0,PAID,3.3
92,53,2024-12-30,,,MISSED,3.3
92,54,2025-01-06,2025-01-08,2.0,PAID,3.3
92,55,2025-01-13,2025-01-14,1.0,PAID,3.3
92,56,2025-01-20,2025-01-22,2.0,PAID,3.3
92,57,2025-01-27,2025-02-01,5.0,LATE,3.3
92,58,2025-02-03,2025-02-08,5.0,LATE,3.3
92,59,2025-02-10,2025-02-15,5.0,LATE,3.3
92,60,2025-02-17,,,MISSED,3.3
92,61,2025-02-24,2025-03-02,6.0,LATE,3.3
92,62,2025-03-03,2025-03-04,1.0,PAID,3.3
92,63,2025-03-10,2025-03-13,3.0,PAID,3.3
92,64,2025-03-17,2025-03-19,2.0,PAID,3.3
92,65,2025-03-24,2025-03-29,5.0,LATE,3.3
92,66,2025-03-31,2025-04-06,6.0,LATE,3.3
92,67,2025-04-07,2025-04-12,5.0,LATE,3.3
92,68,2025-04-14,2025-04-22,8.0,LATE,3.3
92,69,2025-04-21,2025-04-25,4.0,LATE,3.3
92,70,2025-04-28,2025-05-02,4.0,LATE,3.3
92,71,2025-05-05,2025-05-07,2.0,PAID,3.3
92,72,2025-05-12,2025-05-20,8.0,LATE,3.3
92,73,2025-05-19,,,MISSED,3.3
92,74,2025-05-26,2025-05-28,2.0,PAID,3.3
92,75,2025-06-02,2025-06-05,3.0,PAID,3.3
92,76,2025-06-09,2025-06-09,0.0,PAID,3.3
92,77,2025-06-16,2025-06-20,4.0,LATE,3.3
92,78,2025-06-23,,,MISSED,3.3
92,79,2025-06-30,2025-07-04,4.0,LATE,3.3
92,80,2025-07-07,,,MISSED,3.3
92,81,2025-07-14,,,MISSED,3.3
92,82,2025-07-21,2025-07-24,3.0,PAID,3.3
92,83,2025-07-28,2025-08-07,10.0,LATE,3.3
92,84,2025-08-04,2025-08-05,1.0,PAID,3.3
92,85,2025-08-11,2025-08-16,5.0,LATE,3.3
92,86,2025-08-18,2025-08-21,3.0,PAID,3.3
92,87,2025-08-25,,,MISSED,3.3
92,88,2025-09-01,2025-09-05,4.0,LATE,3.3
92,89,2025-09-08,,,MISSED,3.3
92,90,2025-09-15,2025-09-18,3.0,PAID,3.3
92,91,2025-09-22,2025-09-28,6.0,LATE,3.3
92,92,2025-09-29,,,MISSED,3.3
92,93,2025-10-06,2025-10-08,2.0,PAID,3.3
92,94,2025-10-13,,,MISSED,3.3
92,95,2025-10-20,2025-10-21,1.0,PAID,3.3
92,96,2025-10-27,2025-10-30,3.0,PAID,3.3
92,97,2025-11-03,2025-11-07,4.0,LATE,3.3
92,98,2025-11-10,2025-11-12,2.0,PAID,3.3
92,99,2025-11-17,,,MISSED,3.3
92,100,2025-11-24,2025-11-30,6.0,LATE,3.3
92,101,2025-12-01,2025-12-02,1.0,PAID,3.3
92,102,2025-12-08,2025-12-12,4.0,LATE,3.3
92,103,2025-12-15,2025-12-19,4.0,LATE,3.3
92,104,2025-12-22,2025-12-27,5.0,LATE,3.3
93,1,2024-01-01,2024-01-04,3.0,PAID,1.86
93,2,2024-01-08,2024-01-10,2.0,PAID,1.86
93,3,2024-01-15,2024-01-15,0.0,PAID,1.86
93,4,2024-01-22,2024-01-22,0.0,PAID,1.86
93,5,2024-01-29,,,MISSED,1.86
93,6,2024-02-05,2024-02-06,1.0,PAID,1.86
93,7,2024-02-12,2024-02-15,3.0,PAID,1.86
93,8,2024-02-19,2024-02-20,1.0,PAID,1.86
93,9,2024-02-26,2024-03-01,4.0,LATE,1.86
93,10,2024-03-04,2024-03-05,1.0,PAID,1.86
93,11,2024-03-11,,,MISSED,1.86
93,12,2024-03-18,2024-03-20,2.0,PAID,1.86
93,13,2024-03-25,2024-03-27,2.0,PAID,1.86
93,14,2024-04-01,2024-04-02,1.0,PAID,1.86
93,15,2024-04-08,2024-04-11,3.0,PAID,1.86
93,16,2024-04-15,2024-04-18,3.0,PAID,1.86
93,17,2024-04-22,2024-04-25,3.0,PAID,1.86
93,18,2024-04-29,,,MISSED,1.86
93,19,2024-05-06,2024-05-08,2.0,PAID,1.86
93,20,2024-05-13,,,MISSED,1.86
93,21,2024-05-20,,,MISSED,1.86
93,22,2024-05-27,,,MISSED,1.86
93,23,2024-06-03,,,MISSED,1.86
93,24,2024-06-10,2024-06-11,1.0,PAID,1.86
93,25,2024-06-17,2024-06-22,5.0,LATE,1.86
93,26,2024-06-24,2024-06-29,5.0,LATE,1.86
93,27,2024-07-01,,,MISSED,1.86
93,28,2024-07-08,2024-07-09,1.0,PAID,1.86
93,29,2024-07-15,,,MISSED,1.86
93,30,2024-07-22,,,MISSED,1.86
93,31,2024-07-29,,,MISSED,1.86
93,32,2024-08-05,2024-08-08,3.0,PAID,1.86
93,33,2024-08-12,2024-08-13,1.0,PAID,1.86
93,34,2024-08-19,,,MISSED,1.86
93,35,2024-08-26,2024-08-30,4.0,LATE,1.86
93,36,2024-09-02,2024-09-07,5.0,LATE,1.86
93,37,2024-09-09,2024-09-10,1.0,PAID,1.86
93,38,2024-09-16,2024-09-17,1.0,PAID,1.86
93,39,2024-09-23,2024-09-24,1.0,PAID,1.86
93,40,2024-09-30,2024-10-03,3.0,PAID,1.86
93,41,2024-10-07,2024-10-07,0.0,PAID,1.86
93,42,2024-10-14,2024-10-15,1.0,PAID,1.86
93,43,2024-10-21,2024-10-23,2.0,PAID,1.86
93,44,2024-10-28,2024-10-29,1.0,PAID,1.86
93,45,2024-11-04,2024-11-05,1.0,PAID,1.86
93,46,2024-11-11,2024-11-13,2.0,PAID,1.86
93,47,2024-11-18,,,MISSED,1.86
93,48,2024-11-25,2024-11-27,2.0,PAID,1.86
93,49,2024-12-02,,,MISSED,1.86
93,50,2024-12-09,2024-12-14,5.0,LATE,1.86
93,51,2024-12-16,2024-12-16,0.0,PAID,1.86
93,52,2024-12-23,2024-12-26,3.0,PAID,1.86
93,53,2024-12-30,2025-01-02,3.0,PAID,1.86
93,54,2025-01-06,2025-01-07,1.0,PAID,1.86
93,55,2025-01-13,2025-01-16,3.0,PAID,1.86
93,56,2025-01-20,2025-01-22,2.0,PAID,1.86
93,57,2025-01-27,2025-01-27,0.0,PAID,1.86
93,58,2025-02-03,2025-02-05,2.0,PAID,1.86
93,59,2025-02-10,2025-02-11,1.0,PAID,1.86
93,60,2025-02-17,,,MISSED,1.86
93,61,2025-02-24,2025-02-26,2.0,PAID,1.86
93,62,2025-03-03,2025-03-05,2.0,PAID,1.86
93,63,2025-03-10,2025-03-10,0.0,PAID,1.86
93,64,2025-03-17,2025-03-20,3.0,PAID,1.86
93,65,2025-03-24,,,MISSED,1.86
93,66,2025-03-31,2025-03-31,0.0,PAID,1.86
93,67,2025-04-07,2025-04-09,2.0,PAID,1.86
93,68,2025-04-14,2025-04-17,3.0,PAID,1.86
93,69,2025-04-21,2025-04-21,0.0,PAID,1.86
93,70,2025-04-28,2025-04-30,2.0,PAID,1.86
93,71,2025-05-05,2025-05-06,1.0,PAID,1.86
93,72,2025-05-12,2025-05-15,3.0,PAID,1.86
93,73,2025-05-19,2025-05-20,1.0,PAID,1.86
93,74,2025-05-26,2025-05-26,0.0,PAID,1.86
93,75,2025-06-02,2025-06-08,6.0,LATE,1.86
93,76,2025-06-09,,,MISSED,1.86
93,77,2025-06-16,2025-06-18,2.0,PAID,1.86
93,78,2025-06-23,2025-06-27,4.0,LATE,1.86
93,79,2025-06-30,2025-06-30,0.0,PAID,1.86
93,80,2025-07-07,2025-07-08,1.0,PAID,1.86
93,81,2025-07-14,2025-07-16,2.0,PAID,1.86
93,82,2025-07-21,2025-07-22,1.0,PAID,1.86
93,83,2025-07-28,2025-07-29,1.0,PAID,1.86
93,84,2025-08-04,,,MISSED,1.86
93,85,2025-08-11,2025-08-13,2.0,PAID,1.86
93,86,2025-08-18,2025-08-21,3.0,PAID,1.86
93,87,2025-08-25,2025-08-27,2.0,PAID,1.86
93,88,2025-09-01,,,MISSED,1.86
93,89,2025-09-08,,,MISSED,1.86
93,90,2025-09-15,2025-09-17,2.0,PAID,1.86
93,91,2025-09-22,,,MISSED,1.86
93,92,2025-09-29,,,MISSED,1.86
93,93,2025-10-06,,,MISSED,1.86
93,94,2025-10-13,2025-10-14,1.0,PAID,1.86
93,95,2025-10-20,2025-10-22,2.0,PAID,1.86
93,96,2025-10-27,2025-10-28,1.0,PAID,1.86
93,97,2025-11-03,2025-11-05,2.0,PAID,1.86
93,98,2025-11-10,2025-11-12,2.0,PAID,1.86
93,99,2025-11-17,,,MISSED,1.86
93,100,2025-11-24,2025-11-26,2.0,PAID,1.86
93,101,2025-12-01,2025-12-02,1.0,PAID,1.86
93,102,2025-12-08,2025-12-10,2.0,PAID,1.86
93,103,2025-12-15,,,MISSED,1.86
93,104,2025-12-22,2025-12-23,1.0,PAID,1.86
94,1,2024-01-01,2024-01-08,7.0,LATE,6.1
94,2,2024-01-08,2024-01-14,6.0,LATE,6.1
94,3,2024-01-15,2024-01-20,5.0,LATE,6.1
94,4,2024-01-22,2024-01-27,5.0,LATE,6.1
94,5,2024-01-29,2024-02-03,5.0,LATE,6.1
94,6,2024-02-05,2024-02-12,7.0,LATE,6.1
94,7,2024-02-12,,,MISSED,6.1
94,8,2024-02-19,2024-02-23,4.0,LATE,6.1
94,9,2024-02-26,2024-03-04,7.0,LATE,6.1
94,10,2024-03-04,2024-03-11,7.0,LATE,6.1
94,11,2024-03-11,2024-03-18,7.0,LATE,6.1
94,12,2024-03-18,2024-03-22,4.0,LATE,6.1
94,13,2024-03-25,,,MISSED,6.1
94,14,2024-04-01,2024-04-04,3.0,PAID,6.1
94,15,2024-04-08,2024-04-17,9.0,LATE,6.1
94,16,2024-04-15,2024-04-20,5.0,LATE,6.1
94,17,2024-04-22,2024-04-29,7.0,LATE,6.1
94,18,2024-04-29,2024-05-02,3.0,PAID,6.1
94,19,2024-05-06,2024-05-11,5.0,LATE,6.1
94,20,2024-05-13,2024-05-18,5.0,LATE,6.1
94,21,2024-05-20,,,MISSED,6.1
94,22,2024-05-27,2024-05-31,4.0,LATE,6.1
94,23,2024-06-03,2024-06-07,4.0,LATE,6.1
94,24,2024-06-10,2024-06-16,6.0,LATE,6.1
94,25,2024-06-17,2024-06-26,9.0,LATE,6.1
94,26,2024-06-24,2024-07-01,7.0,LATE,6.1
94,27,2024-07-01,2024-07-04,3.0,PAID,6.1
94,28,2024-07-08,2024-07-13,5.0,LATE,6.1
94,29,2024-07-15,2024-07-25,10.0,LATE,6.1
94,30,2024-07-22,2024-08-01,10.0,LATE,6.1
94,31,2024-07-29,2024-08-07,9.0,LATE,6.1
94,32,2024-08-05,2024-08-09,4.0,LATE,6.1
94,33,2024-08-12,2024-08-18,6.0,LATE,6.1
94,34,2024-08-19,2024-08-25,6.0,LATE,6.1
94,35,2024-08-26,,,MISSED,6.1
94,36,2024-09-02,2024-09-05,3.0,PAID,6.1
94,37,2024-09-09,,,MISSED,6.1
94,38,2024-09-16,2024-09-19,3.0,PAID,6.1
94,39,2024-09-23,2024-10-01,8.0,LATE,6.1
94,40,2024-09-30,2024-10-07,7.0,LATE,6.1
94,41,2024-10-07,,,MISSED,6.1
94,42,2024-10-14,2024-10-22,8.0,LATE,6.1
94,43,2024-10-21,,,MISSED,6.1
94,44,2024-10-28,2024-11-02,5.0,LATE,6.1
94,45,2024-11-04,2024-11-08,4.0,LATE,6.1
94,46,2024-11-11,2024-11-16,5.0,LATE,6.1
94,47,2024-11-18,,,MISSED,6.1
94,48,2024-11-25,,,MISSED,6.1
94,49,2024-12-02,,,MISSED,6.1
94,50,2024-12-09,2024-12-14,5.0,LATE,6.1
94,51,2024-12-16,,,MISSED,6.1
94,52,2024-12-23,2024-12-31,8.0,LATE,6.1
94,53,2024-12-30,2025-01-04,5.0,LATE,6.1
94,54,2025-01-06,2025-01-13,7.0,LATE,6.1
94,55,2025-01-13,,,MISSED,6.1
94,56,2025-01-20,2025-01-26,6.0,LATE,6.1
94,57,2025-01-27,2025-01-30,3.0,PAID,6.1
94,58,2025-02-03,2025-02-09,6.0,LATE,6.1
94,59,2025-02-10,,,MISSED,6.1
94,60,2025-02-17,2025-02-22,5.0,LATE,6.1
94,61,2025-02-24,2025-03-03,7.0,LATE,6.1
94,62,2025-03-03,2025-03-09,6.0,LATE,6.1
94,63,2025-03-10,2025-03-17,7.0,LATE,6.1
94,64,2025-03-17,2025-03-22,5.0,LATE,6.1
94,65,2025-03-24,2025-03-27,3.0,PAID,6.1
94,66,2025-03-31,2025-04-02,2.0,PAID,6.1
94,67,2025-04-07,2025-04-14,7.0,LATE,6.1
94,68,2025-04-14,,,MISSED,6.1
94,69,2025-04-21,2025-04-27,6.0,LATE,6.1
94,70,2025-04-28,2025-05-04,6.0,LATE,6.1
94,71,2025-05-05,,,MISSED,6.1
94,72,2025-05-12,,,MISSED,6.1
94,73,2025-05-19,,,MISSED,6.1
94,74,2025-05-26,2025-05-31,5.0,LATE,6.1
94,75,2025-06-02,2025-06-13,11.0,LATE,6.1
94,76,2025-06-09,,,MISSED,6.1
94,77,2025-06-16,,,MISSED,6.1
94,78,2025-06-23,2025-06-26,3.0,PAID,6.1
94,79,2025-06-30,2025-07-10,10.0,LATE,6.1
94,80,2025-07-07,2025-07-18,11.0,LATE,6.1
94,81,2025-07-14,,,MISSED,6.1
94,82,2025-07-21,2025-07-28,7.0,LATE,6.1
94,83,2025-07-28,2025-08-04,7.0,LATE,6.1
94,84,2025-08-04,2025-08-07,3.0,PAID,6.1
94,85,2025-08-11,2025-08-15,4.0,LATE,6.1
94,86,2025-08-18,,,MISSED,6.1
94,87,2025-08-25,2025-09-04,10.0,LATE,6.1
94,88,2025-09-01,2025-09-12,11.0,LATE,6.1
94,89,2025-09-08,2025-09-15,7.0,LATE,6.1
94,90,2025-09-15,2025-09-21,6.0,LATE,6.1
94,91,2025-09-22,,,MISSED,6.1
94,92,2025-09-29,2025-10-04,5.0,LATE,6.1
94,93,2025-10-06,,,MISSED,6.1
94,94,2025-10-13,2025-10-21,8.0,LATE,6.1
94,95,2025-10-20,2025-10-26,6.0,LATE,6.1
94,96,2025-10-27,2025-11-02,6.0,LATE,6.1
94,97,2025-11-03,,,MISSED,6.1
94,98,2025-11-10,2025-11-15,5.0,LATE,6.1
94,99,2025-11-17,2025-11-26,9.0,LATE,6.1
94,100,2025-11-24,,,MISSED,6.1
94,101,2025-12-01,2025-12-04,3.0,PAID,6.1
94,102,2025-12-08,2025-12-13,5.0,LATE,6.1
94,103,2025-12-15,2025-12-23,8.0,LATE,6.1
94,104,2025-12-22,,,MISSED,6.1
95,1,2024-01-01,2024-01-07,6.0,LATE,5.24
95,2,2024-01-08,2024-01-15,7.0,LATE,5.24
95,3,2024-01-15,2024-01-19,4.0,LATE,5.24
95,4,2024-01-22,2024-01-27,5.0,LATE,5.24
95,5,2024-01-29,2024-02-02,4.0,LATE,5.24
95,6,2024-02-05,2024-02-10,5.0,LATE,5.24
95,7,2024-02-12,,,MISSED,5.24
95,8,2024-02-19,,,MISSED,5.24
95,9,2024-02-26,,,MISSED,5.24
95,10,2024-03-04,,,MISSED,5.24
95,11,2024-03-11,,,MISSED,5.24
95,12,2024-03-18,2024-03-21,3.0,PAID,5.24
95,13,2024-03-25,2024-03-31,6.0,LATE,5.24
95,14,2024-04-01,2024-04-05,4.0,LATE,5.24
95,15,2024-04-08,2024-04-15,7.0,LATE,5.24
95,16,2024-04-15,2024-04-23,8.0,LATE,5.24
95,17,2024-04-22,2024-04-27,5.0,LATE,5.24
95,18,2024-04-29,2024-05-03,4.0,LATE,5.24
95,19,2024-05-06,2024-05-09,3.0,PAID,5.24
95,20,2024-05-13,2024-05-15,2.0,PAID,5.24
95,21,2024-05-20,2024-05-24,4.0,LATE,5.24
95,22,2024-05-27,,,MISSED,5.24
95,23,2024-06-03,2024-06-08,5.0,LATE,5.24
95,24,2024-06-10,,,MISSED,5.24
95,25,2024-06-17,2024-06-19,2.0,PAID,5.24
95,26,2024-06-24,,,MISSED,5.24
95,27,2024-07-01,,,MISSED,5.24
95,28,2024-07-08,2024-07-14,6.0,LATE,5.24
95,29,2024-07-15,2024-07-20,5.0,LATE,5.24
95,30,2024-07-22,2024-07-27,5.0,LATE,5.24
95,31,2024-07-29,,,MISSED,5.24
95,32,2024-08-05,,,MISSED,5.24
95,33,2024-08-12,2024-08-15,3.0,PAID,5.24
95,34,2024-08-19,2024-08-27,8.0,LATE,5.24
95,35,2024-08-26,,,MISSED,5.24
95,36,2024-09-02,2024-09-07,5.0,LATE,5.24
95,37,2024-09-09,2024-09-17,8.0,LATE,5.24
95,38,2024-09-16,2024-09-24,8.0,LATE,5.24
95,39,2024-09-23,2024-09-29,6.0,LATE,5.24
95,40,2024-09-30,2024-10-04,4.0,LATE,5.24
95,41,2024-10-07,2024-10-12,5.0,LATE,5.24
95,42,2024-10-14,2024-10-18,4.0,LATE,5.24
95,43,2024-10-21,2024-10-30,9.0,LATE,5.24
95,44,2024-10-28,2024-10-31,3.0,PAID,5.24
95,45,2024-11-04,2024-11-15,11.0,LATE,5.24
95,46,2024-11-11,2024-11-18,7.0,LATE,5.24
95,47,2024-11-18,2024-11-20,2.0,PAID,5.24
95,48,2024-11-25,2024-12-01,6.0,LATE,5.24
95,49,2024-12-02,2024-12-07,5.0,LATE,5.24
95,50,2024-12-09,2024-12-17,8.0,LATE,5.24
95,51,2024-12-16,2024-12-21,5.0,LATE,5.24
95,52,2024-12-23,2024-12-28,5.0,LATE,5.24
95,53,2024-12-30,2025-01-05,6.0,LATE,5.24
95,54,2025-01-06,,,MISSED,5.24
95,55,2025-01-13,2025-01-23,10.0,LATE,5.24
95,56,2025-01-20,,,MISSED,5.24
95,57,2025-01-27,2025-02-02,6.0,LATE,5.24
95,58,2025-02-03,2025-02-05,2.0,PAID,5.24
95,59,2025-02-10,,,MISSED,5.24
95,60,2025-02-17,,,MISSED,5.24
95,61,2025-02-24,,,MISSED,5.24
95,62,2025-03-03,,,MISSED,5.24
95,63,2025-03-10,2025-03-16,6.0,LATE,5.24
95,64,2025-03-17,2025-03-19,2.0,PAID,5.24
95,65,2025-03-24,2025-03-28,4.0,LATE,5.24
95,66,2025-03-31,2025-04-08,8.0,LATE,5.24
95,67,2025-04-07,2025-04-18,11.0,LATE,5.24
95,68,2025-04-14,,,MISSED,5.24
95,69,2025-04-21,2025-04-29,8.0,LATE,5.24
95,70,2025-04-28,2025-05-01,3.0,PAID,5.24
95,71,2025-05-05,2025-05-11,6.0,LATE,5.24
95,72,2025-05-12,,,MISSED,5.24
95,73,2025-05-19,,,MISSED,5.24
95,74,2025-05-26,2025-06-04,9.0,LATE,5.24
95,75,2025-06-02,2025-06-07,5.0,LATE,5.24
95,76,2025-06-09,2025-06-15,6.0,LATE,5.24
95,77,2025-06-16,,,MISSED,5.24
95,78,2025-06-23,2025-06-25,2.0,PAID,5.24
95,79,2025-06-30,,,MISSED,5.24
95,80,2025-07-07,,,MISSED,5.24
95,81,2025-07-14,2025-07-16,2.0,PAID,5.24
95,82,2025-07-21,2025-07-26,5.0,LATE,5.24
95,83,2025-07-28,2025-07-30,2.0,PAID,5.24
95,84,2025-08-04,2025-08-07,3.0,PAID,5.24
95,85,2025-08-11,,,MISSED,5.24
95,86,2025-08-18,,,MISSED,5.24
95,87,2025-08-25,2025-08-28,3.0,PAID,5.24
95,88,2025-09-01,2025-09-07,6.0,LATE,5.24
95,89,2025-09-08,2025-09-11,3.0,PAID,5.24
95,90,2025-09-15,,,MISSED,5.24
95,91,2025-09-22,2025-09-25,3.0,PAID,5.24
95,92,2025-09-29,2025-10-04,5.0,LATE,5.24
95,93,2025-10-06,2025-10-09,3.0,PAID,5.24
95,94,2025-10-13,2025-10-18,5.0,LATE,5.24
95,95,2025-10-20,,,MISSED,5.24
95,96,2025-10-27,2025-11-03,7.0,LATE,5.24
95,97,2025-11-03,2025-11-08,5.0,LATE,5.24
95,98,2025-11-10,,,MISSED,5.24
95,99,2025-11-17,2025-11-23,6.0,LATE,5.24
95,100,2025-11-24,2025-11-27,3.0,PAID,5.24
95,101,2025-12-01,2025-12-05,4.0,LATE,5.24
95,102,2025-12-08,2025-12-15,7.0,LATE,5.24
95,103,2025-12-15,,,MISSED,5.24
95,104,2025-12-22,2025-12-30,8.0,LATE,5.24
96,1,2024-01-01,,,MISSED,4.34
96,2,2024-01-08,2024-01-09,1.0,PAID,4.34
96,3,2024-01-15,2024-01-17,2.0,PAID,4.34
96,4,2024-01-22,2024-01-24,2.0,PAID,4.34
96,5,2024-01-29,2024-02-01,3.0,PAID,4.34
96,6,2024-02-05,2024-02-12,7.0,LATE,4.34
96,7,2024-02-12,,,MISSED,4.34
96,8,2024-02-19,2024-02-23,4.0,LATE,4.34
96,9,2024-02-26,,,MISSED,4.34
96,10,2024-03-04,2024-03-08,4.0,LATE,4.34
96,11,2024-03-11,2024-03-17,6.0,LATE,4.34
96,12,2024-03-18,2024-03-23,5.0,LATE,4.34
96,13,2024-03-25,2024-03-27,2.0,PAID,4.34
96,14,2024-04-01,2024-04-10,9.0,LATE,4.34
96,15,2024-04-08,2024-04-10,2.0,PAID,4.34
96,16,2024-04-15,2024-04-19,4.0,LATE,4.34
96,17,2024-04-22,,,MISSED,4.34
96,18,2024-04-29,,,MISSED,4.34
96,19,2024-05-06,,,MISSED,4.34
96,20,2024-05-13,,,MISSED,4.34
96,21,2024-05-20,2024-05-28,8.0,LATE,4.34
96,22,2024-05-27,2024-06-01,5.0,LATE,4.34
96,23,2024-06-03,,,MISSED,4.34
96,24,2024-06-10,2024-06-14,4.0,LATE,4.34
96,25,2024-06-17,2024-06-19,2.0,PAID,4.34
96,26,2024-06-24,2024-06-29,5.0,LATE,4.34
96,27,2024-07-01,2024-07-06,5.0,LATE,4.34
96,28,2024-07-08,,,MISSED,4.34
96,29,2024-07-15,2024-07-22,7.0,LATE,4.34
96,30,2024-07-22,2024-07-29,7.0,LATE,4.34
96,31,2024-07-29,,,MISSED,4.34
96,32,2024-08-05,2024-08-09,4.0,LATE,4.34
96,33,2024-08-12,,,MISSED,4.34
96,34,2024-08-19,,,MISSED,4.34
96,35,2024-08-26,2024-08-29,3.0,PAID,4.34
96,36,2024-09-02,,,MISSED,4.34
96,37,2024-09-09,2024-09-18,9.0,LATE,4.34
96,38,2024-09-16,,,MISSED,4.34
96,39,2024-09-23,2024-09-25,2.0,PAID,4.34
96,40,2024-09-30,2024-10-07,7.0,LATE,4.34
96,41,2024-10-07,,,MISSED,4.34
96,42,2024-10-14,2024-10-15,1.0,PAID,4.34
96,43,2024-10-21,2024-10-28,7.0,LATE,4.34
96,44,2024-10-28,2024-10-31,3.0,PAID,4.34
96,45,2024-11-04,,,MISSED,4.34
96,46,2024-11-11,2024-11-15,4.0,LATE,4.34
96,47,2024-11-18,2024-11-22,4.0,LATE,4.34
96,48,2024-11-25,2024-11-29,4.0,LATE,4.34
96,49,2024-12-02,2024-12-05,3.0,PAID,4.34
96,50,2024-12-09,,,MISSED,4.34
96,51,2024-12-16,2024-12-22,6.0,LATE,4.34
96,52,2024-12-23,,,MISSED,4.34
96,53,2024-12-30,,,MISSED,4.34
96,54,2025-01-06,2025-01-10,4.0,LATE,4.34
96,55,2025-01-13,2025-01-18,5.0,LATE,4.34
96,56,2025-01-20,2025-01-25,5.0,LATE,4.34
96,57,2025-01-27,2025-01-30,3.0,PAID,4.34
96,58,2025-02-03,,,MISSED,4.34
96,59,2025-02-10,,,MISSED,4.34
96,60,2025-02-17,2025-02-19,2.0,PAID,4.34
96,61,2025-02-24,2025-02-28,4.0,LATE,4.34
96,62,2025-03-03,2025-03-13,10.0,LATE,4.34
96,63,2025-03-10,2025-03-13,3.0,PAID,4.34
96,64,2025-03-17,,,MISSED,4.34
96,65,2025-03-24,2025-03-26,2.0,PAID,4.34
96,66,2025-03-31,2025-04-06,6.0,LATE,4.34
96,67,2025-04-07,2025-04-17,10.0,LATE,4.34
96,68,2025-04-14,2025-04-19,5.0,LATE,4.34
96,69,2025-04-21,2025-04-26,5.0,LATE,4.34
96,70,2025-04-28,2025-04-29,1.0,PAID,4.34
96,71,2025-05-05,2025-05-10,5.0,LATE,4.34
96,72,2025-05-12,,,MISSED,4.34
96,73,2025-05-19,,,MISSED,4.34
96,74,2025-05-26,2025-05-31,5.0,LATE,4.34
96,75,2025-06-02,2025-06-07,5.0,LATE,4.34
96,76,2025-06-09,,,MISSED,4.34
96,77,2025-06-16,2025-06-19,3.0,PAID,4.34
96,78,2025-06-23,2025-06-27,4.0,LATE,4.34
96,79,2025-06-30,2025-07-04,4.0,LATE,4.34
96,80,2025-07-07,2025-07-12,5.0,LATE,4.34
96,81,2025-07-14,,,MISSED,4.34
96,82,2025-07-21,,,MISSED,4.34
96,83,2025-07-28,2025-07-30,2.0,PAID,4.34
96,84,2025-08-04,2025-08-09,5.0,LATE,4.34
96,85,2025-08-11,2025-08-13,2.0,PAID,4.34
96,86,2025-08-18,,,MISSED,4.34
96,87,2025-08-25,,,MISSED,4.34
96,88,2025-09-01,2025-09-06,5.0,LATE,4.34
96,89,2025-09-08,2025-09-13,5.0,LATE,4.34
96,90,2025-09-15,,,MISSED,4.34
96,91,2025-09-22,2025-09-24,2.0,PAID,4.34
96,92,2025-09-29,2025-10-05,6.0,LATE,4.34
96,93,2025-10-06,2025-10-13,7.0,LATE,4.34
96,94,2025-10-13,2025-10-17,4.0,LATE,4.34
96,95,2025-10-20,2025-10-27,7.0,LATE,4.34
96,96,2025-10-27,2025-11-01,5.0,LATE,4.34
96,97,2025-11-03,,,MISSED,4.34
96,98,2025-11-10,2025-11-13,3.0,PAID,4.34
96,99,2025-11-17,2025-11-22,5.0,LATE,4.34
96,100,2025-11-24,2025-11-27,3.0,PAID,4.34
96,101,2025-12-01,2025-12-06,5.0,LATE,4.34
96,102,2025-12-08,2025-12-10,2.0,PAID,4.34
96,103,2025-12-15,2025-12-21,6.0,LATE,4.34
96,104,2025-12-22,2025-12-24,2.0,PAID,4.34
97,1,2024-01-01,2024-01-02,1.0,PAID,1.54
97,2,2024-01-08,2024-01-09,1.0,PAID,1.54
97,3,2024-01-15,2024-01-18,3.0,PAID,1.54
97,4,2024-01-22,2024-01-25,3.0,PAID,1.54
97,5,2024-01-29,2024-02-01,3.0,PAID,1.54
97,6,2024-02-05,2024-02-05,0.0,PAID,1.54
97,7,2024-02-12,2024-02-16,4.0,LATE,1.54
97,8,2024-02-19,2024-02-19,0.0,PAID,1.54
97,9,2024-02-26,2024-02-28,2.0,PAID,1.54
97,10,2024-03-04,,,MISSED,1.54
97,11,2024-03-11,2024-03-12,1.0,PAID,1.54
97,12,2024-03-18,2024-03-19,1.0,PAID,1.54
97,13,2024-03-25,2024-03-29,4.0,LATE,1.54
97,14,2024-04-01,2024-04-01,0.0,PAID,1.54
97,15,2024-04-08,2024-04-11,3.0,PAID,1.54
97,16,2024-04-15,2024-04-16,1.0,PAID,1.54
97,17,2024-04-22,2024-04-23,1.0,PAID,1.54
97,18,2024-04-29,2024-04-30,1.0,PAID,1.54
97,19,2024-05-06,2024-05-08,2.0,PAID,1.54
97,20,2024-05-13,2024-05-13,0.0,PAID,1.54
97,21,2024-05-20,2024-05-22,2.0,PAID,1.54
97,22,2024-05-27,2024-05-29,2.0,PAID,1.54
97,23,2024-06-03,2024-06-06,3.0,PAID,1.54
97,24,2024-06-10,2024-06-12,2.0,PAID,1.54
97,25,2024-06-17,2024-06-18,1.0,PAID,1.54
97,26,2024-06-24,2024-06-24,0.0,PAID,1.54
97,27,2024-07-01,2024-07-02,1.0,PAID,1.54
97,28,2024-07-08,2024-07-09,1.0,PAID,1.54
97,29,2024-07-15,2024-07-17,2.0,PAID,1.54
97,30,2024-07-22,2024-07-26,4.0,LATE,1.54
97,31,2024-07-29,,,MISSED,1.54
97,32,2024-08-05,2024-08-08,3.0,PAID,1.54
97,33,2024-08-12,2024-08-12,0.0,PAID,1.54
97,34,2024-08-19,,,MISSED,1.54
97,35,2024-08-26,,,MISSED,1.54
97,36,2024-09-02,2024-09-05,3.0,PAID,1.54
97,37,2024-09-09,2024-09-10,1.0,PAID,1.54
97,38,2024-09-16,,,MISSED,1.54
97,39,2024-09-23,2024-09-29,6.0,LATE,1.54
97,40,2024-09-30,,,MISSED,1.54
97,41,2024-10-07,2024-10-07,0.0,PAID,1.54
97,42,2024-10-14,2024-10-14,0.0,PAID,1.54
97,43,2024-10-21,2024-10-23,2.0,PAID,1.54
97,44,2024-10-28,2024-10-29,1.0,PAID,1.54
97,45,2024-11-04,2024-11-05,1.0,PAID,1.54
97,46,2024-11-11,2024-11-11,0.0,PAID,1.54
97,47,2024-11-18,2024-11-20,2.0,PAID,1.54
97,48,2024-11-25,,,MISSED,1.54
97,49,2024-12-02,2024-12-03,1.0,PAID,1.54
97,50,2024-12-09,2024-12-13,4.0,LATE,1.54
97,51,2024-12-16,,,MISSED,1.54
97,52,2024-12-23,2024-12-23,0.0,PAID,1.54
97,53,2024-12-30,,,MISSED,1.54
97,54,2025-01-06,2025-01-06,0.0,PAID,1.54
97,55,2025-01-13,,,MISSED,1.54
97,56,2025-01-20,2025-01-21,1.0,PAID,1.54
97,57,2025-01-27,2025-01-31,4.0,LATE,1.54
97,58,2025-02-03,2025-02-07,4.0,LATE,1.54
97,59,2025-02-10,2025-02-12,2.0,PAID,1.54
97,60,2025-02-17,2025-02-18,1.0,PAID,1.54
97,61,2025-02-24,,,MISSED,1.54
97,62,2025-03-03,2025-03-05,2.0,PAID,1.54
97,63,2025-03-10,2025-03-14,4.0,LATE,1.54
97,64,2025-03-17,2025-03-17,0.0,PAID,1.54
97,65,2025-03-24,2025-03-25,1.0,PAID,1.54
97,66,2025-03-31,,,MISSED,1.54
97,67,2025-04-07,2025-04-09,2.0,PAID,1.54
97,68,2025-04-14,2025-04-14,0.0,PAID,1.54
97,69,2025-04-21,2025-04-23,2.0,PAID,1.54
97,70,2025-04-28,2025-04-29,1.0,PAID,1.54
97,71,2025-05-05,2025-05-05,0.0,PAID,1.54
97,72,2025-05-12,2025-05-16,4.0,LATE,1.54
97,73,2025-05-19,2025-05-19,0.0,PAID,1.54
97,74,2025-05-26,2025-05-29,3.0,PAID,1.54
97,75,2025-06-02,2025-06-02,0.0,PAID,1.54
97,76,2025-06-09,2025-06-10,1.0,PAID,1.54
97,77,2025-06-16,2025-06-20,4.0,LATE,1.54
97,78,2025-06-23,2025-06-24,1.0,PAID,1.54
97,79,2025-06-30,2025-07-01,1.0,PAID,1.54
97,80,2025-07-07,2025-07-09,2.0,PAID,1.54
97,81,2025-07-14,2025-07-16,2.0,PAID,1.54
97,82,2025-07-21,2025-07-24,3.0,PAID,1.54
97,83,2025-07-28,2025-07-29,1.0,PAID,1.54
97,84,2025-08-04,,,MISSED,1.54
97,85,2025-08-11,2025-08-14,3.0,PAID,1.54
97,86,2025-08-18,2025-08-20,2.0,PAID,1.54
97,87,2025-08-25,2025-08-28,3.0,PAID,1.54
97,88,2025-09-01,2025-09-02,1.0,PAID,1.54
97,89,2025-09-08,2025-09-11,3.0,PAID,1.54
97,90,2025-09-15,2025-09-17,2.0,PAID,1.54
97,91,2025-09-22,2025-09-25,3.0,PAID,1.54
97,92,2025-09-29,2025-10-02,3.0,PAID,1.54
97,93,2025-10-06,2025-10-06,0.0,PAID,1.54
97,94,2025-10-13,,,MISSED,1.54
97,95,2025-10-20,2025-10-21,1.0,PAID,1.54
97,96,2025-10-27,,,MISSED,1.54
97,97,2025-11-03,,,MISSED,1.54
97,98,2025-11-10,2025-11-11,1.0,PAID,1.54
97,99,2025-11-17,2025-11-18,1.0,PAID,1.54
97,100,2025-11-24,2025-11-26,2.0,PAID,1.54
97,101,2025-12-01,2025-12-01,0.0,PAID,1.54
97,102,2025-12-08,2025-12-09,1.0,PAID,1.54
97,103,2025-12-15,2025-12-15,0.0,PAID,1.54
97,104,2025-12-22,2025-12-23,1.0,PAID,1.54
98,1,2024-01-01,2024-01-09,8.0,LATE,6.3
98,2,2024-01-08,,,MISSED,6.3
98,3,2024-01-15,2024-01-20,5.0,LATE,6.3
98,4,2024-01-22,2024-01-31,9.0,LATE,6.3
98,5,2024-01-29,2024-02-03,5.0,LATE,6.3
98,6,2024-02-05,2024-02-17,12.0,LATE,6.3
98,7,2024-02-12,2024-02-18,6.0,LATE,6.3
98,8,2024-02-19,,,MISSED,6.3
98,9,2024-02-26,2024-03-03,6.0,LATE,6.3
98,10,2024-03-04,2024-03-14,10.0,LATE,6.3
98,11,2024-03-11,,,MISSED,6.3
98,12,2024-03-18,,,MISSED,6.3
98,13,2024-03-25,,,MISSED,6.3
98,14,2024-04-01,,,MISSED,6.3
98,15,2024-04-08,2024-04-09,1.0,PAID,6.3
98,16,2024-04-15,,,MISSED,6.3
98,17,2024-04-22,,,MISSED,6.3
98,18,2024-04-29,2024-05-05,6.0,LATE,6.3
98,19,2024-05-06,2024-05-13,7.0,LATE,6.3
98,20,2024-05-13,,,MISSED,6.3
98,21,2024-05-20,2024-05-25,5.0,LATE,6.3
98,22,2024-05-27,2024-06-03,7.0,LATE,6.3
98,23,2024-06-03,2024-06-07,4.0,LATE,6.3
98,24,2024-06-10,,,MISSED,6.3
98,25,2024-06-17,2024-06-23,6.0,LATE,6.3
98,26,2024-06-24,2024-07-05,11.0,LATE,6.3
98,27,2024-07-01,2024-07-06,5.0,LATE,6.3
98,28,2024-07-08,2024-07-14,6.0,LATE,6.3
98,29,2024-07-15,2024-07-18,3.0,PAID,6.3
98,30,2024-07-22,,,MISSED,6.3
98,31,2024-07-29,2024-08-04,6.0,LATE,6.3
98,32,2024-08-05,2024-08-12,7.0,LATE,6.3
98,33,2024-08-12,2024-08-19,7.0,LATE,6.3
98,34,2024-08-19,,,MISSED,6.3
98,35,2024-08-26,,,MISSED,6.3
98,36,2024-09-02,2024-09-10,8.0,LATE,6.3
98,37,2024-09-09,2024-09-14,5.0,LATE,6.3
98,38,2024-09-16,2024-09-20,4.0,LATE,6.3
98,39,2024-09-23,2024-10-02,9.0,LATE,6.3
98,40,2024-09-30,2024-10-03,3.0,PAID,6.3
98,41,2024-10-07,,,MISSED,6.3
98,42,2024-10-14,,,MISSED,6.3
98,43,2024-10-21,,,MISSED,6.3
98,44,2024-10-28,2024-11-03,6.0,LATE,6.3
98,45,2024-11-04,,,MISSED,6.3
98,46,2024-11-11,2024-11-18,7.0,LATE,6.3
98,47,2024-11-18,2024-11-21,3.0,PAID,6.3
98,48,2024-11-25,,,MISSED,6.3
98,49,2024-12-02,2024-12-11,9.0,LATE,6.3
98,50,2024-12-09,2024-12-15,6.0,LATE,6.3
98,51,2024-12-16,,,MISSED,6.3
98,52,2024-12-23,2024-12-30,7.0,LATE,6.3
98,53,2024-12-30,2025-01-09,10.0,LATE,6.3
98,54,2025-01-06,,,MISSED,6.3
98,55,2025-01-13,2025-01-18,5.0,LATE,6.3
98,56,2025-01-20,2025-01-26,6.0,LATE,6.3
98,57,2025-01-27,,,MISSED,6.3
98,58,2025-02-03,,,MISSED,6.3
98,59,2025-02-10,,,MISSED,6.3
98,60,2025-02-17,2025-02-27,10.0,LATE,6.3
98,61,2025-02-24,,,MISSED,6.3
98,62,2025-03-03,2025-03-12,9.0,LATE,6.3
98,63,2025-03-10,2025-03-16,6.0,LATE,6.3
98,64,2025-03-17,,,MISSED,6.3
98,65,2025-03-24,,,MISSED,6.3
98,66,2025-03-31,,,MISSED,6.3
98,67,2025-04-07,2025-04-14,7.0,LATE,6.3
98,68,2025-04-14,2025-04-19,5.0,LATE,6.3
98,69,2025-04-21,,,MISSED,6.3
98,70,2025-04-28,2025-05-05,7.0,LATE,6.3
98,71,2025-05-05,2025-05-15,10.0,LATE,6.3
98,72,2025-05-12,2025-05-16,4.0,LATE,6.3
98,73,2025-05-19,2025-05-26,7.0,LATE,6.3
98,74,2025-05-26,,,MISSED,6.3
98,75,2025-06-02,2025-06-11,9.0,LATE,6.3
98,76,2025-06-09,,,MISSED,6.3
98,77,2025-06-16,2025-06-22,6.0,LATE,6.3
98,78,2025-06-23,2025-06-30,7.0,LATE,6.3
98,79,2025-06-30,2025-07-09,9.0,LATE,6.3
98,80,2025-07-07,2025-07-15,8.0,LATE,6.3
98,81,2025-07-14,2025-07-18,4.0,LATE,6.3
98,82,2025-07-21,2025-07-25,4.0,LATE,6.3
98,83,2025-07-28,2025-07-31,3.0,PAID,6.3
98,84,2025-08-04,,,MISSED,6.3
98,85,2025-08-11,2025-08-20,9.0,LATE,6.3
98,86,2025-08-18,2025-08-22,4.0,LATE,6.3
98,87,2025-08-25,2025-09-02,8.0,LATE,6.3
98,88,2025-09-01,2025-09-08,7.0,LATE,6.3
98,89,2025-09-08,2025-09-16,8.0,LATE,6.3
98,90,2025-09-15,2025-09-19,4.0,LATE,6.3
98,91,2025-09-22,2025-09-29,7.0,LATE,6.3
98,92,2025-09-29,,,MISSED,6.3
98,93,2025-10-06,2025-10-08,2.0,PAID,6.3
98,94,2025-10-13,2025-10-17,4.0,LATE,6.3
98,95,2025-10-20,2025-10-28,8.0,LATE,6.3
98,96,2025-10-27,2025-11-01,5.0,LATE,6.3
98,97,2025-11-03,2025-11-07,4.0,LATE,6.3
98,98,2025-11-10,2025-11-13,3.0,PAID,6.3
98,99,2025-11-17,2025-11-24,7.0,LATE,6.3
98,100,2025-11-24,2025-12-02,8.0,LATE,6.3
98,101,2025-12-01,,,MISSED,6.3
98,102,2025-12-08,,,MISSED,6.3
98,103,2025-12-15,2025-12-21,6.0,LATE,6.3
98,104,2025-12-22,2025-12-29,7.0,LATE,6.3
99,1,2024-01-01,2024-01-08,7.0,LATE,5.55
99,2,2024-01-08,2024-01-16,8.0,LATE,5.55
99,3,2024-01-15,,,MISSED,5.55
99,4,2024-01-22,,,MISSED,5.55
99,5,2024-01-29,2024-02-02,4.0,LATE,5.55
99,6,2024-02-05,,,MISSED,5.55
99,7,2024-02-12,,,MISSED,5.55
99,8,2024-02-19,,,MISSED,5.55
99,9,2024-02-26,2024-03-01,4.0,LATE,5.55
99,10,2024-03-04,,,MISSED,5.55
99,11,2024-03-11,2024-03-20,9.0,LATE,5.55
99,12,2024-03-18,2024-03-23,5.0,LATE,5.55
99,13,2024-03-25,2024-03-26,1.0,PAID,5.55
99,14,2024-04-01,2024-04-08,7.0,LATE,5.55
99,15,2024-04-08,,,MISSED,5.55
99,16,2024-04-15,,,MISSED,5.55
99,17,2024-04-22,2024-04-30,8.0,LATE,5.55
99,18,2024-04-29,2024-05-02,3.0,PAID,5.55
99,19,2024-05-06,2024-05-09,3.0,PAID,5.55
99,20,2024-05-13,2024-05-22,9.0,LATE,5.55
99,21,2024-05-20,2024-05-31,11.0,LATE,5.55
99,22,2024-05-27,,,MISSED,5.55
99,23,2024-06-03,2024-06-12,9.0,LATE,5.55
99,24,2024-06-10,2024-06-13,3.0,PAID,5.55
99,25,2024-06-17,,,MISSED,5.55
99,26,2024-06-24,2024-06-27,3.0,PAID,5.55
99,27,2024-07-01,2024-07-08,7.0,LATE,5.55
99,28,2024-07-08,2024-07-11,3.0,PAID,5.55
99,29,2024-07-15,,,MISSED,5.55
99,30,2024-07-22,,,MISSED,5.55
99,31,2024-07-29,2024-08-04,6.0,LATE,5.55
99,32,2024-08-05,2024-08-11,6.0,LATE,5.55
99,33,2024-08-12,2024-08-18,6.0,LATE,5.55
99,34,2024-08-19,,,MISSED,5.55
99,35,2024-08-26,2024-08-30,4.0,LATE,5.55
99,36,2024-09-02,2024-09-08,6.0,LATE,5.55
99,37,2024-09-09,2024-09-15,6.0,LATE,5.55
99,38,2024-09-16,2024-09-22,6.0,LATE,5.55
99,39,2024-09-23,,,MISSED,5.55
99,40,2024-09-30,2024-10-02,2.0,PAID,5.55
99,41,2024-10-07,,,MISSED,5.55
99,42,2024-10-14,,,MISSED,5.55
99,43,2024-10-21,,,MISSED,5.55
99,44,2024-10-28,2024-10-30,2.0,PAID,5.55
99,45,2024-11-04,,,MISSED,5.55
99,46,2024-11-11,2024-11-14,3.0,PAID,5.55
99,47,2024-11-18,2024-11-19,1.0,PAID,5.55
99,48,2024-11-25,,,MISSED,5.55
99,49,2024-12-02,2024-12-05,3.0,PAID,5.55
99,50,2024-12-09,,,MISSED,5.55
99,51,2024-12-16,2024-12-21,5.0,LATE,5.55
99,52,2024-12-23,2025-01-01,9.0,LATE,5.55
99,53,2024-12-30,2025-01-06,7.0,LATE,5.55
99,54,2025-01-06,2025-01-17,11.0,LATE,5.55
99,55,2025-01-13,2025-01-16,3.0,PAID,5.55
99,56,2025-01-20,,,MISSED,5.55
99,57,2025-01-27,2025-02-02,6.0,LATE,5.55
99,58,2025-02-03,2025-02-08,5.0,LATE,5.55
99,59,2025-02-10,2025-02-12,2.0,PAID,5.55
99,60,2025-02-17,2025-02-19,2.0,PAID,5.55
99,61,2025-02-24,2025-03-01,5.0,LATE,5.55
99,62,2025-03-03,,,MISSED,5.55
99,63,2025-03-10,2025-03-17,7.0,LATE,5.55
99,64,2025-03-17,2025-03-25,8.0,LATE,5.55
99,65,2025-03-24,2025-03-28,4.0,LATE,5.55
99,66,2025-03-31,2025-04-06,6.0,LATE,5.55
99,67,2025-04-07,2025-04-12,5.0,LATE,5.55
99,68,2025-04-14,,,MISSED,5.55
99,69,2025-04-21,,,MISSED,5.55
99,70,2025-04-28,2025-05-05,7.0,LATE,5.55
99,71,2025-05-05,2025-05-10,5.0,LATE,5.55
99,72,2025-05-12,2025-05-18,6.0,LATE,5.55
99,73,2025-05-19,2025-05-22,3.0,PAID,5.55
99,74,2025-05-26,2025-05-29,3.0,PAID,5.55
99,75,2025-06-02,,,MISSED,5.55
99,76,2025-06-09,2025-06-12,3.0,PAID,5.55
99,77,2025-06-16,2025-06-21,5.0,LATE,5.55
99,78,2025-06-23,2025-06-29,6.0,LATE,5.55
99,79,2025-06-30,2025-07-08,8.0,LATE,5.55
99,80,2025-07-07,2025-07-17,10.0,LATE,5.55
99,81,2025-07-14,,,MISSED,5.55
99,82,2025-07-21,,,MISSED,5.55
99,83,2025-07-28,2025-08-02,5.0,LATE,5.55
99,84,2025-08-04,,,MISSED,5.55
99,85,2025-08-11,,,MISSED,5.55
99,86,2025-08-18,2025-08-19,1.0,PAID,5.55
99,87,2025-08-25,2025-08-30,5.0,LATE,5.55
99,88,2025-09-01,2025-09-08,7.0,LATE,5.55
99,89,2025-09-08,,,MISSED,5.55
99,90,2025-09-15,2025-09-16,1.0,PAID,5.55
99,91,2025-09-22,2025-09-26,4.0,LATE,5.55
99,92,2025-09-29,2025-10-05,6.0,LATE,5.55
99,93,2025-10-06,,,MISSED,5.55
99,94,2025-10-13,2025-10-15,2.0,PAID,5.55
99,95,2025-10-20,,,MISSED,5.55
99,96,2025-10-27,2025-10-30,3.0,PAID,5.55
99,97,2025-11-03,2025-11-06,3.0,PAID,5.55
99,98,2025-11-10,2025-11-17,7.0,LATE,5.55
99,99,2025-11-17,2025-11-23,6.0,LATE,5.55
99,100,2025-11-24,2025-11-28,4.0,LATE,5.55
99,101,2025-12-01,2025-12-05,4.0,LATE,5.55
99,102,2025-12-08,2025-12-10,2.0,PAID,5.55
99,103,2025-12-15,2025-12-18,3.0,PAID,5.55
99,104,2025-12-22,2025-12-30,8.0,LATE,5.55
100,1,2024-01-01,2024-01-05,4.0,LATE,3.62
100,2,2024-01-08,2024-01-12,4.0,LATE,3.62
100,3,2024-01-15,2024-01-18,3.0,PAID,3.62
100,4,2024-01-22,,,MISSED,3.62
100,5,2024-01-29,2024-02-01,3.0,PAID,3.62
100,6,2024-02-05,2024-02-10,5.0,LATE,3.62
100,7,2024-02-12,2024-02-16,4.0,LATE,3.62
100,8,2024-02-19,2024-02-19,0.0,PAID,3.62
100,9,2024-02-26,2024-03-03,6.0,LATE,3.62
100,10,2024-03-04,2024-03-07,3.0,PAID,3.62
100,11,2024-03-11,2024-03-13,2.0,PAID,3.62
100,12,2024-03-18,2024-03-21,3.0,PAID,3.62
100,13,2024-03-25,2024-03-29,4.0,LATE,3.62
100,14,2024-04-01,2024-04-03,2.0,PAID,3.62
100,15,2024-04-08,2024-04-10,2.0,PAID,3.62
100,16,2024-04-15,,,MISSED,3.62
100,17,2024-04-22,2024-04-24,2.0,PAID,3.62
100,18,2024-04-29,2024-05-02,3.0,PAID,3.62
100,19,2024-05-06,2024-05-11,5.0,LATE,3.62
100,20,2024-05-13,2024-05-17,4.0,LATE,3.62
100,21,2024-05-20,2024-05-24,4.0,LATE,3.62
100,22,2024-05-27,,,MISSED,3.62
100,23,2024-06-03,2024-06-07,4.0,LATE,3.62
100,24,2024-06-10,2024-06-16,6.0,LATE,3.62
100,25,2024-06-17,2024-06-20,3.0,PAID,3.62
100,26,2024-06-24,2024-06-25,1.0,PAID,3.62
100,27,2024-07-01,,,MISSED,3.62
100,28,2024-07-08,,,MISSED,3.62
100,29,2024-07-15,2024-07-18,3.0,PAID,3.62
100,30,2024-07-22,2024-07-26,4.0,LATE,3.62
100,31,2024-07-29,2024-08-02,4.0,LATE,3.62
100,32,2024-08-05,,,MISSED,3.62
100,33,2024-08-12,,,MISSED,3.62
100,34,2024-08-19,2024-08-22,3.0,PAID,3.62
100,35,2024-08-26,2024-09-01,6.0,LATE,3.62
100,36,2024-09-02,,,MISSED,3.62
100,37,2024-09-09,2024-09-15,6.0,LATE,3.62
100,38,2024-09-16,,,MISSED,3.62
100,39,2024-09-23,2024-09-27,4.0,LATE,3.62
100,40,2024-09-30,2024-10-05,5.0,LATE,3.62
100,41,2024-10-07,2024-10-09,2.0,PAID,3.62
100,42,2024-10-14,2024-10-16,2.0,PAID,3.62
100,43,2024-10-21,2024-10-27,6.0,LATE,3.62
100,44,2024-10-28,2024-11-01,4.0,LATE,3.62
100,45,2024-11-04,2024-11-08,4.0,LATE,3.62
100,46,2024-11-11,,,MISSED,3.62
100,47,2024-11-18,2024-11-20,2.0,PAID,3.62
100,48,2024-11-25,2024-11-28,3.0,PAID,3.62
100,49,2024-12-02,2024-12-08,6.0,LATE,3.62
100,50,2024-12-09,2024-12-11,2.0,PAID,3.62
100,51,2024-12-16,2024-12-23,7.0,LATE,3.62
100,52,2024-12-23,2024-12-29,6.0,LATE,3.62
100,53,2024-12-30,2025-01-02,3.0,PAID,3.62
100,54,2025-01-06,2025-01-08,2.0,PAID,3.62
100,55,2025-01-13,2025-01-17,4.0,LATE,3.62
100,56,2025-01-20,2025-01-25,5.0,LATE,3.62
100,57,2025-01-27,2025-01-30,3.0,PAID,3.62
100,58,2025-02-03,,,MISSED,3.62
100,59,2025-02-10,,,MISSED,3.62
100,60,2025-02-17,,,MISSED,3.62
100,61,2025-02-24,2025-02-28,4.0,LATE,3.62
100,62,2025-03-03,,,MISSED,3.62
100,63,2025-03-10,2025-03-17,7.0,LATE,3.62
100,64,2025-03-17,2025-03-18,1.0,PAID,3.62
100,65,2025-03-24,2025-03-31,7.0,LATE,3.62
100,66,2025-03-31,2025-04-06,6.0,LATE,3.62
100,67,2025-04-07,2025-04-10,3.0,PAID,3.62
100,68,2025-04-14,2025-04-21,7.0,LATE,3.62
100,69,2025-04-21,2025-04-26,5.0,LATE,3.62
100,70,2025-04-28,2025-05-01,3.0,PAID,3.62
100,71,2025-05-05,,,MISSED,3.62
100,72,2025-05-12,2025-05-16,4.0,LATE,3.62
100,73,2025-05-19,,,MISSED,3.62
100,74,2025-05-26,2025-05-30,4.0,LATE,3.62
100,75,2025-06-02,2025-06-06,4.0,LATE,3.62
100,76,2025-06-09,2025-06-16,7.0,LATE,3.62
100,77,2025-06-16,,,MISSED,3.62
100,78,2025-06-23,,,MISSED,3.62
100,79,2025-06-30,2025-07-02,2.0,PAID,3.62
100,80,2025-07-07,2025-07-10,3.0,PAID,3.62
100,81,2025-07-14,2025-07-16,2.0,PAID,3.62
100,82,2025-07-21,2025-07-22,1.0,PAID,3.62
100,83,2025-07-28,2025-08-01,4.0,LATE,3.62
100,84,2025-08-04,2025-08-05,1.0,PAID,3.62
100,85,2025-08-11,,,MISSED,3.62
100,86,2025-08-18,2025-08-22,4.0,LATE,3.62
100,87,2025-08-25,2025-08-28,3.0,PAID,3.62
100,88,2025-09-01,2025-09-06,5.0,LATE,3.62
100,89,2025-09-08,2025-09-11,3.0,PAID,3.62
100,90,2025-09-15,2025-09-16,1.0,PAID,3.62
100,91,2025-09-22,2025-09-23,1.0,PAID,3.62
100,92,2025-09-29,2025-10-04,5.0,LATE,3.62
100,93,2025-10-06,2025-10-08,2.0,PAID,3.62
100,94,2025-10-13,2025-10-16,3.0,PAID,3.62
100,95,2025-10-20,2025-10-24,4.0,LATE,3.62
100,96,2025-10-27,2025-10-30,3.0,PAID,3.62
100,97,2025-11-03,2025-11-09,6.0,LATE,3.62
100,98,2025-11-10,2025-11-14,4.0,LATE,3.62
100,99,2025-11-17,,,MISSED,3.62
100,100,2025-11-24,2025-11-30,6.0,LATE,3.62
100,101,2025-12-01,2025-12-02,1.0,PAID,3.62
100,102,2025-12-08,,,MISSED,3.62
100,103,2025-12-15,2025-12-20,5.0,LATE,3.62
100,104,2025-12-22,2025-12-25,3.0,PAID,3.62
