member_id,week_number,scheduled_date,payment_date,days_late,status
1,1,2024-01-01,2024-01-07,6.0,LATE
1,2,2024-01-08,,,MISSED
1,3,2024-01-15,2024-01-18,3.0,PAID
1,4,2024-01-22,2024-01-26,4.0,LATE
1,5,2024-01-29,2024-02-02,4.0,LATE
1,6,2024-02-05,,,MISSED
1,7,2024-02-12,2024-02-18,6.0,LATE
1,8,2024-02-19,2024-02-24,5.0,LATE
1,9,2024-02-26,2024-03-04,7.0,LATE
1,10,2024-03-04,2024-03-11,7.0,LATE
1,11,2024-03-11,2024-03-17,6.0,LATE
1,12,2024-03-18,,,MISSED
1,13,2024-03-25,,,MISSED
1,14,2024-04-01,2024-04-05,4.0,LATE
1,15,2024-04-08,2024-04-13,5.0,LATE
1,16,2024-04-15,2024-04-23,8.0,LATE
1,17,2024-04-22,2024-04-26,4.0,LATE
1,18,2024-04-29,2024-05-07,8.0,LATE
1,19,2024-05-06,2024-05-13,7.0,LATE
1,20,2024-05-13,2024-05-19,6.0,LATE
1,21,2024-05-20,,,MISSED
1,22,2024-05-27,2024-06-09,13.0,LATE
1,23,2024-06-03,,,MISSED
1,24,2024-06-10,,,MISSED
1,25,2024-06-17,2024-06-26,9.0,LATE
1,26,2024-06-24,,,MISSED
1,27,2024-07-01,2024-07-07,6.0,LATE
1,28,2024-07-08,2024-07-13,5.0,LATE
1,29,2024-07-15,2024-07-23,8.0,LATE
1,30,2024-07-22,,,MISSED
1,31,2024-07-29,2024-08-01,3.0,PAID
1,32,2024-08-05,2024-08-12,7.0,LATE
1,33,2024-08-12,2024-08-22,10.0,LATE
1,34,2024-08-19,2024-08-26,7.0,LATE
1,35,2024-08-26,2024-08-31,5.0,LATE
1,36,2024-09-02,2024-09-14,12.0,LATE
1,37,2024-09-09,2024-09-15,6.0,LATE
1,38,2024-09-16,2024-09-19,3.0,PAID
1,39,2024-09-23,2024-09-27,4.0,LATE
1,40,2024-09-30,,,MISSED
1,41,2024-10-07,2024-10-13,6.0,LATE
1,42,2024-10-14,2024-10-19,5.0,LATE
1,43,2024-10-21,,,MISSED
1,44,2024-10-28,2024-11-03,6.0,LATE
1,45,2024-11-04,2024-11-08,4.0,LATE
1,46,2024-11-11,2024-11-16,5.0,LATE
1,47,2024-11-18,2024-11-24,6.0,LATE
1,48,2024-11-25,2024-12-06,11.0,LATE
1,49,2024-12-02,2024-12-10,8.0,LATE
1,50,2024-12-09,2024-12-16,7.0,LATE
1,51,2024-12-16,2024-12-24,8.0,LATE
1,52,2024-12-23,2024-12-30,7.0,LATE
1,53,2024-12-30,2025-01-04,5.0,LATE
1,54,2025-01-06,2025-01-11,5.0,LATE
1,55,2025-01-13,2025-01-20,7.0,LATE
1,56,2025-01-20,,,MISSED
1,57,2025-01-27,2025-02-04,8.0,LATE
1,58,2025-02-03,,,MISSED
1,59,2025-02-10,2025-02-17,7.0,LATE
1,60,2025-02-17,,,MISSED
1,61,2025-02-24,2025-03-02,6.0,LATE
1,62,2025-03-03,,,MISSED
1,63,2025-03-10,2025-03-16,6.0,LATE
1,64,2025-03-17,2025-03-23,6.0,LATE
1,65,2025-03-24,2025-03-30,6.0,LATE
1,66,2025-03-31,2025-04-05,5.0,LATE
1,67,2025-04-07,2025-04-13,6.0,LATE
1,68,2025-04-14,2025-04-23,9.0,LATE
1,69,2025-04-21,2025-04-27,6.0,LATE
1,70,2025-04-28,2025-05-04,6.0,LATE
1,71,2025-05-05,2025-05-13,8.0,LATE
1,72,2025-05-12,,,MISSED
1,73,2025-05-19,,,MISSED
1,74,2025-05-26,,,MISSED
1,75,2025-06-02,,,MISSED
1,76,2025-06-09,2025-06-15,6.0,LATE
1,77,2025-06-16,,,MISSED
1,78,2025-06-23,2025-06-30,7.0,LATE
1,79,2025-06-30,2025-07-10,10.0,LATE
1,80,2025-07-07,,,MISSED
1,81,2025-07-14,2025-07-19,5.0,LATE
1,82,2025-07-21,2025-07-27,6.0,LATE
1,83,2025-07-28,2025-07-31,3.0,PAID
1,84,2025-08-04,,,MISSED
1,85,2025-08-11,2025-08-16,5.0,LATE
1,86,2025-08-18,2025-08-25,7.0,LATE
1,87,2025-08-25,2025-09-02,8.0,LATE
1,88,2025-09-01,2025-09-11,10.0,LATE
1,89,2025-09-08,2025-09-15,7.0,LATE
1,90,2025-09-15,,,MISSED
1,91,2025-09-22,2025-09-29,7.0,LATE
1,92,2025-09-29,2025-10-03,4.0,LATE
1,93,2025-10-06,2025-10-09,3.0,PAID
1,94,2025-10-13,,,MISSED
1,95,2025-10-20,2025-10-28,8.0,LATE
1,96,2025-10-27,2025-11-01,5.0,LATE
1,97,2025-11-03,2025-11-11,8.0,LATE
1,98,2025-11-10,2025-11-12,2.0,PAID
1,99,2025-11-17,2025-11-24,7.0,LATE
1,100,2025-11-24,2025-12-01,7.0,LATE
1,101,2025-12-01,2025-12-10,9.0,LATE
1,102,2025-12-08,,,MISSED
1,103,2025-12-15,,,MISSED
1,104,2025-12-22,,,MISSED
1,105,2025-12-29,2026-01-04,6.0,LATE
1,106,2026-01-05,2026-01-12,7.0,LATE
1,107,2026-01-12,2026-01-21,9.0,LATE
1,108,2026-01-19,2026-01-26,7.0,LATE
1,109,2026-01-26,2026-02-05,10.0,LATE
1,110,2026-02-02,2026-02-11,9.0,LATE
1,111,2026-02-09,2026-02-22,13.0,LATE
1,112,2026-02-16,2026-02-21,5.0,LATE
1,113,2026-02-23,2026-02-28,5.0,LATE
1,114,2026-03-02,2026-03-15,13.0,LATE
1,115,2026-03-09,2026-03-13,4.0,LATE
1,116,2026-03-16,,,MISSED
1,117,2026-03-23,,,MISSED
1,118,2026-03-30,2026-04-05,6.0,LATE
1,119,2026-04-06,2026-04-11,5.0,LATE
1,120,2026-04-13,,,MISSED
1,121,2026-04-20,,,MISSED
1,122,2026-04-27,2026-04-30,3.0,PAID
1,123,2026-05-04,2026-05-10,6.0,LATE
1,124,2026-05-11,2026-05-16,5.0,LATE
1,125,2026-05-18,2026-05-24,6.0,LATE
1,126,2026-05-25,,,MISSED
1,127,2026-06-01,,,MISSED
1,128,2026-06-08,,,MISSED
1,129,2026-06-15,2026-06-20,5.0,LATE
1,130,2026-06-22,2026-07-03,11.0,LATE
1,131,2026-06-29,,,MISSED
1,132,2026-07-06,2026-07-09,3.0,PAID
1,133,2026-07-13,,,MISSED
1,134,2026-07-20,2026-07-27,7.0,LATE
1,135,2026-07-27,2026-08-01,5.0,LATE
1,136,2026-08-03,2026-08-10,7.0,LATE
1,137,2026-08-10,2026-08-14,4.0,LATE
1,138,2026-08-17,2026-08-21,4.0,LATE
1,139,2026-08-24,2026-08-28,4.0,LATE
1,140,2026-08-31,2026-09-05,5.0,LATE
1,141,2026-09-07,,,MISSED
1,142,2026-09-14,,,MISSED
1,143,2026-09-21,,,MISSED
1,144,2026-09-28,,,MISSED
1,145,2026-10-05,2026-10-11,6.0,LATE
1,146,2026-10-12,2026-10-19,7.0,LATE
1,147,2026-10-19,,,MISSED
1,148,2026-10-26,2026-11-02,7.0,LATE
1,149,2026-11-02,,,MISSED
1,150,2026-11-09,2026-11-13,4.0,LATE
1,151,2026-11-16,,,MISSED
1,152,2026-11-23,,,MISSED
1,153,2026-11-30,,,MISSED
1,154,2026-12-07,2026-12-11,4.0,LATE
1,155,2026-12-14,2026-12-22,8.0,LATE
1,156,2026-12-21,2026-12-27,6.0,LATE
2,1,2024-01-01,2024-01-05,4.0,LATE
2,2,2024-01-08,2024-01-10,2.0,PAID
2,3,2024-01-15,,,MISSED
2,4,2024-01-22,2024-01-24,2.0,PAID
2,5,2024-01-29,,,MISSED
2,6,2024-02-05,2024-02-07,2.0,PAID
2,7,2024-02-12,2024-02-13,1.0,PAID
2,8,2024-02-19,2024-02-25,6.0,LATE
2,9,2024-02-26,2024-02-28,2.0,PAID
2,10,2024-03-04,,,MISSED
2,11,2024-03-11,2024-03-14,3.0,PAID
2,12,2024-03-18,2024-03-20,2.0,PAID
2,13,2024-03-25,2024-03-29,4.0,LATE
2,14,2024-04-01,2024-04-07,6.0,LATE
2,15,2024-04-08,2024-04-10,2.0,PAID
2,16,2024-04-15,2024-04-17,2.0,PAID
2,17,2024-04-22,2024-04-27,5.0,LATE
2,18,2024-04-29,,,MISSED
2,19,2024-05-06,2024-05-06,0.0,PAID
2,20,2024-05-13,2024-05-15,2.0,PAID
2,21,2024-05-20,2024-05-25,5.0,LATE
2,22,2024-05-27,2024-05-29,2.0,PAID
2,23,2024-06-03,2024-06-06,3.0,PAID
2,24,2024-06-10,2024-06-12,2.0,PAID
2,25,2024-06-17,,,MISSED
2,26,2024-06-24,2024-06-30,6.0,LATE
2,27,2024-07-01,2024-07-03,2.0,PAID
2,28,2024-07-08,,,MISSED
2,29,2024-07-15,,,MISSED
2,30,2024-07-22,2024-07-22,0.0,PAID
2,31,2024-07-29,2024-07-31,2.0,PAID
2,32,2024-08-05,2024-08-07,2.0,PAID
2,33,2024-08-12,,,MISSED
2,34,2024-08-19,2024-08-21,2.0,PAID
2,35,2024-08-26,2024-08-28,2.0,PAID
2,36,2024-09-02,2024-09-07,5.0,LATE
2,37,2024-09-09,2024-09-13,4.0,LATE
2,38,2024-09-16,2024-09-20,4.0,LATE
2,39,2024-09-23,2024-09-24,1.0,PAID
2,40,2024-09-30,2024-10-03,3.0,PAID
2,41,2024-10-07,2024-10-11,4.0,LATE
2,42,2024-10-14,2024-10-15,1.0,PAID
2,43,2024-10-21,2024-10-24,3.0,PAID
2,44,2024-10-28,2024-11-01,4.0,LATE
2,45,2024-11-04,2024-11-06,2.0,PAID
2,46,2024-11-11,,,MISSED
2,47,2024-11-18,2024-11-23,5.0,LATE
2,48,2024-11-25,2024-11-25,0.0,PAID
2,49,2024-12-02,2024-12-04,2.0,PAID
2,50,2024-12-09,,,MISSED
2,51,2024-12-16,2024-12-18,2.0,PAID
2,52,2024-12-23,2024-12-25,2.0,PAID
2,53,2024-12-30,2024-12-31,1.0,PAID
2,54,2025-01-06,2025-01-07,1.0,PAID
2,55,2025-01-13,,,MISSED
2,56,2025-01-20,,,MISSED
2,57,2025-01-27,2025-01-28,1.0,PAID
2,58,2025-02-03,2025-02-05,2.0,PAID
2,59,2025-02-10,2025-02-11,1.0,PAID
2,60,2025-02-17,2025-02-20,3.0,PAID
2,61,2025-02-24,,,MISSED
2,62,2025-03-03,2025-03-09,6.0,LATE
2,63,2025-03-10,2025-03-11,1.0,PAID
2,64,2025-03-17,,,MISSED
2,65,2025-03-24,2025-03-26,2.0,PAID
2,66,2025-03-31,2025-04-03,3.0,PAID
2,67,2025-04-07,2025-04-10,3.0,PAID
2,68,2025-04-14,2025-04-16,2.0,PAID
2,69,2025-04-21,,,MISSED
2,70,2025-04-28,2025-04-30,2.0,PAID
2,71,2025-05-05,2025-05-06,1.0,PAID
2,72,2025-05-12,,,MISSED
2,73,2025-05-19,2025-05-22,3.0,PAID
2,74,2025-05-26,2025-06-01,6.0,LATE
2,75,2025-06-02,2025-06-03,1.0,PAID
2,76,2025-06-09,2025-06-13,4.0,LATE
2,77,2025-06-16,2025-06-21,5.0,LATE
2,78,2025-06-23,,,MISSED
2,79,2025-06-30,2025-07-03,3.0,PAID
2,80,2025-07-07,2025-07-11,4.0,LATE
2,81,2025-07-14,2025-07-14,0.0,PAID
2,82,2025-07-21,2025-07-22,1.0,PAID
2,83,2025-07-28,,,MISSED
2,84,2025-08-04,2025-08-09,5.0,LATE
2,85,2025-08-11,,,MISSED
2,86,2025-08-18,2025-08-20,2.0,PAID
2,87,2025-08-25,2025-08-28,3.0,PAID
2,88,2025-09-01,2025-09-04,3.0,PAID
2,89,2025-09-08,2025-09-12,4.0,LATE
2,90,2025-09-15,,,MISSED
2,91,2025-09-22,2025-09-27,5.0,LATE
2,92,2025-09-29,,,MISSED
2,93,2025-10-06,2025-10-06,0.0,PAID
2,94,2025-10-13,2025-10-15,2.0,PAID
2,95,2025-10-20,2025-10-21,1.0,PAID
2,96,2025-10-27,2025-10-28,1.0,PAID
2,97,2025-11-03,,,MISSED
2,98,2025-11-10,2025-11-12,2.0,PAID
2,99,2025-11-17,,,MISSED
2,100,2025-11-24,2025-11-27,3.0,PAID
2,101,2025-12-01,2025-12-04,3.0,PAID
2,102,2025-12-08,2025-12-11,3.0,PAID
2,103,2025-12-15,2025-12-16,1.0,PAID
2,104,2025-12-22,2025-12-23,1.0,PAID
2,105,2025-12-29,2026-01-02,4.0,LATE
2,106,2026-01-05,,,MISSED
2,107,2026-01-12,2026-01-14,2.0,PAID
2,108,2026-01-19,2026-01-21,2.0,PAID
2,109,2026-01-26,2026-01-28,2.0,PAID
2,110,2026-02-02,2026-02-07,5.0,LATE
2,111,2026-02-09,,,MISSED
2,112,2026-02-16,2026-02-19,3.0,PAID
2,113,2026-02-23,,,MISSED
2,114,2026-03-02,2026-03-06,4.0,LATE
2,115,2026-03-09,2026-03-11,2.0,PAID
2,116,2026-03-16,2026-03-17,1.0,PAID
2,117,2026-03-23,2026-03-26,3.0,PAID
2,118,2026-03-30,2026-04-02,3.0,PAID
2,119,2026-04-06,,,MISSED
2,120,2026-04-13,,,MISSED
2,121,2026-04-20,,,MISSED
2,122,2026-04-27,,,MISSED
2,123,2026-05-04,2026-05-09,5.0,LATE
2,124,2026-05-11,,,MISSED
2,125,2026-05-18,2026-05-20,2.0,PAID
2,126,2026-05-25,2026-05-28,3.0,PAID
2,127,2026-06-01,,,MISSED
2,128,2026-06-08,2026-06-08,0.0,PAID
2,129,2026-06-15,,,MISSED
2,130,2026-06-22,,,MISSED
2,131,2026-06-29,2026-07-01,2.0,PAID
2,132,2026-07-06,2026-07-07,1.0,PAID
2,133,2026-07-13,2026-07-17,4.0,LATE
2,134,2026-07-20,2026-07-24,4.0,LATE
2,135,2026-07-27,2026-07-28,1.0,PAID
2,136,2026-08-03,2026-08-09,6.0,LATE
2,137,2026-08-10,2026-08-12,2.0,PAID
2,138,2026-08-17,2026-08-18,1.0,PAID
2,139,2026-08-24,2026-08-26,2.0,PAID
2,140,2026-08-31,2026-09-03,3.0,PAID
2,141,2026-09-07,,,MISSED
2,142,2026-09-14,,,MISSED
2,143,2026-09-21,,,MISSED
2,144,2026-09-28,2026-10-02,4.0,LATE
2,145,2026-10-05,2026-10-06,1.0,PAID
2,146,2026-10-12,2026-10-15,3.0,PAID
2,147,2026-10-19,,,MISSED
2,148,2026-10-26,2026-10-28,2.0,PAID
2,149,2026-11-02,2026-11-04,2.0,PAID
2,150,2026-11-09,,,MISSED
2,151,2026-11-16,,,MISSED
2,152,2026-11-23,2026-11-24,1.0,PAID
2,153,2026-11-30,2026-12-02,2.0,PAID
2,154,2026-12-07,2026-12-09,2.0,PAID
2,155,2026-12-14,2026-12-16,2.0,PAID
2,156,2026-12-21,2026-12-25,4.0,LATE
3,1,2024-01-01,2024-01-06,5.0,LATE
3,2,2024-01-08,2024-01-15,7.0,LATE
3,3,2024-01-15,,,MISSED
3,4,2024-01-22,2024-01-27,5.0,LATE
3,5,2024-01-29,,,MISSED
3,6,2024-02-05,2024-02-13,8.0,LATE
3,7,2024-02-12,2024-02-20,8.0,LATE
3,8,2024-02-19,2024-02-25,6.0,LATE
3,9,2024-02-26,,,MISSED
3,10,2024-03-04,2024-03-07,3.0,PAID
3,11,2024-03-11,2024-03-21,10.0,LATE
3,12,2024-03-18,,,MISSED
3,13,2024-03-25,2024-03-28,3.0,PAID
3,14,2024-04-01,,,MISSED
3,15,2024-04-08,,,MISSED
3,16,2024-04-15,2024-04-19,4.0,LATE
3,17,2024-04-22,2024-04-27,5.0,LATE
3,18,2024-04-29,,,MISSED
3,19,2024-05-06,2024-05-16,10.0,LATE
3,20,2024-05-13,,,MISSED
3,21,2024-05-20,,,MISSED
3,22,2024-05-27,2024-05-31,4.0,LATE
3,23,2024-06-03,2024-06-12,9.0,LATE
3,24,2024-06-10,,,MISSED
3,25,2024-06-17,2024-06-21,4.0,LATE
3,26,2024-06-24,,,MISSED
3,27,2024-07-01,,,MISSED
3,28,2024-07-08,2024-07-15,7.0,LATE
3,29,2024-07-15,2024-07-19,4.0,LATE
3,30,2024-07-22,2024-07-26,4.0,LATE
3,31,2024-07-29,,,MISSED
3,32,2024-08-05,2024-08-08,3.0,PAID
3,33,2024-08-12,2024-08-20,8.0,LATE
3,34,2024-08-19,2024-08-27,8.0,LATE
3,35,2024-08-26,,,MISSED
3,36,2024-09-02,,,MISSED
3,37,2024-09-09,,,MISSED
3,38,2024-09-16,2024-09-22,6.0,LATE
3,39,2024-09-23,2024-09-28,5.0,LATE
3,40,2024-09-30,2024-10-03,3.0,PAID
3,41,2024-10-07,,,MISSED
3,42,2024-10-14,2024-10-22,8.0,LATE
3,43,2024-10-21,2024-10-28,7.0,LATE
3,44,2024-10-28,2024-11-04,7.0,LATE
3,45,2024-11-04,,,MISSED
3,46,2024-11-11,2024-11-22,11.0,LATE
3,47,2024-11-18,2024-11-24,6.0,LATE
3,48,2024-11-25,2024-12-02,7.0,LATE
3,49,2024-12-02,2024-12-07,5.0,LATE
3,50,2024-12-09,,,MISSED
3,51,2024-12-16,2024-12-20,4.0,LATE
3,52,2024-12-23,2024-12-29,6.0,LATE
3,53,2024-12-30,,,MISSED
3,54,2025-01-06,2025-01-15,9.0,LATE
3,55,2025-01-13,2025-01-17,4.0,LATE
3,56,2025-01-20,2025-01-29,9.0,LATE
3,57,2025-01-27,2025-01-29,2.0,PAID
3,58,2025-02-03,2025-02-10,7.0,LATE
3,59,2025-02-10,2025-02-25,15.0,LATE
3,60,2025-02-17,,,MISSED
3,61,2025-02-24,,,MISSED
3,62,2025-03-03,2025-03-09,6.0,LATE
3,63,2025-03-10,,,MISSED
3,64,2025-03-17,2025-03-26,9.0,LATE
3,65,2025-03-24,2025-03-29,5.0,LATE
3,66,2025-03-31,2025-04-06,6.0,LATE
3,67,2025-04-07,2025-04-08,1.0,PAID
3,68,2025-04-14,2025-04-18,4.0,LATE
3,69,2025-04-21,,,MISSED
3,70,2025-04-28,,,MISSED
3,71,2025-05-05,,,MISSED
3,72,2025-05-12,2025-05-16,4.0,LATE
3,73,2025-05-19,2025-05-22,3.0,PAID
3,74,2025-05-26,2025-06-02,7.0,LATE
3,75,2025-06-02,2025-06-07,5.0,LATE
3,76,2025-06-09,,,MISSED
3,77,2025-06-16,,,MISSED
3,78,2025-06-23,,,MISSED
3,79,2025-06-30,,,MISSED
3,80,2025-07-07,2025-07-11,4.0,LATE
3,81,2025-07-14,2025-07-19,5.0,LATE
3,82,2025-07-21,2025-07-27,6.0,LATE
3,83,2025-07-28,2025-08-04,7.0,LATE
3,84,2025-08-04,2025-08-08,4.0,LATE
3,85,2025-08-11,2025-08-17,6.0,LATE
3,86,2025-08-18,,,MISSED
3,87,2025-08-25,,,MISSED
3,88,2025-09-01,2025-09-04,3.0,PAID
3,89,2025-09-08,2025-09-16,8.0,LATE
3,90,2025-09-15,,,MISSED
3,91,2025-09-22,2025-09-25,3.0,PAID
3,92,2025-09-29,2025-10-11,12.0,LATE
3,93,2025-10-06,2025-10-16,10.0,LATE
3,94,2025-10-13,2025-10-18,5.0,LATE
3,95,2025-10-20,,,MISSED
3,96,2025-10-27,2025-10-31,4.0,LATE
3,97,2025-11-03,,,MISSED
3,98,2025-11-10,2025-11-13,3.0,PAID
3,99,2025-11-17,2025-11-24,7.0,LATE
3,100,2025-11-24,,,MISSED
3,101,2025-12-01,2025-12-08,7.0,LATE
3,102,2025-12-08,2025-12-09,1.0,PAID
3,103,2025-12-15,2025-12-18,3.0,PAID
3,104,2025-12-22,2026-01-04,13.0,LATE
3,105,2025-12-29,2026-01-05,7.0,LATE
3,106,2026-01-05,2026-01-07,2.0,PAID
3,107,2026-01-12,2026-01-21,9.0,LATE
3,108,2026-01-19,,,MISSED
3,109,2026-01-26,,,MISSED
3,110,2026-02-02,2026-02-10,8.0,LATE
3,111,2026-02-09,2026-02-12,3.0,PAID
3,112,2026-02-16,2026-02-20,4.0,LATE
3,113,2026-02-23,2026-02-28,5.0,LATE
3,114,2026-03-02,,,MISSED
3,115,2026-03-09,2026-03-16,7.0,LATE
3,116,2026-03-16,2026-03-25,9.0,LATE
3,117,2026-03-23,,,MISSED
3,118,2026-03-30,2026-04-07,8.0,LATE
3,119,2026-04-06,2026-04-11,5.0,LATE
3,120,2026-04-13,2026-04-15,2.0,PAID
3,121,2026-04-20,2026-04-27,7.0,LATE
3,122,2026-04-27,2026-05-04,7.0,LATE
3,123,2026-05-04,2026-05-16,12.0,LATE
3,124,2026-05-11,2026-05-19,8.0,LATE
3,125,2026-05-18,2026-05-23,5.0,LATE
3,126,2026-05-25,2026-05-30,5.0,LATE
3,127,2026-06-01,2026-06-10,9.0,LATE
3,128,2026-06-08,2026-06-09,1.0,PAID
3,129,2026-06-15,,,MISSED
3,130,2026-06-22,2026-06-29,7.0,LATE
3,131,2026-06-29,2026-07-02,3.0,PAID
3,132,2026-07-06,2026-07-10,4.0,LATE
3,133,2026-07-13,2026-07-23,10.0,LATE
3,134,2026-07-20,2026-07-23,3.0,PAID
3,135,2026-07-27,2026-07-30,3.0,PAID
3,136,2026-08-03,,,MISSED
3,137,2026-08-10,,,MISSED
3,138,2026-08-17,2026-08-24,7.0,LATE
3,139,2026-08-24,2026-08-28,4.0,LATE
3,140,2026-08-31,2026-09-07,7.0,LATE
3,141,2026-09-07,2026-09-14,7.0,LATE
3,142,2026-09-14,2026-09-19,5.0,LATE
3,143,2026-09-21,2026-09-28,7.0,LATE
3,144,2026-09-28,2026-10-05,7.0,LATE
3,145,2026-10-05,2026-10-15,10.0,LATE
3,146,2026-10-12,2026-10-16,4.0,LATE
3,147,2026-10-19,2026-10-27,8.0,LATE
3,148,2026-10-26,2026-10-30,4.0,LATE
3,149,2026-11-02,2026-11-07,5.0,LATE
3,150,2026-11-09,2026-11-16,7.0,LATE
3,151,2026-11-16,,,MISSED
3,152,2026-11-23,2026-12-02,9.0,LATE
3,153,2026-11-30,2026-12-03,3.0,PAID
3,154,2026-12-07,2026-12-14,7.0,LATE
3,155,2026-12-14,,,MISSED
3,156,2026-12-21,,,MISSED
4,1,2024-01-01,,,MISSED
4,2,2024-01-08,2024-01-10,2.0,PAID
4,3,2024-01-15,2024-01-18,3.0,PAID
4,4,2024-01-22,2024-01-22,0.0,PAID
4,5,2024-01-29,,,MISSED
4,6,2024-02-05,2024-02-11,6.0,LATE
4,7,2024-02-12,2024-02-16,4.0,LATE
4,8,2024-02-19,,,MISSED
4,9,2024-02-26,,,MISSED
4,10,2024-03-04,2024-03-07,3.0,PAID
4,11,2024-03-11,2024-03-15,4.0,LATE
4,12,2024-03-18,2024-03-20,2.0,PAID
4,13,2024-03-25,,,MISSED
4,14,2024-04-01,2024-04-04,3.0,PAID
4,15,2024-04-08,,,MISSED
4,16,2024-04-15,,,MISSED
4,17,2024-04-22,2024-04-24,2.0,PAID
4,18,2024-04-29,2024-05-01,2.0,PAID
4,19,2024-05-06,,,MISSED
4,20,2024-05-13,2024-05-15,2.0,PAID
4,21,2024-05-20,2024-05-24,4.0,LATE
4,22,2024-05-27,2024-05-30,3.0,PAID
4,23,2024-06-03,2024-06-08,5.0,LATE
4,24,2024-06-10,2024-06-11,1.0,PAID
4,25,2024-06-17,2024-06-20,3.0,PAID
4,26,2024-06-24,,,MISSED
4,27,2024-07-01,2024-07-08,7.0,LATE
4,28,2024-07-08,2024-07-10,2.0,PAID
4,29,2024-07-15,2024-07-19,4.0,LATE
4,30,2024-07-22,2024-07-25,3.0,PAID
4,31,2024-07-29,2024-07-30,1.0,PAID
4,32,2024-08-05,,,MISSED
4,33,2024-08-12,2024-08-15,3.0,PAID
4,34,2024-08-19,,,MISSED
4,35,2024-08-26,2024-08-30,4.0,LATE
4,36,2024-09-02,2024-09-05,3.0,PAID
4,37,2024-09-09,2024-09-10,1.0,PAID
4,38,2024-09-16,,,MISSED
4,39,2024-09-23,,,MISSED
4,40,2024-09-30,2024-09-30,0.0,PAID
4,41,2024-10-07,2024-10-11,4.0,LATE
4,42,2024-10-14,2024-10-21,7.0,LATE
4,43,2024-10-21,,,MISSED
4,44,2024-10-28,,,MISSED
4,45,2024-11-04,2024-11-04,0.0,PAID
4,46,2024-11-11,2024-11-16,5.0,LATE
4,47,2024-11-18,2024-11-20,2.0,PAID
4,48,2024-11-25,,,MISSED
4,49,2024-12-02,2024-12-05,3.0,PAID
4,50,2024-12-09,2024-12-12,3.0,PAID
4,51,2024-12-16,2024-12-19,3.0,PAID
4,52,2024-12-23,2024-12-28,5.0,LATE
4,53,2024-12-30,2025-01-01,2.0,PAID
4,54,2025-01-06,2025-01-07,1.0,PAID
4,55,2025-01-13,,,MISSED
4,56,2025-01-20,2025-01-24,4.0,LATE
4,57,2025-01-27,,,MISSED
4,58,2025-02-03,2025-02-07,4.0,LATE
4,59,2025-02-10,,,MISSED
4,60,2025-02-17,2025-02-20,3.0,PAID
4,61,2025-02-24,2025-02-28,4.0,LATE
4,62,2025-03-03,2025-03-05,2.0,PAID
4,63,2025-03-10,2025-03-11,1.0,PAID
4,64,2025-03-17,2025-03-20,3.0,PAID
4,65,2025-03-24,2025-03-25,1.0,PAID
4,66,2025-03-31,2025-04-02,2.0,PAID
4,67,2025-04-07,2025-04-11,4.0,LATE
4,68,2025-04-14,2025-04-20,6.0,LATE
4,69,2025-04-21,2025-04-21,0.0,PAID
4,70,2025-04-28,2025-05-02,4.0,LATE
4,71,2025-05-05,2025-05-09,4.0,LATE
4,72,2025-05-12,2025-05-15,3.0,PAID
4,73,2025-05-19,2025-05-28,9.0,LATE
4,74,2025-05-26,2025-05-30,4.0,LATE
4,75,2025-06-02,2025-06-05,3.0,PAID
4,76,2025-06-09,2025-06-14,5.0,LATE
4,77,2025-06-16,2025-06-21,5.0,LATE
4,78,2025-06-23,2025-06-24,1.0,PAID
4,79,2025-06-30,2025-07-03,3.0,PAID
4,80,2025-07-07,2025-07-08,1.0,PAID
4,81,2025-07-14,2025-07-18,4.0,LATE
4,82,2025-07-21,2025-07-22,1.0,PAID
4,83,2025-07-28,2025-07-30,2.0,PAID
4,84,2025-08-04,,,MISSED
4,85,2025-08-11,2025-08-16,5.0,LATE
4,86,2025-08-18,2025-08-19,1.0,PAID
4,87,2025-08-25,2025-08-27,2.0,PAID
4,88,2025-09-01,,,MISSED
4,89,2025-09-08,,,MISSED
4,90,2025-09-15,2025-09-20,5.0,LATE
4,91,2025-09-22,2025-09-26,4.0,LATE
4,92,2025-09-29,2025-10-03,4.0,LATE
4,93,2025-10-06,2025-10-07,1.0,PAID
4,94,2025-10-13,2025-10-16,3.0,PAID
4,95,2025-10-20,,,MISSED
4,96,2025-10-27,2025-10-30,3.0,PAID
4,97,2025-11-03,2025-11-07,4.0,LATE
4,98,2025-11-10,2025-11-12,2.0,PAID
4,99,2025-11-17,,,MISSED
4,100,2025-11-24,2025-11-28,4.0,LATE
4,101,2025-12-01,2025-12-03,2.0,PAID
4,102,2025-12-08,2025-12-15,7.0,LATE
4,103,2025-12-15,2025-12-20,5.0,LATE
4,104,2025-12-22,2025-12-24,2.0,PAID
4,105,2025-12-29,2025-12-30,1.0,PAID
4,106,2026-01-05,2026-01-07,2.0,PAID
4,107,2026-01-12,2026-01-18,6.0,LATE
4,108,2026-01-19,2026-01-20,1.0,PAID
4,109,2026-01-26,,,MISSED
4,110,2026-02-02,,,MISSED
4,111,2026-02-09,2026-02-11,2.0,PAID
4,112,2026-02-16,2026-02-18,2.0,PAID
4,113,2026-02-23,2026-02-23,0.0,PAID
4,114,2026-03-02,2026-03-05,3.0,PAID
4,115,2026-03-09,2026-03-14,5.0,LATE
4,116,2026-03-16,2026-03-21,5.0,LATE
4,117,2026-03-23,,,MISSED
4,118,2026-03-30,2026-04-07,8.0,LATE
4,119,2026-04-06,2026-04-10,4.0,LATE
4,120,2026-04-13,,,MISSED
4,121,2026-04-20,2026-04-25,5.0,LATE
4,122,2026-04-27,2026-04-30,3.0,PAID
4,123,2026-05-04,,,MISSED
4,124,2026-05-11,2026-05-18,7.0,LATE
4,125,2026-05-18,2026-05-19,1.0,PAID
4,126,2026-05-25,2026-05-28,3.0,PAID
4,127,2026-06-01,2026-06-03,2.0,PAID
4,128,2026-06-08,,,MISSED
4,129,2026-06-15,2026-06-21,6.0,LATE
4,130,2026-06-22,,,MISSED
4,131,2026-06-29,,,MISSED
4,132,2026-07-06,2026-07-08,2.0,PAID
4,133,2026-07-13,2026-07-14,1.0,PAID
4,134,2026-07-20,,,MISSED
4,135,2026-07-27,2026-08-03,7.0,LATE
4,136,2026-08-03,2026-08-10,7.0,LATE
4,137,2026-08-10,,,MISSED
4,138,2026-08-17,2026-08-19,2.0,PAID
4,139,2026-08-24,2026-08-27,3.0,PAID
4,140,2026-08-31,2026-08-31,0.0,PAID
4,141,2026-09-07,,,MISSED
4,142,2026-09-14,,,MISSED
4,143,2026-09-21,2026-09-25,4.0,LATE
4,144,2026-09-28,2026-09-28,0.0,PAID
4,145,2026-10-05,2026-10-10,5.0,LATE
4,146,2026-10-12,,,MISSED
4,147,2026-10-19,2026-10-23,4.0,LATE
4,148,2026-10-26,2026-10-29,3.0,PAID
4,149,2026-11-02,,,MISSED
4,150,2026-11-09,,,MISSED
4,151,2026-11-16,,,MISSED
4,152,2026-11-23,2026-11-25,2.0,PAID
4,153,2026-11-30,2026-12-02,2.0,PAID
4,154,2026-12-07,2026-12-11,4.0,LATE
4,155,2026-12-14,2026-12-19,5.0,LATE
4,156,2026-12-21,2026-12-21,0.0,PAID
5,1,2024-01-01,2024-01-03,2.0,PAID
5,2,2024-01-08,2024-01-09,1.0,PAID
5,3,2024-01-15,,,MISSED
5,4,2024-01-22,2024-01-24,2.0,PAID
5,5,2024-01-29,,,MISSED
5,6,2024-02-05,2024-02-06,1.0,PAID
5,7,2024-02-12,2024-02-13,1.0,PAID
5,8,2024-02-19,2024-02-19,0.0,PAID
5,9,2024-02-26,2024-02-28,2.0,PAID
5,10,2024-03-04,,,MISSED
5,11,2024-03-11,2024-03-16,5.0,LATE
5,12,2024-03-18,,,MISSED
5,13,2024-03-25,,,MISSED
5,14,2024-04-01,2024-04-03,2.0,PAID
5,15,2024-04-08,2024-04-08,0.0,PAID
5,16,2024-04-15,2024-04-20,5.0,LATE
5,17,2024-04-22,2024-04-23,1.0,PAID
5,18,2024-04-29,2024-04-30,1.0,PAID
5,19,2024-05-06,2024-05-07,1.0,PAID
5,20,2024-05-13,2024-05-16,3.0,PAID
5,21,2024-05-20,2024-05-24,4.0,LATE
5,22,2024-05-27,2024-05-29,2.0,PAID
5,23,2024-06-03,2024-06-03,0.0,PAID
5,24,2024-06-10,2024-06-13,3.0,PAID
5,25,2024-06-17,2024-06-18,1.0,PAID
5,26,2024-06-24,2024-06-25,1.0,PAID
5,27,2024-07-01,,,MISSED
5,28,2024-07-08,2024-07-10,2.0,PAID
5,29,2024-07-15,2024-07-16,1.0,PAID
5,30,2024-07-22,2024-07-24,2.0,PAID
5,31,2024-07-29,,,MISSED
5,32,2024-08-05,2024-08-10,5.0,LATE
5,33,2024-08-12,2024-08-15,3.0,PAID
5,34,2024-08-19,2024-08-21,2.0,PAID
5,35,2024-08-26,2024-08-29,3.0,PAID
5,36,2024-09-02,2024-09-05,3.0,PAID
5,37,2024-09-09,2024-09-12,3.0,PAID
5,38,2024-09-16,2024-09-18,2.0,PAID
5,39,2024-09-23,,,MISSED
5,40,2024-09-30,,,MISSED
5,41,2024-10-07,2024-10-09,2.0,PAID
5,42,2024-10-14,2024-10-17,3.0,PAID
5,43,2024-10-21,2024-10-23,2.0,PAID
5,44,2024-10-28,2024-10-28,0.0,PAID
5,45,2024-11-04,2024-11-06,2.0,PAID
5,46,2024-11-11,2024-11-14,3.0,PAID
5,47,2024-11-18,,,MISSED
5,48,2024-11-25,2024-11-27,2.0,PAID
5,49,2024-12-02,2024-12-03,1.0,PAID
5,50,2024-12-09,2024-12-12,3.0,PAID
5,51,2024-12-16,,,MISSED
5,52,2024-12-23,2024-12-26,3.0,PAID
5,53,2024-12-30,2025-01-03,4.0,LATE
5,54,2025-01-06,,,MISSED
5,55,2025-01-13,2025-01-16,3.0,PAID
5,56,2025-01-20,2025-01-25,5.0,LATE
5,57,2025-01-27,2025-01-31,4.0,LATE
5,58,2025-02-03,2025-02-05,2.0,PAID
5,59,2025-02-10,2025-02-13,3.0,PAID
5,60,2025-02-17,2025-02-19,2.0,PAID
5,61,2025-02-24,2025-02-27,3.0,PAID
5,62,2025-03-03,2025-03-05,2.0,PAID
5,63,2025-03-10,2025-03-15,5.0,LATE
5,64,2025-03-17,2025-03-19,2.0,PAID
5,65,2025-03-24,2025-03-26,2.0,PAID
5,66,2025-03-31,2025-04-02,2.0,PAID
5,67,2025-04-07,2025-04-10,3.0,PAID
5,68,2025-04-14,,,MISSED
5,69,2025-04-21,2025-04-23,2.0,PAID
5,70,2025-04-28,2025-04-29,1.0,PAID
5,71,2025-05-05,,,MISSED
5,72,2025-05-12,,,MISSED
5,73,2025-05-19,2025-05-20,1.0,PAID
5,74,2025-05-26,2025-05-29,3.0,PAID
5,75,2025-06-02,2025-06-04,2.0,PAID
5,76,2025-06-09,,,MISSED
5,77,2025-06-16,2025-06-17,1.0,PAID
5,78,2025-06-23,2025-06-24,1.0,PAID
5,79,2025-06-30,2025-06-30,0.0,PAID
5,80,2025-07-07,2025-07-08,1.0,PAID
5,81,2025-07-14,2025-07-14,0.0,PAID
5,82,2025-07-21,2025-07-22,1.0,PAID
5,83,2025-07-28,2025-07-28,0.0,PAID
5,84,2025-08-04,2025-08-05,1.0,PAID
5,85,2025-08-11,2025-08-12,1.0,PAID
5,86,2025-08-18,2025-08-20,2.0,PAID
5,87,2025-08-25,,,MISSED
5,88,2025-09-01,2025-09-03,2.0,PAID
5,89,2025-09-08,2025-09-12,4.0,LATE
5,90,2025-09-15,,,MISSED
5,91,2025-09-22,2025-09-26,4.0,LATE
5,92,2025-09-29,,,MISSED
5,93,2025-10-06,,,MISSED
5,94,2025-10-13,2025-10-15,2.0,PAID
5,95,2025-10-20,2025-10-21,1.0,PAID
5,96,2025-10-27,,,MISSED
5,97,2025-11-03,2025-11-03,0.0,PAID
5,98,2025-11-10,2025-11-11,1.0,PAID
5,99,2025-11-17,,,MISSED
5,100,2025-11-24,2025-11-26,2.0,PAID
5,101,2025-12-01,2025-12-06,5.0,LATE
5,102,2025-12-08,2025-12-11,3.0,PAID
5,103,2025-12-15,2025-12-17,2.0,PAID
5,104,2025-12-22,2025-12-26,4.0,LATE
5,105,2025-12-29,,,MISSED
5,106,2026-01-05,,,MISSED
5,107,2026-01-12,2026-01-14,2.0,PAID
5,108,2026-01-19,2026-01-22,3.0,PAID
5,109,2026-01-26,2026-01-27,1.0,PAID
5,110,2026-02-02,2026-02-03,1.0,PAID
5,111,2026-02-09,2026-02-11,2.0,PAID
5,112,2026-02-16,2026-02-16,0.0,PAID
5,113,2026-02-23,2026-02-26,3.0,PAID
5,114,2026-03-02,,,MISSED
5,115,2026-03-09,2026-03-12,3.0,PAID
5,116,2026-03-16,2026-03-17,1.0,PAID
5,117,2026-03-23,2026-03-24,1.0,PAID
5,118,2026-03-30,2026-03-30,0.0,PAID
5,119,2026-04-06,2026-04-06,0.0,PAID
5,120,2026-04-13,,,MISSED
5,121,2026-04-20,2026-04-25,5.0,LATE
5,122,2026-04-27,2026-04-30,3.0,PAID
5,123,2026-05-04,2026-05-06,2.0,PAID
5,124,2026-05-11,2026-05-12,1.0,PAID
5,125,2026-05-18,2026-05-19,1.0,PAID
5,126,2026-05-25,,,MISSED
5,127,2026-06-01,2026-06-06,5.0,LATE
5,128,2026-06-08,,,MISSED
5,129,2026-06-15,2026-06-16,1.0,PAID
5,130,2026-06-22,,,MISSED
5,131,2026-06-29,2026-06-29,0.0,PAID
5,132,2026-07-06,,,MISSED
5,133,2026-07-13,2026-07-16,3.0,PAID
5,134,2026-07-20,2026-07-23,3.0,PAID
5,135,2026-07-27,,,MISSED
5,136,2026-08-03,,,MISSED
5,137,2026-08-10,2026-08-12,2.0,PAID
5,138,2026-08-17,2026-08-20,3.0,PAID
5,139,2026-08-24,2026-08-27,3.0,PAID
5,140,2026-08-31,2026-09-04,4.0,LATE
5,141,2026-09-07,2026-09-10,3.0,PAID
5,142,2026-09-14,2026-09-17,3.0,PAID
5,143,2026-09-21,,,MISSED
5,144,2026-09-28,2026-10-01,3.0,PAID
5,145,2026-10-05,2026-10-08,3.0,PAID
5,146,2026-10-12,2026-10-13,1.0,PAID
5,147,2026-10-19,2026-10-22,3.0,PAID
5,148,2026-10-26,2026-10-27,1.0,PAID
5,149,2026-11-02,2026-11-05,3.0,PAID
5,150,2026-11-09,2026-11-11,2.0,PAID
5,151,2026-11-16,2026-11-18,2.0,PAID
5,152,2026-11-23,2026-11-25,2.0,PAID
5,153,2026-11-30,2026-12-04,4.0,LATE
5,154,2026-12-07,2026-12-09,2.0,PAID
5,155,2026-12-14,2026-12-15,1.0,PAID
5,156,2026-12-21,2026-12-24,3.0,PAID
6,1,2024-01-01,,,MISSED
6,2,2024-01-08,,,MISSED
6,3,2024-01-15,2024-01-21,6.0,LATE
6,4,2024-01-22,2024-01-24,2.0,PAID
6,5,2024-01-29,,,MISSED
6,6,2024-02-05,2024-02-06,1.0,PAID
6,7,2024-02-12,,,MISSED
6,8,2024-02-19,2024-02-23,4.0,LATE
6,9,2024-02-26,2024-03-02,5.0,LATE
6,10,2024-03-04,,,MISSED
6,11,2024-03-11,2024-03-13,2.0,PAID
6,12,2024-03-18,,,MISSED
6,13,2024-03-25,,,MISSED
6,14,2024-04-01,,,MISSED
6,15,2024-04-08,2024-04-12,4.0,LATE
6,16,2024-04-15,2024-04-19,4.0,LATE
6,17,2024-04-22,2024-04-25,3.0,PAID
6,18,2024-04-29,2024-04-30,1.0,PAID
6,19,2024-05-06,2024-05-07,1.0,PAID
6,20,2024-05-13,2024-05-20,7.0,LATE
6,21,2024-05-20,2024-05-27,7.0,LATE
6,22,2024-05-27,2024-05-28,1.0,PAID
6,23,2024-06-03,2024-06-06,3.0,PAID
6,24,2024-06-10,2024-06-13,3.0,PAID
6,25,2024-06-17,,,MISSED
6,26,2024-06-24,,,MISSED
6,27,2024-07-01,,,MISSED
6,28,2024-07-08,2024-07-11,3.0,PAID
6,29,2024-07-15,,,MISSED
6,30,2024-07-22,2024-07-26,4.0,LATE
6,31,2024-07-29,2024-08-01,3.0,PAID
6,32,2024-08-05,2024-08-10,5.0,LATE
6,33,2024-08-12,,,MISSED
6,34,2024-08-19,,,MISSED
6,35,2024-08-26,2024-08-29,3.0,PAID
6,36,2024-09-02,,,MISSED
6,37,2024-09-09,,,MISSED
6,38,2024-09-16,,,MISSED
6,39,2024-09-23,2024-09-30,7.0,LATE
6,40,2024-09-30,,,MISSED
6,41,2024-10-07,,,MISSED
6,42,2024-10-14,,,MISSED
6,43,2024-10-21,2024-10-24,3.0,PAID
6,44,2024-10-28,,,MISSED
6,45,2024-11-04,,,MISSED
6,46,2024-11-11,2024-11-15,4.0,LATE
6,47,2024-11-18,2024-11-24,6.0,LATE
6,48,2024-11-25,2024-11-30,5.0,LATE
6,49,2024-12-02,,,MISSED
6,50,2024-12-09,2024-12-12,3.0,PAID
6,51,2024-12-16,2024-12-20,4.0,LATE
6,52,2024-12-23,2024-12-27,4.0,LATE
6,53,2024-12-30,2025-01-02,3.0,PAID
6,54,2025-01-06,2025-01-14,8.0,LATE
6,55,2025-01-13,,,MISSED
6,56,2025-01-20,,,MISSED
6,57,2025-01-27,,,MISSED
6,58,2025-02-03,,,MISSED
6,59,2025-02-10,2025-02-13,3.0,PAID
6,60,2025-02-17,2025-02-21,4.0,LATE
6,61,2025-02-24,2025-02-26,2.0,PAID
6,62,2025-03-03,2025-03-09,6.0,LATE
6,63,2025-03-10,2025-03-13,3.0,PAID
6,64,2025-03-17,2025-03-20,3.0,PAID
6,65,2025-03-24,,,MISSED
6,66,2025-03-31,2025-04-07,7.0,LATE
6,67,2025-04-07,2025-04-13,6.0,LATE
6,68,2025-04-14,,,MISSED
6,69,2025-04-21,2025-04-22,1.0,PAID
6,70,2025-04-28,2025-05-03,5.0,LATE
6,71,2025-05-05,2025-05-08,3.0,PAID
6,72,2025-05-12,,,MISSED
6,73,2025-05-19,2025-05-23,4.0,LATE
6,74,2025-05-26,2025-06-01,6.0,LATE
6,75,2025-06-02,2025-06-07,5.0,LATE
6,76,2025-06-09,2025-06-12,3.0,PAID
6,77,2025-06-16,2025-06-22,6.0,LATE
6,78,2025-06-23,2025-06-26,3.0,PAID
6,79,2025-06-30,2025-07-06,6.0,LATE
6,80,2025-07-07,,,MISSED
6,81,2025-07-14,,,MISSED
6,82,2025-07-21,2025-07-29,8.0,LATE
6,83,2025-07-28,2025-07-31,3.0,PAID
6,84,2025-08-04,,,MISSED
6,85,2025-08-11,2025-08-14,3.0,PAID
6,86,2025-08-18,2025-08-21,3.0,PAID
6,87,2025-08-25,,,MISSED
6,88,2025-09-01,2025-09-04,3.0,PAID
6,89,2025-09-08,2025-09-10,2.0,PAID
6,90,2025-09-15,2025-09-20,5.0,LATE
6,91,2025-09-22,2025-09-29,7.0,LATE
6,92,2025-09-29,,,MISSED
6,93,2025-10-06,2025-10-07,1.0,PAID
6,94,2025-10-13,,,MISSED
6,95,2025-10-20,2025-10-23,3.0,PAID
6,96,2025-10-27,2025-10-30,3.0,PAID
6,97,2025-11-03,,,MISSED
6,98,2025-11-10,2025-11-13,3.0,PAID
6,99,2025-11-17,2025-11-26,9.0,LATE
6,100,2025-11-24,2025-11-26,2.0,PAID
6,101,2025-12-01,2025-12-04,3.0,PAID
6,102,2025-12-08,,,MISSED
6,103,2025-12-15,2025-12-19,4.0,LATE
6,104,2025-12-22,,,MISSED
6,105,2025-12-29,2025-12-31,2.0,PAID
6,106,2026-01-05,2026-01-07,2.0,PAID
6,107,2026-01-12,2026-01-26,14.0,LATE
6,108,2026-01-19,,,MISSED
6,109,2026-01-26,2026-01-27,1.0,PAID
6,110,2026-02-02,2026-02-12,10.0,LATE
6,111,2026-02-09,2026-02-14,5.0,LATE
6,112,2026-02-16,,,MISSED
6,113,2026-02-23,2026-03-01,6.0,LATE
6,114,2026-03-02,,,MISSED
6,115,2026-03-09,2026-03-11,2.0,PAID
6,116,2026-03-16,2026-03-23,7.0,LATE
6,117,2026-03-23,2026-03-29,6.0,LATE
6,118,2026-03-30,2026-04-02,3.0,PAID
6,119,2026-04-06,,,MISSED
6,120,2026-04-13,2026-04-14,1.0,PAID
6,121,2026-04-20,2026-04-24,4.0,LATE
6,122,2026-04-27,2026-05-01,4.0,LATE
6,123,2026-05-04,,,MISSED
6,124,2026-05-11,,,MISSED
6,125,2026-05-18,2026-05-23,5.0,LATE
6,126,2026-05-25,2026-05-26,1.0,PAID
6,127,2026-06-01,,,MISSED
6,128,2026-06-08,2026-06-15,7.0,LATE
6,129,2026-06-15,2026-06-19,4.0,LATE
6,130,2026-06-22,,,MISSED
6,131,2026-06-29,2026-07-03,4.0,LATE
6,132,2026-07-06,,,MISSED
6,133,2026-07-13,2026-07-20,7.0,LATE
6,134,2026-07-20,,,MISSED
6,135,2026-07-27,2026-07-29,2.0,PAID
6,136,2026-08-03,,,MISSED
6,137,2026-08-10,,,MISSED
6,138,2026-08-17,,,MISSED
6,139,2026-08-24,2026-08-27,3.0,PAID
6,140,2026-08-31,2026-09-02,2.0,PAID
6,141,2026-09-07,,,MISSED
6,142,2026-09-14,2026-09-20,6.0,LATE
6,143,2026-09-21,2026-09-26,5.0,LATE
6,144,2026-09-28,2026-10-02,4.0,LATE
6,145,2026-10-05,2026-10-10,5.0,LATE
6,146,2026-10-12,2026-10-13,1.0,PAID
6,147,2026-10-19,,,MISSED
6,148,2026-10-26,2026-10-28,2.0,PAID
6,149,2026-11-02,,,MISSED
6,150,2026-11-09,2026-11-11,2.0,PAID
6,151,2026-11-16,2026-11-18,2.0,PAID
6,152,2026-11-23,2026-11-25,2.0,PAID
6,153,2026-11-30,,,MISSED
6,154,2026-12-07,,,MISSED
6,155,2026-12-14,2026-12-18,4.0,LATE
6,156,2026-12-21,2026-12-25,4.0,LATE
7,1,2024-01-01,2024-01-03,2.0,PAID
7,2,2024-01-08,,,MISSED
7,3,2024-01-15,2024-01-16,1.0,PAID
7,4,2024-01-22,2024-01-24,2.0,PAID
7,5,2024-01-29,,,MISSED
7,6,2024-02-05,2024-02-07,2.0,PAID
7,7,2024-02-12,2024-02-13,1.0,PAID
7,8,2024-02-19,2024-02-24,5.0,LATE
7,9,2024-02-26,,,MISSED
7,10,2024-03-04,2024-03-05,1.0,PAID
7,11,2024-03-11,2024-03-11,0.0,PAID
7,12,2024-03-18,2024-03-22,4.0,LATE
7,13,2024-03-25,2024-03-31,6.0,LATE
7,14,2024-04-01,2024-04-03,2.0,PAID
7,15,2024-04-08,2024-04-09,1.0,PAID
7,16,2024-04-15,,,MISSED
7,17,2024-04-22,2024-04-25,3.0,PAID
7,18,2024-04-29,2024-04-30,1.0,PAID
7,19,2024-05-06,2024-05-12,6.0,LATE
7,20,2024-05-13,2024-05-16,3.0,PAID
7,21,2024-05-20,2024-05-21,1.0,PAID
7,22,2024-05-27,,,MISSED
7,23,2024-06-03,2024-06-03,0.0,PAID
7,24,2024-06-10,2024-06-12,2.0,PAID
7,25,2024-06-17,2024-06-22,5.0,LATE
7,26,2024-06-24,,,MISSED
7,27,2024-07-01,2024-07-04,3.0,PAID
7,28,2024-07-08,2024-07-09,1.0,PAID
7,29,2024-07-15,,,MISSED
7,30,2024-07-22,2024-07-23,1.0,PAID
7,31,2024-07-29,2024-08-02,4.0,LATE
7,32,2024-08-05,2024-08-06,1.0,PAID
7,33,2024-08-12,2024-08-14,2.0,PAID
7,34,2024-08-19,,,MISSED
7,35,2024-08-26,2024-08-28,2.0,PAID
7,36,2024-09-02,2024-09-03,1.0,PAID
7,37,2024-09-09,2024-09-14,5.0,LATE
7,38,2024-09-16,,,MISSED
7,39,2024-09-23,2024-09-27,4.0,LATE
7,40,2024-09-30,2024-09-30,0.0,PAID
7,41,2024-10-07,2024-10-08,1.0,PAID
7,42,2024-10-14,2024-10-18,4.0,LATE
7,43,2024-10-21,2024-10-25,4.0,LATE
7,44,2024-10-28,2024-10-31,3.0,PAID
7,45,2024-11-04,2024-11-09,5.0,LATE
7,46,2024-11-11,2024-11-14,3.0,PAID
7,47,2024-11-18,2024-11-19,1.0,PAID
7,48,2024-11-25,2024-11-26,1.0,PAID
7,49,2024-12-02,2024-12-03,1.0,PAID
7,50,2024-12-09,2024-12-13,4.0,LATE
7,51,2024-12-16,,,MISSED
7,52,2024-12-23,2024-12-26,3.0,PAID
7,53,2024-12-30,2025-01-01,2.0,PAID
7,54,2025-01-06,2025-01-12,6.0,LATE
7,55,2025-01-13,2025-01-17,4.0,LATE
7,56,2025-01-20,,,MISSED
7,57,2025-01-27,,,MISSED
7,58,2025-02-03,2025-02-08,5.0,LATE
7,59,2025-02-10,2025-02-13,3.0,PAID
7,60,2025-02-17,2025-02-19,2.0,PAID
7,61,2025-02-24,2025-02-25,1.0,PAID
7,62,2025-03-03,2025-03-07,4.0,LATE
7,63,2025-03-10,,,MISSED
7,64,2025-03-17,2025-03-19,2.0,PAID
7,65,2025-03-24,,,MISSED
7,66,2025-03-31,2025-04-01,1.0,PAID
7,67,2025-04-07,2025-04-10,3.0,PAID
7,68,2025-04-14,2025-04-19,5.0,LATE
7,69,2025-04-21,,,MISSED
7,70,2025-04-28,,,MISSED
7,71,2025-05-05,2025-05-06,1.0,PAID
7,72,2025-05-12,,,MISSED
7,73,2025-05-19,2025-05-21,2.0,PAID
7,74,2025-05-26,,,MISSED
7,75,2025-06-02,2025-06-02,0.0,PAID
7,76,2025-06-09,2025-06-12,3.0,PAID
7,77,2025-06-16,2025-06-19,3.0,PAID
7,78,2025-06-23,2025-06-25,2.0,PAID
7,79,2025-06-30,2025-06-30,0.0,PAID
7,80,2025-07-07,,,MISSED
7,81,2025-07-14,2025-07-17,3.0,PAID
7,82,2025-07-21,2025-07-24,3.0,PAID
7,83,2025-07-28,2025-07-31,3.0,PAID
7,84,2025-08-04,2025-08-06,2.0,PAID
7,85,2025-08-11,2025-08-16,5.0,LATE
7,86,2025-08-18,2025-08-19,1.0,PAID
7,87,2025-08-25,,,MISSED
7,88,2025-09-01,2025-09-03,2.0,PAID
7,89,2025-09-08,2025-09-11,3.0,PAID
7,90,2025-09-15,,,MISSED
7,91,2025-09-22,2025-09-24,2.0,PAID
7,92,2025-09-29,,,MISSED
7,93,2025-10-06,,,MISSED
7,94,2025-10-13,2025-10-17,4.0,LATE
7,95,2025-10-20,2025-10-24,4.0,LATE
7,96,2025-10-27,2025-10-28,1.0,PAID
7,97,2025-11-03,2025-11-06,3.0,PAID
7,98,2025-11-10,2025-11-12,2.0,PAID
7,99,2025-11-17,,,MISSED
7,100,2025-11-24,2025-11-27,3.0,PAID
7,101,2025-12-01,2025-12-03,2.0,PAID
7,102,2025-12-08,2025-12-08,0.0,PAID
7,103,2025-12-15,2025-12-17,2.0,PAID
7,104,2025-12-22,,,MISSED
7,105,2025-12-29,2025-12-29,0.0,PAID
7,106,2026-01-05,2026-01-06,1.0,PAID
7,107,2026-01-12,,,MISSED
7,108,2026-01-19,2026-01-27,8.0,LATE
7,109,2026-01-26,2026-01-27,1.0,PAID
7,110,2026-02-02,2026-02-03,1.0,PAID
7,111,2026-02-09,2026-02-11,2.0,PAID
7,112,2026-02-16,2026-02-18,2.0,PAID
7,113,2026-02-23,,,MISSED
7,114,2026-03-02,2026-03-07,5.0,LATE
7,115,2026-03-09,2026-03-12,3.0,PAID
7,116,2026-03-16,2026-03-19,3.0,PAID
7,117,2026-03-23,,,MISSED
7,118,2026-03-30,2026-04-01,2.0,PAID
7,119,2026-04-06,,,MISSED
7,120,2026-04-13,2026-04-14,1.0,PAID
7,121,2026-04-20,2026-04-23,3.0,PAID
7,122,2026-04-27,2026-04-29,2.0,PAID
7,123,2026-05-04,2026-05-05,1.0,PAID
7,124,2026-05-11,,,MISSED
7,125,2026-05-18,2026-05-20,2.0,PAID
7,126,2026-05-25,2026-05-27,2.0,PAID
7,127,2026-06-01,,,MISSED
7,128,2026-06-08,,,MISSED
7,129,2026-06-15,2026-06-17,2.0,PAID
7,130,2026-06-22,2026-06-23,1.0,PAID
7,131,2026-06-29,2026-07-04,5.0,LATE
7,132,2026-07-06,,,MISSED
7,133,2026-07-13,,,MISSED
7,134,2026-07-20,2026-07-24,4.0,LATE
7,135,2026-07-27,,,MISSED
7,136,2026-08-03,2026-08-05,2.0,PAID
7,137,2026-08-10,2026-08-12,2.0,PAID
7,138,2026-08-17,2026-08-20,3.0,PAID
7,139,2026-08-24,,,MISSED
7,140,2026-08-31,2026-09-01,1.0,PAID
7,141,2026-09-07,2026-09-14,7.0,LATE
7,142,2026-09-14,2026-09-16,2.0,PAID
7,143,2026-09-21,,,MISSED
7,144,2026-09-28,2026-10-02,4.0,LATE
7,145,2026-10-05,2026-10-05,0.0,PAID
7,146,2026-10-12,2026-10-16,4.0,LATE
7,147,2026-10-19,2026-10-24,5.0,LATE
7,148,2026-10-26,2026-10-28,2.0,PAID
7,149,2026-11-02,2026-11-04,2.0,PAID
7,150,2026-11-09,2026-11-10,1.0,PAID
7,151,2026-11-16,2026-11-20,4.0,LATE
7,152,2026-11-23,2026-11-29,6.0,LATE
7,153,2026-11-30,,,MISSED
7,154,2026-12-07,2026-12-11,4.0,LATE
7,155,2026-12-14,,,MISSED
7,156,2026-12-21,2026-12-27,6.0,LATE
8,1,2024-01-01,2024-01-03,2.0,PAID
8,2,2024-01-08,2024-01-08,0.0,PAID
8,3,2024-01-15,2024-01-16,1.0,PAID
8,4,2024-01-22,2024-01-25,3.0,PAID
8,5,2024-01-29,2024-01-31,2.0,PAID
8,6,2024-02-05,2024-02-05,0.0,PAID
8,7,2024-02-12,2024-02-12,0.0,PAID
8,8,2024-02-19,2024-02-20,1.0,PAID
8,9,2024-02-26,2024-02-29,3.0,PAID
8,10,2024-03-04,2024-03-04,0.0,PAID
8,11,2024-03-11,2024-03-12,1.0,PAID
8,12,2024-03-18,2024-03-19,1.0,PAID
8,13,2024-03-25,2024-03-28,3.0,PAID
8,14,2024-04-01,2024-04-02,1.0,PAID
8,15,2024-04-08,2024-04-08,0.0,PAID
8,16,2024-04-15,2024-04-17,2.0,PAID
8,17,2024-04-22,2024-04-23,1.0,PAID
8,18,2024-04-29,2024-04-30,1.0,PAID
8,19,2024-05-06,2024-05-08,2.0,PAID
8,20,2024-05-13,2024-05-14,1.0,PAID
8,21,2024-05-20,2024-05-23,3.0,PAID
8,22,2024-05-27,2024-05-29,2.0,PAID
8,23,2024-06-03,,,MISSED
8,24,2024-06-10,2024-06-10,0.0,PAID
8,25,2024-06-17,2024-06-20,3.0,PAID
8,26,2024-06-24,,,MISSED
8,27,2024-07-01,2024-07-02,1.0,PAID
8,28,2024-07-08,2024-07-09,1.0,PAID
8,29,2024-07-15,2024-07-15,0.0,PAID
8,30,2024-07-22,2024-07-24,2.0,PAID
8,31,2024-07-29,2024-07-31,2.0,PAID
8,32,2024-08-05,2024-08-06,1.0,PAID
8,33,2024-08-12,2024-08-12,0.0,PAID
8,34,2024-08-19,2024-08-20,1.0,PAID
8,35,2024-08-26,,,MISSED
8,36,2024-09-02,2024-09-04,2.0,PAID
8,37,2024-09-09,2024-09-10,1.0,PAID
8,38,2024-09-16,,,MISSED
8,39,2024-09-23,,,MISSED
8,40,2024-09-30,2024-10-03,3.0,PAID
8,41,2024-10-07,,,MISSED
8,42,2024-10-14,2024-10-15,1.0,PAID
8,43,2024-10-21,2024-10-22,1.0,PAID
8,44,2024-10-28,2024-10-30,2.0,PAID
8,45,2024-11-04,2024-11-05,1.0,PAID
8,46,2024-11-11,2024-11-12,1.0,PAID
8,47,2024-11-18,2024-11-19,1.0,PAID
8,48,2024-11-25,2024-11-26,1.0,PAID
8,49,2024-12-02,2024-12-03,1.0,PAID
8,50,2024-12-09,2024-12-11,2.0,PAID
8,51,2024-12-16,2024-12-18,2.0,PAID
8,52,2024-12-23,2024-12-24,1.0,PAID
8,53,2024-12-30,2025-01-03,4.0,LATE
8,54,2025-01-06,2025-01-08,2.0,PAID
8,55,2025-01-13,2025-01-16,3.0,PAID
8,56,2025-01-20,2025-01-22,2.0,PAID
8,57,2025-01-27,2025-01-27,0.0,PAID
8,58,2025-02-03,2025-02-04,1.0,PAID
8,59,2025-02-10,2025-02-11,1.0,PAID
8,60,2025-02-17,2025-02-18,1.0,PAID
8,61,2025-02-24,2025-02-27,3.0,PAID
8,62,2025-03-03,2025-03-04,1.0,PAID
8,63,2025-03-10,2025-03-10,0.0,PAID
8,64,2025-03-17,2025-03-20,3.0,PAID
8,65,2025-03-24,2025-03-25,1.0,PAID
8,66,2025-03-31,2025-04-01,1.0,PAID
8,67,2025-04-07,2025-04-11,4.0,LATE
8,68,2025-04-14,2025-04-17,3.0,PAID
8,69,2025-04-21,2025-04-23,2.0,PAID
8,70,2025-04-28,2025-04-28,0.0,PAID
8,71,2025-05-05,,,MISSED
8,72,2025-05-12,2025-05-14,2.0,PAID
8,73,2025-05-19,2025-05-21,2.0,PAID
8,74,2025-05-26,2025-05-27,1.0,PAID
8,75,2025-06-02,2025-06-04,2.0,PAID
8,76,2025-06-09,2025-06-09,0.0,PAID
8,77,2025-06-16,2025-06-19,3.0,PAID
8,78,2025-06-23,2025-06-25,2.0,PAID
8,79,2025-06-30,2025-06-30,0.0,PAID
8,80,2025-07-07,2025-07-08,1.0,PAID
8,81,2025-07-14,2025-07-16,2.0,PAID
8,82,2025-07-21,2025-07-23,2.0,PAID
8,83,2025-07-28,2025-07-29,1.0,PAID
8,84,2025-08-04,2025-08-05,1.0,PAID
8,85,2025-08-11,2025-08-12,1.0,PAID
8,86,2025-08-18,2025-08-18,0.0,PAID
8,87,2025-08-25,,,MISSED
8,88,2025-09-01,2025-09-02,1.0,PAID
8,89,2025-09-08,2025-09-09,1.0,PAID
8,90,2025-09-15,2025-09-17,2.0,PAID
8,91,2025-09-22,2025-09-22,0.0,PAID
8,92,2025-09-29,2025-09-30,1.0,PAID
8,93,2025-10-06,,,MISSED
8,94,2025-10-13,2025-10-14,1.0,PAID
8,95,2025-10-20,2025-10-23,3.0,PAID
8,96,2025-10-27,2025-10-28,1.0,PAID
8,97,2025-11-03,2025-11-03,0.0,PAID
8,98,2025-11-10,2025-11-10,0.0,PAID
8,99,2025-11-17,2025-11-20,3.0,PAID
8,100,2025-11-24,2025-11-24,0.0,PAID
8,101,2025-12-01,,,MISSED
8,102,2025-12-08,,,MISSED
8,103,2025-12-15,2025-12-17,2.0,PAID
8,104,2025-12-22,2025-12-25,3.0,PAID
8,105,2025-12-29,2026-01-01,3.0,PAID
8,106,2026-01-05,2026-01-05,0.0,PAID
8,107,2026-01-12,2026-01-13,1.0,PAID
8,108,2026-01-19,2026-01-19,0.0,PAID
8,109,2026-01-26,2026-01-28,2.0,PAID
8,110,2026-02-02,2026-02-02,0.0,PAID
8,111,2026-02-09,2026-02-09,0.0,PAID
8,112,2026-02-16,2026-02-16,0.0,PAID
8,113,2026-02-23,2026-02-26,3.0,PAID
8,114,2026-03-02,2026-03-02,0.0,PAID
8,115,2026-03-09,2026-03-10,1.0,PAID
8,116,2026-03-16,2026-03-17,1.0,PAID
8,117,2026-03-23,2026-03-23,0.0,PAID
8,118,2026-03-30,2026-04-01,2.0,PAID
8,119,2026-04-06,2026-04-07,1.0,PAID
8,120,2026-04-13,2026-04-14,1.0,PAID
8,121,2026-04-20,2026-04-20,0.0,PAID
8,122,2026-04-27,2026-04-28,1.0,PAID
8,123,2026-05-04,2026-05-05,1.0,PAID
8,124,2026-05-11,2026-05-12,1.0,PAID
8,125,2026-05-18,2026-05-20,2.0,PAID
8,126,2026-05-25,,,MISSED
8,127,2026-06-01,2026-06-02,1.0,PAID
8,128,2026-06-08,2026-06-08,0.0,PAID
8,129,2026-06-15,2026-06-16,1.0,PAID
8,130,2026-06-22,2026-06-24,2.0,PAID
8,131,2026-06-29,2026-06-29,0.0,PAID
8,132,2026-07-06,2026-07-06,0.0,PAID
8,133,2026-07-13,2026-07-13,0.0,PAID
8,134,2026-07-20,2026-07-22,2.0,PAID
8,135,2026-07-27,2026-07-29,2.0,PAID
8,136,2026-08-03,2026-08-06,3.0,PAID
8,137,2026-08-10,2026-08-10,0.0,PAID
8,138,2026-08-17,2026-08-17,0.0,PAID
8,139,2026-08-24,2026-08-25,1.0,PAID
8,140,2026-08-31,2026-08-31,0.0,PAID
8,141,2026-09-07,2026-09-07,0.0,PAID
8,142,2026-09-14,2026-09-17,3.0,PAID
8,143,2026-09-21,2026-09-25,4.0,LATE
8,144,2026-09-28,2026-10-01,3.0,PAID
8,145,2026-10-05,2026-10-06,1.0,PAID
8,146,2026-10-12,2026-10-12,0.0,PAID
8,147,2026-10-19,,,MISSED
8,148,2026-10-26,,,MISSED
8,149,2026-11-02,,,MISSED
8,150,2026-11-09,2026-11-09,0.0,PAID
8,151,2026-11-16,2026-11-18,2.0,PAID
8,152,2026-11-23,,,MISSED
8,153,2026-11-30,2026-12-01,1.0,PAID
8,154,2026-12-07,2026-12-07,0.0,PAID
8,155,2026-12-14,2026-12-16,2.0,PAID
8,156,2026-12-21,2026-12-21,0.0,PAID
9,1,2024-01-01,2024-01-06,5.0,LATE
9,2,2024-01-08,2024-01-14,6.0,LATE
9,3,2024-01-15,2024-01-24,9.0,LATE
9,4,2024-01-22,,,MISSED
9,5,2024-01-29,2024-02-03,5.0,LATE
9,6,2024-02-05,2024-02-06,1.0,PAID
9,7,2024-02-12,2024-02-19,7.0,LATE
9,8,2024-02-19,2024-02-24,5.0,LATE
9,9,2024-02-26,2024-03-04,7.0,LATE
9,10,2024-03-04,,,MISSED
9,11,2024-03-11,2024-03-18,7.0,LATE
9,12,2024-03-18,,,MISSED
9,13,2024-03-25,2024-03-30,5.0,LATE
9,14,2024-04-01,2024-04-10,9.0,LATE
9,15,2024-04-08,2024-04-18,10.0,LATE
9,16,2024-04-15,2024-04-19,4.0,LATE
9,17,2024-04-22,2024-04-29,7.0,LATE
9,18,2024-04-29,2024-05-02,3.0,PAID
9,19,2024-05-06,2024-05-08,2.0,PAID
9,20,2024-05-13,2024-05-21,8.0,LATE
9,21,2024-05-20,2024-05-24,4.0,LATE
9,22,2024-05-27,,,MISSED
9,23,2024-06-03,,,MISSED
9,24,2024-06-10,2024-06-14,4.0,LATE
9,25,2024-06-17,2024-06-26,9.0,LATE
9,26,2024-06-24,,,MISSED
9,27,2024-07-01,2024-07-06,5.0,LATE
9,28,2024-07-08,2024-07-15,7.0,LATE
9,29,2024-07-15,,,MISSED
9,30,2024-07-22,2024-07-26,4.0,LATE
9,31,2024-07-29,2024-08-07,9.0,LATE
9,32,2024-08-05,,,MISSED
9,33,2024-08-12,,,MISSED
9,34,2024-08-19,2024-08-27,8.0,LATE
9,35,2024-08-26,,,MISSED
9,36,2024-09-02,,,MISSED
9,37,2024-09-09,2024-09-20,11.0,LATE
9,38,2024-09-16,2024-09-20,4.0,LATE
9,39,2024-09-23,,,MISSED
9,40,2024-09-30,2024-10-02,2.0,PAID
9,41,2024-10-07,2024-10-14,7.0,LATE
9,42,2024-10-14,,,MISSED
9,43,2024-10-21,,,MISSED
9,44,2024-10-28,2024-11-01,4.0,LATE
9,45,2024-11-04,2024-11-09,5.0,LATE
9,46,2024-11-11,2024-11-17,6.0,LATE
9,47,2024-11-18,2024-11-24,6.0,LATE
9,48,2024-11-25,2024-12-02,7.0,LATE
9,49,2024-12-02,2024-12-06,4.0,LATE
9,50,2024-12-09,,,MISSED
9,51,2024-12-16,2024-12-21,5.0,LATE
9,52,2024-12-23,2025-01-02,10.0,LATE
9,53,2024-12-30,2025-01-05,6.0,LATE
9,54,2025-01-06,,,MISSED
9,55,2025-01-13,,,MISSED
9,56,2025-01-20,,,MISSED
9,57,2025-01-27,,,MISSED
9,58,2025-02-03,2025-02-07,4.0,LATE
9,59,2025-02-10,2025-02-15,5.0,LATE
9,60,2025-02-17,2025-02-23,6.0,LATE
9,61,2025-02-24,2025-03-01,5.0,LATE
9,62,2025-03-03,2025-03-06,3.0,PAID
9,63,2025-03-10,2025-03-13,3.0,PAID
9,64,2025-03-17,,,MISSED
9,65,2025-03-24,2025-04-02,9.0,LATE
9,66,2025-03-31,2025-04-05,5.0,LATE
9,67,2025-04-07,2025-04-11,4.0,LATE
9,68,2025-04-14,2025-04-24,10.0,LATE
9,69,2025-04-21,2025-04-26,5.0,LATE
9,70,2025-04-28,2025-05-06,8.0,LATE
9,71,2025-05-05,2025-05-11,6.0,LATE
9,72,2025-05-12,2025-05-22,10.0,LATE
9,73,2025-05-19,2025-05-28,9.0,LATE
9,74,2025-05-26,,,MISSED
9,75,2025-06-02,2025-06-05,3.0,PAID
9,76,2025-06-09,,,MISSED
9,77,2025-06-16,,,MISSED
9,78,2025-06-23,2025-06-28,5.0,LATE
9,79,2025-06-30,,,MISSED
9,80,2025-07-07,,,MISSED
9,81,2025-07-14,2025-07-21,7.0,LATE
9,82,2025-07-21,2025-07-27,6.0,LATE
9,83,2025-07-28,2025-08-04,7.0,LATE
9,84,2025-08-04,2025-08-12,8.0,LATE
9,85,2025-08-11,2025-08-15,4.0,LATE
9,86,2025-08-18,,,MISSED
9,87,2025-08-25,,,MISSED
9,88,2025-09-01,2025-09-07,6.0,LATE
9,89,2025-09-08,2025-09-17,9.0,LATE
9,90,2025-09-15,2025-09-21,6.0,LATE
9,91,2025-09-22,2025-09-29,7.0,LATE
9,92,2025-09-29,2025-10-07,8.0,LATE
9,93,2025-10-06,2025-10-11,5.0,LATE
9,94,2025-10-13,2025-10-15,2.0,PAID
9,95,2025-10-20,,,MISSED
9,96,2025-10-27,2025-11-03,7.0,LATE
9,97,2025-11-03,2025-11-08,5.0,LATE
9,98,2025-11-10,,,MISSED
9,99,2025-11-17,2025-11-28,11.0,LATE
9,100,2025-11-24,2025-11-26,2.0,PAID
9,101,2025-12-01,,,MISSED
9,102,2025-12-08,2025-12-14,6.0,LATE
9,103,2025-12-15,2025-12-22,7.0,LATE
9,104,2025-12-22,,,MISSED
9,105,2025-12-29,,,MISSED
9,106,2026-01-05,2026-01-10,5.0,LATE
9,107,2026-01-12,,,MISSED
9,108,2026-01-19,2026-01-30,11.0,LATE
9,109,2026-01-26,2026-02-03,8.0,LATE
9,110,2026-02-02,,,MISSED
9,111,2026-02-09,2026-02-17,8.0,LATE
9,112,2026-02-16,2026-02-21,5.0,LATE
9,113,2026-02-23,2026-02-27,4.0,LATE
9,114,2026-03-02,,,MISSED
9,115,2026-03-09,2026-03-13,4.0,LATE
9,116,2026-03-16,2026-03-23,7.0,LATE
9,117,2026-03-23,2026-03-28,5.0,LATE
9,118,2026-03-30,2026-04-11,12.0,LATE
9,119,2026-04-06,2026-04-11,5.0,LATE
9,120,2026-04-13,2026-04-20,7.0,LATE
9,121,2026-04-20,2026-04-23,3.0,PAID
9,122,2026-04-27,2026-05-02,5.0,LATE
9,123,2026-05-04,2026-05-06,2.0,PAID
9,124,2026-05-11,2026-05-14,3.0,PAID
9,125,2026-05-18,2026-05-23,5.0,LATE
9,126,2026-05-25,,,MISSED
9,127,2026-06-01,2026-06-04,3.0,PAID
9,128,2026-06-08,2026-06-13,5.0,LATE
9,129,2026-06-15,2026-06-22,7.0,LATE
9,130,2026-06-22,2026-06-27,5.0,LATE
9,131,2026-06-29,2026-07-09,10.0,LATE
9,132,2026-07-06,2026-07-12,6.0,LATE
9,133,2026-07-13,2026-07-18,5.0,LATE
9,134,2026-07-20,,,MISSED
9,135,2026-07-27,2026-07-30,3.0,PAID
9,136,2026-08-03,2026-08-08,5.0,LATE
9,137,2026-08-10,,,MISSED
9,138,2026-08-17,2026-08-22,5.0,LATE
9,139,2026-08-24,,,MISSED
9,140,2026-08-31,2026-09-03,3.0,PAID
9,141,2026-09-07,,,MISSED
9,142,2026-09-14,,,MISSED
9,143,2026-09-21,2026-09-26,5.0,LATE
9,144,2026-09-28,,,MISSED
9,145,2026-10-05,2026-10-09,4.0,LATE
9,146,2026-10-12,2026-10-19,7.0,LATE
9,147,2026-10-19,2026-10-23,4.0,LATE
9,148,2026-10-26,2026-10-30,4.0,LATE
9,149,2026-11-02,2026-11-09,7.0,LATE
9,150,2026-11-09,2026-11-14,5.0,LATE
9,151,2026-11-16,2026-11-24,8.0,LATE
9,152,2026-11-23,2026-11-27,4.0,LATE
9,153,2026-11-30,2026-12-08,8.0,LATE
9,154,2026-12-07,2026-12-13,6.0,LATE
9,155,2026-12-14,2026-12-21,7.0,LATE
9,156,2026-12-21,,,MISSED
10,1,2024-01-01,,,MISSED
10,2,2024-01-08,2024-01-08,0.0,PAID
10,3,2024-01-15,2024-01-16,1.0,PAID
10,4,2024-01-22,2024-01-23,1.0,PAID
10,5,2024-01-29,2024-02-02,4.0,LATE
10,6,2024-02-05,2024-02-06,1.0,PAID
10,7,2024-02-12,,,MISSED
10,8,2024-02-19,2024-02-21,2.0,PAID
10,9,2024-02-26,,,MISSED
10,10,2024-03-04,2024-03-06,2.0,PAID
10,11,2024-03-11,2024-03-14,3.0,PAID
10,12,2024-03-18,2024-03-20,2.0,PAID
10,13,2024-03-25,2024-03-26,1.0,PAID
10,14,2024-04-01,2024-04-06,5.0,LATE
10,15,2024-04-08,2024-04-10,2.0,PAID
10,16,2024-04-15,2024-04-16,1.0,PAID
10,17,2024-04-22,,,MISSED
10,18,2024-04-29,2024-04-29,0.0,PAID
10,19,2024-05-06,,,MISSED
10,20,2024-05-13,2024-05-14,1.0,PAID
10,21,2024-05-20,2024-05-20,0.0,PAID
10,22,2024-05-27,2024-05-30,3.0,PAID
10,23,2024-06-03,2024-06-05,2.0,PAID
10,24,2024-06-10,,,MISSED
10,25,2024-06-17,2024-06-18,1.0,PAID
10,26,2024-06-24,2024-06-24,0.0,PAID
10,27,2024-07-01,2024-07-01,0.0,PAID
10,28,2024-07-08,2024-07-09,1.0,PAID
10,29,2024-07-15,2024-07-16,1.0,PAID
10,30,2024-07-22,2024-07-24,2.0,PAID
10,31,2024-07-29,,,MISSED
10,32,2024-08-05,2024-08-06,1.0,PAID
10,33,2024-08-12,2024-08-16,4.0,LATE
10,34,2024-08-19,2024-08-21,2.0,PAID
10,35,2024-08-26,,,MISSED
10,36,2024-09-02,2024-09-06,4.0,LATE
10,37,2024-09-09,2024-09-12,3.0,PAID
10,38,2024-09-16,,,MISSED
10,39,2024-09-23,2024-09-25,2.0,PAID
10,40,2024-09-30,,,MISSED
10,41,2024-10-07,2024-10-09,2.0,PAID
10,42,2024-10-14,2024-10-16,2.0,PAID
10,43,2024-10-21,2024-10-23,2.0,PAID
10,44,2024-10-28,2024-11-03,6.0,LATE
10,45,2024-11-04,,,MISSED
10,46,2024-11-11,2024-11-14,3.0,PAID
10,47,2024-11-18,,,MISSED
10,48,2024-11-25,,,MISSED
10,49,2024-12-02,2024-12-02,0.0,PAID
10,50,2024-12-09,2024-12-11,2.0,PAID
10,51,2024-12-16,2024-12-20,4.0,LATE
10,52,2024-12-23,2024-12-28,5.0,LATE
10,53,2024-12-30,2025-01-02,3.0,PAID
10,54,2025-01-06,2025-01-09,3.0,PAID
10,55,2025-01-13,2025-01-15,2.0,PAID
10,56,2025-01-20,2025-01-21,1.0,PAID
10,57,2025-01-27,2025-01-29,2.0,PAID
10,58,2025-02-03,,,MISSED
10,59,2025-02-10,2025-02-11,1.0,PAID
10,60,2025-02-17,2025-02-17,0.0,PAID
10,61,2025-02-24,2025-03-02,6.0,LATE
10,62,2025-03-03,,,MISSED
10,63,2025-03-10,2025-03-11,1.0,PAID
10,64,2025-03-17,2025-03-20,3.0,PAID
10,65,2025-03-24,2025-03-29,5.0,LATE
10,66,2025-03-31,2025-04-04,4.0,LATE
10,67,2025-04-07,2025-04-10,3.0,PAID
10,68,2025-04-14,2025-04-17,3.0,PAID
10,69,2025-04-21,2025-04-22,1.0,PAID
10,70,2025-04-28,,,MISSED
10,71,2025-05-05,2025-05-08,3.0,PAID
10,72,2025-05-12,2025-05-16,4.0,LATE
10,73,2025-05-19,2025-05-19,0.0,PAID
10,74,2025-05-26,2025-05-29,3.0,PAID
10,75,2025-06-02,,,MISSED
10,76,2025-06-09,2025-06-10,1.0,PAID
10,77,2025-06-16,2025-06-20,4.0,LATE
10,78,2025-06-23,2025-06-23,0.0,PAID
10,79,2025-06-30,2025-07-04,4.0,LATE
10,80,2025-07-07,2025-07-08,1.0,PAID
10,81,2025-07-14,2025-07-14,0.0,PAID
10,82,2025-07-21,2025-07-23,2.0,PAID
10,83,2025-07-28,2025-07-29,1.0,PAID
10,84,2025-08-04,2025-08-06,2.0,PAID
10,85,2025-08-11,2025-08-13,2.0,PAID
10,86,2025-08-18,2025-08-22,4.0,LATE
10,87,2025-08-25,2025-08-25,0.0,PAID
10,88,2025-09-01,2025-09-02,1.0,PAID
10,89,2025-09-08,2025-09-12,4.0,LATE
10,90,2025-09-15,2025-09-18,3.0,PAID
10,91,2025-09-22,2025-09-23,1.0,PAID
10,92,2025-09-29,2025-10-03,4.0,LATE
10,93,2025-10-06,2025-10-08,2.0,PAID
10,94,2025-10-13,2025-10-14,1.0,PAID
10,95,2025-10-20,2025-10-21,1.0,PAID
10,96,2025-10-27,2025-10-30,3.0,PAID
10,97,2025-11-03,,,MISSED
10,98,2025-11-10,,,MISSED
10,99,2025-11-17,,,MISSED
10,100,2025-11-24,,,MISSED
10,101,2025-12-01,2025-12-01,0.0,PAID
10,102,2025-12-08,2025-12-14,6.0,LATE
10,103,2025-12-15,2025-12-16,1.0,PAID
10,104,2025-12-22,2025-12-23,1.0,PAID
10,105,2025-12-29,2026-01-01,3.0,PAID
10,106,2026-01-05,2026-01-06,1.0,PAID
10,107,2026-01-12,2026-01-14,2.0,PAID
10,108,2026-01-19,2026-01-21,2.0,PAID
10,109,2026-01-26,2026-01-29,3.0,PAID
10,110,2026-02-02,2026-02-04,2.0,PAID
10,111,2026-02-09,2026-02-12,3.0,PAID
10,112,2026-02-16,2026-02-17,1.0,PAID
10,113,2026-02-23,2026-02-25,2.0,PAID
10,114,2026-03-02,,,MISSED
10,115,2026-03-09,2026-03-10,1.0,PAID
10,116,2026-03-16,2026-03-20,4.0,LATE
10,117,2026-03-23,2026-03-27,4.0,LATE
10,118,2026-03-30,2026-04-01,2.0,PAID
10,119,2026-04-06,2026-04-06,0.0,PAID
10,120,2026-04-13,2026-04-17,4.0,LATE
10,121,2026-04-20,2026-04-22,2.0,PAID
10,122,2026-04-27,2026-04-28,1.0,PAID
10,123,2026-05-04,2026-05-07,3.0,PAID
10,124,2026-05-11,2026-05-11,0.0,PAID
10,125,2026-05-18,,,MISSED
10,126,2026-05-25,2026-05-27,2.0,PAID
10,127,2026-06-01,2026-06-02,1.0,PAID
10,128,2026-06-08,,,MISSED
10,129,2026-06-15,2026-06-16,1.0,PAID
10,130,2026-06-22,2026-06-25,3.0,PAID
10,131,2026-06-29,2026-07-01,2.0,PAID
10,132,2026-07-06,2026-07-07,1.0,PAID
10,133,2026-07-13,2026-07-14,1.0,PAID
10,134,2026-07-20,2026-07-22,2.0,PAID
10,135,2026-07-27,2026-07-30,3.0,PAID
10,136,2026-08-03,,,MISSED
10,137,2026-08-10,,,MISSED
10,138,2026-08-17,2026-08-18,1.0,PAID
10,139,2026-08-24,2026-08-26,2.0,PAID
10,140,2026-08-31,,,MISSED
10,141,2026-09-07,2026-09-09,2.0,PAID
10,142,2026-09-14,2026-09-17,3.0,PAID
10,143,2026-09-21,2026-09-24,3.0,PAID
10,144,2026-09-28,,,MISSED
10,145,2026-10-05,2026-10-05,0.0,PAID
10,146,2026-10-12,2026-10-15,3.0,PAID
10,147,2026-10-19,,,MISSED
10,148,2026-10-26,2026-10-26,0.0,PAID
10,149,2026-11-02,,,MISSED
10,150,2026-11-09,2026-11-11,2.0,PAID
10,151,2026-11-16,,,MISSED
10,152,2026-11-23,,,MISSED
10,153,2026-11-30,2026-12-01,1.0,PAID
10,154,2026-12-07,,,MISSED
10,155,2026-12-14,2026-12-15,1.0,PAID
10,156,2026-12-21,2026-12-24,3.0,PAID
11,1,2024-01-01,2024-01-05,4.0,LATE
11,2,2024-01-08,,,MISSED
11,3,2024-01-15,,,MISSED
11,4,2024-01-22,2024-01-25,3.0,PAID
11,5,2024-01-29,2024-02-03,5.0,LATE
11,6,2024-02-05,2024-02-09,4.0,LATE
11,7,2024-02-12,2024-02-18,6.0,LATE
11,8,2024-02-19,,,MISSED
11,9,2024-02-26,2024-03-04,7.0,LATE
11,10,2024-03-04,2024-03-10,6.0,LATE
11,11,2024-03-11,2024-03-16,5.0,LATE
11,12,2024-03-18,,,MISSED
11,13,2024-03-25,,,MISSED
11,14,2024-04-01,2024-04-07,6.0,LATE
11,15,2024-04-08,,,MISSED
11,16,2024-04-15,2024-04-17,2.0,PAID
11,17,2024-04-22,2024-04-27,5.0,LATE
11,18,2024-04-29,,,MISSED
11,19,2024-05-06,2024-05-13,7.0,LATE
11,20,2024-05-13,2024-05-17,4.0,LATE
11,21,2024-05-20,,,MISSED
11,22,2024-05-27,2024-05-31,4.0,LATE
11,23,2024-06-03,2024-06-05,2.0,PAID
11,24,2024-06-10,2024-06-12,2.0,PAID
11,25,2024-06-17,2024-06-26,9.0,LATE
11,26,2024-06-24,2024-06-28,4.0,LATE
11,27,2024-07-01,,,MISSED
11,28,2024-07-08,2024-07-12,4.0,LATE
11,29,2024-07-15,2024-07-18,3.0,PAID
11,30,2024-07-22,2024-07-24,2.0,PAID
11,31,2024-07-29,2024-08-01,3.0,PAID
11,32,2024-08-05,,,MISSED
11,33,2024-08-12,2024-08-19,7.0,LATE
11,34,2024-08-19,2024-08-24,5.0,LATE
11,35,2024-08-26,2024-08-30,4.0,LATE
11,36,2024-09-02,2024-09-06,4.0,LATE
11,37,2024-09-09,2024-09-10,1.0,PAID
11,38,2024-09-16,,,MISSED
11,39,2024-09-23,2024-09-27,4.0,LATE
11,40,2024-09-30,2024-10-01,1.0,PAID
11,41,2024-10-07,2024-10-12,5.0,LATE
11,42,2024-10-14,2024-10-16,2.0,PAID
11,43,2024-10-21,,,MISSED
11,44,2024-10-28,,,MISSED
11,45,2024-11-04,2024-11-09,5.0,LATE
11,46,2024-11-11,2024-11-13,2.0,PAID
11,47,2024-11-18,,,MISSED
11,48,2024-11-25,2024-12-01,6.0,LATE
11,49,2024-12-02,,,MISSED
11,50,2024-12-09,,,MISSED
11,51,2024-12-16,2024-12-20,4.0,LATE
11,52,2024-12-23,2024-12-25,2.0,PAID
11,53,2024-12-30,2025-01-04,5.0,LATE
11,54,2025-01-06,2025-01-09,3.0,PAID
11,55,2025-01-13,2025-01-17,4.0,LATE
11,56,2025-01-20,2025-01-24,4.0,LATE
11,57,2025-01-27,2025-02-01,5.0,LATE
11,58,2025-02-03,2025-02-07,4.0,LATE
11,59,2025-02-10,2025-02-11,1.0,PAID
11,60,2025-02-17,2025-02-20,3.0,PAID
11,61,2025-02-24,2025-02-28,4.0,LATE
11,62,2025-03-03,2025-03-07,4.0,LATE
11,63,2025-03-10,2025-03-11,1.0,PAID
11,64,2025-03-17,,,MISSED
11,65,2025-03-24,2025-03-29,5.0,LATE
11,66,2025-03-31,2025-04-02,2.0,PAID
11,67,2025-04-07,2025-04-13,6.0,LATE
11,68,2025-04-14,2025-04-15,1.0,PAID
11,69,2025-04-21,2025-04-28,7.0,LATE
11,70,2025-04-28,2025-05-02,4.0,LATE
11,71,2025-05-05,2025-05-08,3.0,PAID
11,72,2025-05-12,2025-05-15,3.0,PAID
11,73,2025-05-19,,,MISSED
11,74,2025-05-26,,,MISSED
11,75,2025-06-02,2025-06-08,6.0,LATE
11,76,2025-06-09,2025-06-12,3.0,PAID
11,77,2025-06-16,,,MISSED
11,78,2025-06-23,2025-06-26,3.0,PAID
11,79,2025-06-30,,,MISSED
11,80,2025-07-07,2025-07-12,5.0,LATE
11,81,2025-07-14,2025-07-19,5.0,LATE
11,82,2025-07-21,2025-07-25,4.0,LATE
11,83,2025-07-28,2025-07-28,0.0,PAID
11,84,2025-08-04,,,MISSED
11,85,2025-08-11,2025-08-16,5.0,LATE
11,86,2025-08-18,2025-08-20,2.0,PAID
11,87,2025-08-25,,,MISSED
11,88,2025-09-01,,,MISSED
11,89,2025-09-08,2025-09-12,4.0,LATE
11,90,2025-09-15,2025-09-21,6.0,LATE
11,91,2025-09-22,2025-09-22,0.0,PAID
11,92,2025-09-29,,,MISSED
11,93,2025-10-06,2025-10-09,3.0,PAID
11,94,2025-10-13,2025-10-17,4.0,LATE
11,95,2025-10-20,,,MISSED
11,96,2025-10-27,2025-10-31,4.0,LATE
11,97,2025-11-03,,,MISSED
11,98,2025-11-10,2025-11-13,3.0,PAID
11,99,2025-11-17,2025-11-20,3.0,PAID
11,100,2025-11-24,2025-11-26,2.0,PAID
11,101,2025-12-01,2025-12-08,7.0,LATE
11,102,2025-12-08,2025-12-10,2.0,PAID
11,103,2025-12-15,2025-12-18,3.0,PAID
11,104,2025-12-22,,,MISSED
11,105,2025-12-29,,,MISSED
11,106,2026-01-05,2026-01-12,7.0,LATE
11,107,2026-01-12,,,MISSED
11,108,2026-01-19,,,MISSED
11,109,2026-01-26,,,MISSED
11,110,2026-02-02,2026-02-06,4.0,LATE
11,111,2026-02-09,2026-02-13,4.0,LATE
11,112,2026-02-16,2026-02-18,2.0,PAID
11,113,2026-02-23,2026-02-24,1.0,PAID
11,114,2026-03-02,2026-03-05,3.0,PAID
11,115,2026-03-09,,,MISSED
11,116,2026-03-16,2026-03-19,3.0,PAID
11,117,2026-03-23,2026-03-24,1.0,PAID
11,118,2026-03-30,2026-04-02,3.0,PAID
11,119,2026-04-06,2026-04-08,2.0,PAID
11,120,2026-04-13,,,MISSED
11,121,2026-04-20,2026-04-27,7.0,LATE
11,122,2026-04-27,,,MISSED
11,123,2026-05-04,2026-05-06,2.0,PAID
11,124,2026-05-11,2026-05-15,4.0,LATE
11,125,2026-05-18,2026-05-21,3.0,PAID
11,126,2026-05-25,2026-05-29,4.0,LATE
11,127,2026-06-01,2026-06-03,2.0,PAID
11,128,2026-06-08,2026-06-08,0.0,PAID
11,129,2026-06-15,,,MISSED
11,130,2026-06-22,2026-06-26,4.0,LATE
11,131,2026-06-29,2026-07-02,3.0,PAID
11,132,2026-07-06,,,MISSED
11,133,2026-07-13,2026-07-15,2.0,PAID
11,134,2026-07-20,2026-07-21,1.0,PAID
11,135,2026-07-27,2026-07-31,4.0,LATE
11,136,2026-08-03,,,MISSED
11,137,2026-08-10,,,MISSED
11,138,2026-08-17,2026-08-21,4.0,LATE
11,139,2026-08-24,2026-08-28,4.0,LATE
11,140,2026-08-31,2026-09-03,3.0,PAID
11,141,2026-09-07,2026-09-12,5.0,LATE
11,142,2026-09-14,2026-09-17,3.0,PAID
11,143,2026-09-21,,,MISSED
11,144,2026-09-28,2026-10-03,5.0,LATE
11,145,2026-10-05,,,MISSED
11,146,2026-10-12,,,MISSED
11,147,2026-10-19,2026-10-26,7.0,LATE
11,148,2026-10-26,,,MISSED
11,149,2026-11-02,2026-11-03,1.0,PAID
11,150,2026-11-09,2026-11-11,2.0,PAID
11,151,2026-11-16,,,MISSED
11,152,2026-11-23,2026-11-26,3.0,PAID
11,153,2026-11-30,,,MISSED
11,154,2026-12-07,2026-12-13,6.0,LATE
11,155,2026-12-14,,,MISSED
11,156,2026-12-21,2026-12-24,3.0,PAID
12,1,2024-01-01,2024-01-05,4.0,LATE
12,2,2024-01-08,2024-01-10,2.0,PAID
12,3,2024-01-15,,,MISSED
12,4,2024-01-22,2024-01-24,2.0,PAID
12,5,2024-01-29,,,MISSED
12,6,2024-02-05,2024-02-10,5.0,LATE
12,7,2024-02-12,2024-02-17,5.0,LATE
12,8,2024-02-19,2024-02-21,2.0,PAID
12,9,2024-02-26,2024-02-26,0.0,PAID
12,10,2024-03-04,2024-03-07,3.0,PAID
12,11,2024-03-11,2024-03-13,2.0,PAID
12,12,2024-03-18,2024-03-19,1.0,PAID
12,13,2024-03-25,,,MISSED
12,14,2024-04-01,,,MISSED
12,15,2024-04-08,2024-04-11,3.0,PAID
12,16,2024-04-15,2024-04-21,6.0,LATE
12,17,2024-04-22,,,MISSED
12,18,2024-04-29,2024-05-04,5.0,LATE
12,19,2024-05-06,,,MISSED
12,20,2024-05-13,,,MISSED
12,21,2024-05-20,2024-05-21,1.0,PAID
12,22,2024-05-27,,,MISSED
12,23,2024-06-03,,,MISSED
12,24,2024-06-10,2024-06-16,6.0,LATE
12,25,2024-06-17,2024-06-24,7.0,LATE
12,26,2024-06-24,2024-06-28,4.0,LATE
12,27,2024-07-01,,,MISSED
12,28,2024-07-08,2024-07-10,2.0,PAID
12,29,2024-07-15,,,MISSED
12,30,2024-07-22,,,MISSED
12,31,2024-07-29,2024-08-02,4.0,LATE
12,32,2024-08-05,,,MISSED
12,33,2024-08-12,2024-08-16,4.0,LATE
12,34,2024-08-19,2024-08-24,5.0,LATE
12,35,2024-08-26,2024-08-28,2.0,PAID
12,36,2024-09-02,2024-09-08,6.0,LATE
12,37,2024-09-09,2024-09-19,10.0,LATE
12,38,2024-09-16,2024-09-21,5.0,LATE
12,39,2024-09-23,2024-09-27,4.0,LATE
12,40,2024-09-30,2024-10-03,3.0,PAID
12,41,2024-10-07,,,MISSED
12,42,2024-10-14,2024-10-19,5.0,LATE
12,43,2024-10-21,,,MISSED
12,44,2024-10-28,2024-10-29,1.0,PAID
12,45,2024-11-04,2024-11-04,0.0,PAID
12,46,2024-11-11,2024-11-14,3.0,PAID
12,47,2024-11-18,2024-11-20,2.0,PAID
12,48,2024-11-25,2024-11-25,0.0,PAID
12,49,2024-12-02,2024-12-05,3.0,PAID
12,50,2024-12-09,2024-12-14,5.0,LATE
12,51,2024-12-16,,,MISSED
12,52,2024-12-23,2024-12-26,3.0,PAID
12,53,2024-12-30,2025-01-03,4.0,LATE
12,54,2025-01-06,,,MISSED
12,55,2025-01-13,2025-01-15,2.0,PAID
12,56,2025-01-20,,,MISSED
12,57,2025-01-27,2025-02-04,8.0,LATE
12,58,2025-02-03,,,MISSED
12,59,2025-02-10,2025-02-13,3.0,PAID
12,60,2025-02-17,,,MISSED
12,61,2025-02-24,,,MISSED
12,62,2025-03-03,2025-03-06,3.0,PAID
12,63,2025-03-10,2025-03-18,8.0,LATE
12,64,2025-03-17,2025-03-20,3.0,PAID
12,65,2025-03-24,2025-03-25,1.0,PAID
12,66,2025-03-31,,,MISSED
12,67,2025-04-07,2025-04-13,6.0,LATE
12,68,2025-04-14,2025-04-19,5.0,LATE
12,69,2025-04-21,,,MISSED
12,70,2025-04-28,,,MISSED
12,71,2025-05-05,2025-05-06,1.0,PAID
12,72,2025-05-12,2025-05-19,7.0,LATE
12,73,2025-05-19,2025-05-24,5.0,LATE
12,74,2025-05-26,2025-05-31,5.0,LATE
12,75,2025-06-02,2025-06-06,4.0,LATE
12,76,2025-06-09,2025-06-15,6.0,LATE
12,77,2025-06-16,,,MISSED
12,78,2025-06-23,2025-06-26,3.0,PAID
12,79,2025-06-30,2025-07-04,4.0,LATE
12,80,2025-07-07,2025-07-09,2.0,PAID
12,81,2025-07-14,2025-07-17,3.0,PAID
12,82,2025-07-21,2025-07-24,3.0,PAID
12,83,2025-07-28,2025-08-03,6.0,LATE
12,84,2025-08-04,2025-08-07,3.0,PAID
12,85,2025-08-11,2025-08-17,6.0,LATE
12,86,2025-08-18,2025-08-26,8.0,LATE
12,87,2025-08-25,2025-08-30,5.0,LATE
12,88,2025-09-01,2025-09-08,7.0,LATE
12,89,2025-09-08,2025-09-11,3.0,PAID
12,90,2025-09-15,2025-09-19,4.0,LATE
12,91,2025-09-22,2025-09-28,6.0,LATE
12,92,2025-09-29,2025-10-06,7.0,LATE
12,93,2025-10-06,2025-10-09,3.0,PAID
12,94,2025-10-13,2025-10-18,5.0,LATE
12,95,2025-10-20,,,MISSED
12,96,2025-10-27,,,MISSED
12,97,2025-11-03,2025-11-06,3.0,PAID
12,98,2025-11-10,2025-11-14,4.0,LATE
12,99,2025-11-17,,,MISSED
12,100,2025-11-24,,,MISSED
12,101,2025-12-01,2025-12-03,2.0,PAID
12,102,2025-12-08,,,MISSED
12,103,2025-12-15,2025-12-17,2.0,PAID
12,104,2025-12-22,2025-12-29,7.0,LATE
12,105,2025-12-29,2026-01-06,8.0,LATE
12,106,2026-01-05,2026-01-09,4.0,LATE
12,107,2026-01-12,2026-01-15,3.0,PAID
12,108,2026-01-19,2026-01-21,2.0,PAID
12,109,2026-01-26,2026-01-31,5.0,LATE
12,110,2026-02-02,,,MISSED
12,111,2026-02-09,2026-02-13,4.0,LATE
12,112,2026-02-16,,,MISSED
12,113,2026-02-23,,,MISSED
12,114,2026-03-02,2026-03-12,10.0,LATE
12,115,2026-03-09,2026-03-13,4.0,LATE
12,116,2026-03-16,2026-03-21,5.0,LATE
12,117,2026-03-23,2026-03-29,6.0,LATE
12,118,2026-03-30,,,MISSED
12,119,2026-04-06,2026-04-12,6.0,LATE
12,120,2026-04-13,2026-04-19,6.0,LATE
12,121,2026-04-20,,,MISSED
12,122,2026-04-27,2026-05-01,4.0,LATE
12,123,2026-05-04,,,MISSED
12,124,2026-05-11,2026-05-19,8.0,LATE
12,125,2026-05-18,2026-05-23,5.0,LATE
12,126,2026-05-25,2026-05-28,3.0,PAID
12,127,2026-06-01,2026-06-02,1.0,PAID
12,128,2026-06-08,2026-06-12,4.0,LATE
12,129,2026-06-15,2026-06-20,5.0,LATE
12,130,2026-06-22,2026-06-25,3.0,PAID
12,131,2026-06-29,,,MISSED
12,132,2026-07-06,2026-07-09,3.0,PAID
12,133,2026-07-13,,,MISSED
12,134,2026-07-20,,,MISSED
12,135,2026-07-27,2026-08-02,6.0,LATE
12,136,2026-08-03,2026-08-09,6.0,LATE
12,137,2026-08-10,2026-08-12,2.0,PAID
12,138,2026-08-17,2026-08-22,5.0,LATE
12,139,2026-08-24,,,MISSED
12,140,2026-08-31,2026-09-04,4.0,LATE
12,141,2026-09-07,2026-09-10,3.0,PAID
12,142,2026-09-14,2026-09-18,4.0,LATE
12,143,2026-09-21,2026-09-25,4.0,LATE
12,144,2026-09-28,2026-10-05,7.0,LATE
12,145,2026-10-05,2026-10-10,5.0,LATE
12,146,2026-10-12,2026-10-15,3.0,PAID
12,147,2026-10-19,2026-10-21,2.0,PAID
12,148,2026-10-26,2026-10-27,1.0,PAID
12,149,2026-11-02,,,MISSED
12,150,2026-11-09,2026-11-12,3.0,PAID
12,151,2026-11-16,2026-11-18,2.0,PAID
12,152,2026-11-23,2026-11-23,0.0,PAID
12,153,2026-11-30,2026-12-05,5.0,LATE
12,154,2026-12-07,2026-12-10,3.0,PAID
12,155,2026-12-14,,,MISSED
12,156,2026-12-21,2026-12-27,6.0,LATE
13,1,2024-01-01,2024-01-01,0.0,PAID
13,2,2024-01-08,2024-01-08,0.0,PAID
13,3,2024-01-15,2024-01-17,2.0,PAID
13,4,2024-01-22,2024-01-23,1.0,PAID
13,5,2024-01-29,2024-01-29,0.0,PAID
13,6,2024-02-05,2024-02-08,3.0,PAID
13,7,2024-02-12,2024-02-14,2.0,PAID
13,8,2024-02-19,2024-02-22,3.0,PAID
13,9,2024-02-26,2024-02-27,1.0,PAID
13,10,2024-03-04,2024-03-05,1.0,PAID
13,11,2024-03-11,2024-03-12,1.0,PAID
13,12,2024-03-18,2024-03-18,0.0,PAID
13,13,2024-03-25,2024-03-28,3.0,PAID
13,14,2024-04-01,2024-04-03,2.0,PAID
13,15,2024-04-08,2024-04-09,1.0,PAID
13,16,2024-04-15,2024-04-16,1.0,PAID
13,17,2024-04-22,2024-04-23,1.0,PAID
13,18,2024-04-29,2024-05-03,4.0,LATE
13,19,2024-05-06,2024-05-09,3.0,PAID
13,20,2024-05-13,2024-05-14,1.0,PAID
13,21,2024-05-20,2024-05-21,1.0,PAID
13,22,2024-05-27,2024-05-28,1.0,PAID
13,23,2024-06-03,2024-06-04,1.0,PAID
13,24,2024-06-10,2024-06-11,1.0,PAID
13,25,2024-06-17,2024-06-19,2.0,PAID
13,26,2024-06-24,2024-06-24,0.0,PAID
13,27,2024-07-01,2024-07-03,2.0,PAID
13,28,2024-07-08,2024-07-09,1.0,PAID
13,29,2024-07-15,2024-07-17,2.0,PAID
13,30,2024-07-22,2024-07-24,2.0,PAID
13,31,2024-07-29,2024-07-30,1.0,PAID
13,32,2024-08-05,2024-08-06,1.0,PAID
13,33,2024-08-12,2024-08-13,1.0,PAID
13,34,2024-08-19,2024-08-19,0.0,PAID
13,35,2024-08-26,2024-08-26,0.0,PAID
13,36,2024-09-02,2024-09-03,1.0,PAID
13,37,2024-09-09,2024-09-11,2.0,PAID
13,38,2024-09-16,2024-09-17,1.0,PAID
13,39,2024-09-23,2024-09-25,2.0,PAID
13,40,2024-09-30,,,MISSED
13,41,2024-10-07,2024-10-09,2.0,PAID
13,42,2024-10-14,2024-10-16,2.0,PAID
13,43,2024-10-21,2024-10-22,1.0,PAID
13,44,2024-10-28,2024-10-29,1.0,PAID
13,45,2024-11-04,2024-11-05,1.0,PAID
13,46,2024-11-11,,,MISSED
13,47,2024-11-18,2024-11-18,0.0,PAID
13,48,2024-11-25,2024-11-26,1.0,PAID
13,49,2024-12-02,2024-12-02,0.0,PAID
13,50,2024-12-09,2024-12-09,0.0,PAID
13,51,2024-12-16,2024-12-17,1.0,PAID
13,52,2024-12-23,2024-12-23,0.0,PAID
13,53,2024-12-30,,,MISSED
13,54,2025-01-06,2025-01-08,2.0,PAID
13,55,2025-01-13,2025-01-14,1.0,PAID
13,56,2025-01-20,2025-01-22,2.0,PAID
13,57,2025-01-27,2025-01-29,2.0,PAID
13,58,2025-02-03,2025-02-03,0.0,PAID
13,59,2025-02-10,2025-02-13,3.0,PAID
13,60,2025-02-17,2025-02-17,0.0,PAID
13,61,2025-02-24,2025-02-24,0.0,PAID
13,62,2025-03-03,2025-03-04,1.0,PAID
13,63,2025-03-10,2025-03-10,0.0,PAID
13,64,2025-03-17,2025-03-17,0.0,PAID
13,65,2025-03-24,2025-03-25,1.0,PAID
13,66,2025-03-31,2025-04-01,1.0,PAID
13,67,2025-04-07,2025-04-09,2.0,PAID
13,68,2025-04-14,2025-04-14,0.0,PAID
13,69,2025-04-21,2025-04-23,2.0,PAID
13,70,2025-04-28,2025-04-29,1.0,PAID
13,71,2025-05-05,2025-05-05,0.0,PAID
13,72,2025-05-12,2025-05-13,1.0,PAID
13,73,2025-05-19,2025-05-19,0.0,PAID
13,74,2025-05-26,2025-05-26,0.0,PAID
13,75,2025-06-02,2025-06-05,3.0,PAID
13,76,2025-06-09,2025-06-09,0.0,PAID
13,77,2025-06-16,2025-06-19,3.0,PAID
13,78,2025-06-23,2025-06-25,2.0,PAID
13,79,2025-06-30,2025-07-01,1.0,PAID
13,80,2025-07-07,2025-07-09,2.0,PAID
13,81,2025-07-14,,,MISSED
13,82,2025-07-21,2025-07-22,1.0,PAID
13,83,2025-07-28,2025-07-29,1.0,PAID
13,84,2025-08-04,2025-08-05,1.0,PAID
13,85,2025-08-11,2025-08-11,0.0,PAID
13,86,2025-08-18,2025-08-18,0.0,PAID
13,87,2025-08-25,2025-08-25,0.0,PAID
13,88,2025-09-01,2025-09-02,1.0,PAID
13,89,2025-09-08,2025-09-09,1.0,PAID
13,90,2025-09-15,,,MISSED
13,91,2025-09-22,2025-09-23,1.0,PAID
13,92,2025-09-29,2025-09-29,0.0,PAID
13,93,2025-10-06,2025-10-06,0.0,PAID
13,94,2025-10-13,2025-10-14,1.0,PAID
13,95,2025-10-20,2025-10-22,2.0,PAID
13,96,2025-10-27,2025-10-31,4.0,LATE
13,97,2025-11-03,2025-11-04,1.0,PAID
13,98,2025-11-10,,,MISSED
13,99,2025-11-17,2025-11-17,0.0,PAID
13,100,2025-11-24,2025-11-26,2.0,PAID
13,101,2025-12-01,2025-12-05,4.0,LATE
13,102,2025-12-08,2025-12-09,1.0,PAID
13,103,2025-12-15,,,MISSED
13,104,2025-12-22,2025-12-23,1.0,PAID
13,105,2025-12-29,2025-12-30,1.0,PAID
13,106,2026-01-05,,,MISSED
13,107,2026-01-12,2026-01-13,1.0,PAID
13,108,2026-01-19,2026-01-21,2.0,PAID
13,109,2026-01-26,2026-01-26,0.0,PAID
13,110,2026-02-02,,,MISSED
13,111,2026-02-09,2026-02-10,1.0,PAID
13,112,2026-02-16,2026-02-19,3.0,PAID
13,113,2026-02-23,2026-02-26,3.0,PAID
13,114,2026-03-02,2026-03-03,1.0,PAID
13,115,2026-03-09,2026-03-09,0.0,PAID
13,116,2026-03-16,2026-03-17,1.0,PAID
13,117,2026-03-23,2026-03-26,3.0,PAID
13,118,2026-03-30,2026-03-30,0.0,PAID
13,119,2026-04-06,2026-04-07,1.0,PAID
13,120,2026-04-13,,,MISSED
13,121,2026-04-20,,,MISSED
13,122,2026-04-27,2026-04-30,3.0,PAID
13,123,2026-05-04,2026-05-06,2.0,PAID
13,124,2026-05-11,2026-05-12,1.0,PAID
13,125,2026-05-18,2026-05-19,1.0,PAID
13,126,2026-05-25,2026-05-26,1.0,PAID
13,127,2026-06-01,2026-06-03,2.0,PAID
13,128,2026-06-08,2026-06-09,1.0,PAID
13,129,2026-06-15,2026-06-17,2.0,PAID
13,130,2026-06-22,2026-06-22,0.0,PAID
13,131,2026-06-29,2026-07-01,2.0,PAID
13,132,2026-07-06,2026-07-07,1.0,PAID
13,133,2026-07-13,2026-07-13,0.0,PAID
13,134,2026-07-20,,,MISSED
13,135,2026-07-27,2026-07-29,2.0,PAID
13,136,2026-08-03,2026-08-04,1.0,PAID
13,137,2026-08-10,2026-08-12,2.0,PAID
13,138,2026-08-17,2026-08-18,1.0,PAID
13,139,2026-08-24,2026-08-25,1.0,PAID
13,140,2026-08-31,2026-09-01,1.0,PAID
13,141,2026-09-07,2026-09-07,0.0,PAID
13,142,2026-09-14,2026-09-15,1.0,PAID
13,143,2026-09-21,2026-09-24,3.0,PAID
13,144,2026-09-28,2026-09-29,1.0,PAID
13,145,2026-10-05,2026-10-05,0.0,PAID
13,146,2026-10-12,2026-10-13,1.0,PAID
13,147,2026-10-19,,,MISSED
13,148,2026-10-26,2026-10-30,4.0,LATE
13,149,2026-11-02,,,MISSED
13,150,2026-11-09,2026-11-10,1.0,PAID
13,151,2026-11-16,2026-11-18,2.0,PAID
13,152,2026-11-23,2026-11-24,1.0,PAID
13,153,2026-11-30,2026-11-30,0.0,PAID
13,154,2026-12-07,2026-12-07,0.0,PAID
13,155,2026-12-14,2026-12-15,1.0,PAID
13,156,2026-12-21,,,MISSED
14,1,2024-01-01,2024-01-03,2.0,PAID
14,2,2024-01-08,,,MISSED
14,3,2024-01-15,2024-01-18,3.0,PAID
14,4,2024-01-22,2024-01-24,2.0,PAID
14,5,2024-01-29,,,MISSED
14,6,2024-02-05,2024-02-08,3.0,PAID
14,7,2024-02-12,2024-02-15,3.0,PAID
14,8,2024-02-19,2024-02-21,2.0,PAID
14,9,2024-02-26,2024-02-27,1.0,PAID
14,10,2024-03-04,2024-03-04,0.0,PAID
14,11,2024-03-11,,,MISSED
14,12,2024-03-18,,,MISSED
14,13,2024-03-25,,,MISSED
14,14,2024-04-01,2024-04-03,2.0,PAID
14,15,2024-04-08,2024-04-10,2.0,PAID
14,16,2024-04-15,,,MISSED
14,17,2024-04-22,,,MISSED
14,18,2024-04-29,,,MISSED
14,19,2024-05-06,2024-05-08,2.0,PAID
14,20,2024-05-13,,,MISSED
14,21,2024-05-20,2024-05-23,3.0,PAID
14,22,2024-05-27,2024-05-31,4.0,LATE
14,23,2024-06-03,2024-06-07,4.0,LATE
14,24,2024-06-10,2024-06-11,1.0,PAID
14,25,2024-06-17,2024-06-18,1.0,PAID
14,26,2024-06-24,2024-06-24,0.0,PAID
14,27,2024-07-01,2024-07-04,3.0,PAID
14,28,2024-07-08,2024-07-12,4.0,LATE
14,29,2024-07-15,2024-07-18,3.0,PAID
14,30,2024-07-22,2024-07-24,2.0,PAID
14,31,2024-07-29,2024-07-31,2.0,PAID
14,32,2024-08-05,2024-08-06,1.0,PAID
14,33,2024-08-12,2024-08-17,5.0,LATE
14,34,2024-08-19,,,MISSED
14,35,2024-08-26,2024-08-29,3.0,PAID
14,36,2024-09-02,,,MISSED
14,37,2024-09-09,2024-09-12,3.0,PAID
14,38,2024-09-16,2024-09-21,5.0,LATE
14,39,2024-09-23,2024-09-27,4.0,LATE
14,40,2024-09-30,,,MISSED
14,41,2024-10-07,2024-10-08,1.0,PAID
14,42,2024-10-14,2024-10-17,3.0,PAID
14,43,2024-10-21,2024-10-23,2.0,PAID
14,44,2024-10-28,2024-10-30,2.0,PAID
14,45,2024-11-04,2024-11-08,4.0,LATE
14,46,2024-11-11,2024-11-12,1.0,PAID
14,47,2024-11-18,2024-11-21,3.0,PAID
14,48,2024-11-25,2024-11-27,2.0,PAID
14,49,2024-12-02,2024-12-03,1.0,PAID
14,50,2024-12-09,2024-12-13,4.0,LATE
14,51,2024-12-16,2024-12-20,4.0,LATE
14,52,2024-12-23,2024-12-24,1.0,PAID
14,53,2024-12-30,2024-12-31,1.0,PAID
14,54,2025-01-06,2025-01-08,2.0,PAID
14,55,2025-01-13,2025-01-14,1.0,PAID
14,56,2025-01-20,2025-01-22,2.0,PAID
14,57,2025-01-27,2025-01-31,4.0,LATE
14,58,2025-02-03,2025-02-06,3.0,PAID
14,59,2025-02-10,2025-02-12,2.0,PAID
14,60,2025-02-17,2025-02-19,2.0,PAID
14,61,2025-02-24,,,MISSED
14,62,2025-03-03,,,MISSED
14,63,2025-03-10,2025-03-10,0.0,PAID
14,64,2025-03-17,2025-03-19,2.0,PAID
14,65,2025-03-24,,,MISSED
14,66,2025-03-31,2025-04-01,1.0,PAID
14,67,2025-04-07,2025-04-09,2.0,PAID
14,68,2025-04-14,2025-04-15,1.0,PAID
14,69,2025-04-21,2025-04-25,4.0,LATE
14,70,2025-04-28,,,MISSED
14,71,2025-05-05,2025-05-07,2.0,PAID
14,72,2025-05-12,2025-05-15,3.0,PAID
14,73,2025-05-19,2025-05-22,3.0,PAID
14,74,2025-05-26,2025-05-27,1.0,PAID
14,75,2025-06-02,,,MISSED
14,76,2025-06-09,2025-06-10,1.0,PAID
14,77,2025-06-16,2025-06-19,3.0,PAID
14,78,2025-06-23,,,MISSED
14,79,2025-06-30,2025-07-03,3.0,PAID
14,80,2025-07-07,,,MISSED
14,81,2025-07-14,2025-07-14,0.0,PAID
14,82,2025-07-21,2025-07-22,1.0,PAID
14,83,2025-07-28,2025-07-31,3.0,PAID
14,84,2025-08-04,2025-08-06,2.0,PAID
14,85,2025-08-11,2025-08-13,2.0,PAID
14,86,2025-08-18,2025-08-20,2.0,PAID
14,87,2025-08-25,2025-08-25,0.0,PAID
14,88,2025-09-01,2025-09-04,3.0,PAID
14,89,2025-09-08,2025-09-09,1.0,PAID
14,90,2025-09-15,2025-09-17,2.0,PAID
14,91,2025-09-22,2025-09-22,0.0,PAID
14,92,2025-09-29,2025-10-03,4.0,LATE
14,93,2025-10-06,2025-10-07,1.0,PAID
14,94,2025-10-13,2025-10-15,2.0,PAID
14,95,2025-10-20,2025-10-23,3.0,PAID
14,96,2025-10-27,2025-10-31,4.0,LATE
14,97,2025-11-03,,,MISSED
14,98,2025-11-10,2025-11-12,2.0,PAID
14,99,2025-11-17,,,MISSED
14,100,2025-11-24,2025-11-27,3.0,PAID
14,101,2025-12-01,2025-12-02,1.0,PAID
14,102,2025-12-08,2025-12-09,1.0,PAID
14,103,2025-12-15,2025-12-17,2.0,PAID
14,104,2025-12-22,2025-12-24,2.0,PAID
14,105,2025-12-29,,,MISSED
14,106,2026-01-05,,,MISSED
14,107,2026-01-12,,,MISSED
14,108,2026-01-19,,,MISSED
14,109,2026-01-26,2026-01-28,2.0,PAID
14,110,2026-02-02,2026-02-04,2.0,PAID
14,111,2026-02-09,2026-02-12,3.0,PAID
14,112,2026-02-16,2026-02-17,1.0,PAID
14,113,2026-02-23,,,MISSED
14,114,2026-03-02,2026-03-05,3.0,PAID
14,115,2026-03-09,2026-03-12,3.0,PAID
14,116,2026-03-16,2026-03-17,1.0,PAID
14,117,2026-03-23,2026-03-27,4.0,LATE
14,118,2026-03-30,,,MISSED
14,119,2026-04-06,2026-04-06,0.0,PAID
14,120,2026-04-13,2026-04-13,0.0,PAID
14,121,2026-04-20,2026-04-22,2.0,PAID
14,122,2026-04-27,2026-04-30,3.0,PAID
14,123,2026-05-04,2026-05-07,3.0,PAID
14,124,2026-05-11,,,MISSED
14,125,2026-05-18,,,MISSED
14,126,2026-05-25,2026-05-28,3.0,PAID
14,127,2026-06-01,2026-06-01,0.0,PAID
14,128,2026-06-08,2026-06-09,1.0,PAID
14,129,2026-06-15,2026-06-16,1.0,PAID
14,130,2026-06-22,2026-06-23,1.0,PAID
14,131,2026-06-29,,,MISSED
14,132,2026-07-06,2026-07-08,2.0,PAID
14,133,2026-07-13,2026-07-15,2.0,PAID
14,134,2026-07-20,,,MISSED
14,135,2026-07-27,2026-07-28,1.0,PAID
14,136,2026-08-03,2026-08-05,2.0,PAID
14,137,2026-08-10,2026-08-11,1.0,PAID
14,138,2026-08-17,2026-08-17,0.0,PAID
14,139,2026-08-24,2026-08-25,1.0,PAID
14,140,2026-08-31,2026-09-01,1.0,PAID
14,141,2026-09-07,2026-09-10,3.0,PAID
14,142,2026-09-14,2026-09-17,3.0,PAID
14,143,2026-09-21,2026-09-25,4.0,LATE
14,144,2026-09-28,2026-09-28,0.0,PAID
14,145,2026-10-05,2026-10-07,2.0,PAID
14,146,2026-10-12,2026-10-15,3.0,PAID
14,147,2026-10-19,2026-10-20,1.0,PAID
14,148,2026-10-26,2026-10-28,2.0,PAID
14,149,2026-11-02,2026-11-03,1.0,PAID
14,150,2026-11-09,2026-11-12,3.0,PAID
14,151,2026-11-16,,,MISSED
14,152,2026-11-23,2026-11-23,0.0,PAID
14,153,2026-11-30,2026-12-02,2.0,PAID
14,154,2026-12-07,,,MISSED
14,155,2026-12-14,2026-12-15,1.0,PAID
14,156,2026-12-21,2026-12-21,0.0,PAID
15,1,2024-01-01,2024-01-03,2.0,PAID
15,2,2024-01-08,2024-01-14,6.0,LATE
15,3,2024-01-15,2024-01-21,6.0,LATE
15,4,2024-01-22,2024-01-25,3.0,PAID
15,5,2024-01-29,2024-02-03,5.0,LATE
15,6,2024-02-05,,,MISSED
15,7,2024-02-12,,,MISSED
15,8,2024-02-19,2024-02-23,4.0,LATE
15,9,2024-02-26,2024-03-06,9.0,LATE
15,10,2024-03-04,,,MISSED
15,11,2024-03-11,2024-03-15,4.0,LATE
15,12,2024-03-18,2024-03-20,2.0,PAID
15,13,2024-03-25,,,MISSED
15,14,2024-04-01,2024-04-06,5.0,LATE
15,15,2024-04-08,2024-04-15,7.0,LATE
15,16,2024-04-15,2024-04-22,7.0,LATE
15,17,2024-04-22,,,MISSED
15,18,2024-04-29,2024-05-01,2.0,PAID
15,19,2024-05-06,,,MISSED
15,20,2024-05-13,2024-05-21,8.0,LATE
15,21,2024-05-20,2024-05-31,11.0,LATE
15,22,2024-05-27,2024-06-02,6.0,LATE
15,23,2024-06-03,,,MISSED
15,24,2024-06-10,,,MISSED
15,25,2024-06-17,2024-06-21,4.0,LATE
15,26,2024-06-24,,,MISSED
15,27,2024-07-01,2024-07-04,3.0,PAID
15,28,2024-07-08,2024-07-12,4.0,LATE
15,29,2024-07-15,2024-07-21,6.0,LATE
15,30,2024-07-22,2024-07-27,5.0,LATE
15,31,2024-07-29,,,MISSED
15,32,2024-08-05,,,MISSED
15,33,2024-08-12,2024-08-22,10.0,LATE
15,34,2024-08-19,2024-08-23,4.0,LATE
15,35,2024-08-26,2024-08-27,1.0,PAID
15,36,2024-09-02,2024-09-13,11.0,LATE
15,37,2024-09-09,2024-09-16,7.0,LATE
15,38,2024-09-16,2024-09-23,7.0,LATE
15,39,2024-09-23,,,MISSED
15,40,2024-09-30,,,MISSED
15,41,2024-10-07,2024-10-13,6.0,LATE
15,42,2024-10-14,2024-10-22,8.0,LATE
15,43,2024-10-21,2024-10-26,5.0,LATE
15,44,2024-10-28,,,MISSED
15,45,2024-11-04,2024-11-09,5.0,LATE
15,46,2024-11-11,2024-11-13,2.0,PAID
15,47,2024-11-18,2024-11-24,6.0,LATE
15,48,2024-11-25,,,MISSED
15,49,2024-12-02,2024-12-13,11.0,LATE
15,50,2024-12-09,,,MISSED
15,51,2024-12-16,,,MISSED
15,52,2024-12-23,2024-12-29,6.0,LATE
15,53,2024-12-30,2025-01-06,7.0,LATE
15,54,2025-01-06,2025-01-16,10.0,LATE
15,55,2025-01-13,2025-01-24,11.0,LATE
15,56,2025-01-20,,,MISSED
15,57,2025-01-27,2025-01-30,3.0,PAID
15,58,2025-02-03,,,MISSED
15,59,2025-02-10,,,MISSED
15,60,2025-02-17,2025-02-23,6.0,LATE
15,61,2025-02-24,2025-02-28,4.0,LATE
15,62,2025-03-03,2025-03-06,3.0,PAID
15,63,2025-03-10,2025-03-15,5.0,LATE
15,64,2025-03-17,,,MISSED
15,65,2025-03-24,2025-03-27,3.0,PAID
15,66,2025-03-31,2025-04-06,6.0,LATE
15,67,2025-04-07,2025-04-16,9.0,LATE
15,68,2025-04-14,2025-04-17,3.0,PAID
15,69,2025-04-21,2025-04-27,6.0,LATE
15,70,2025-04-28,2025-05-04,6.0,LATE
15,71,2025-05-05,2025-05-08,3.0,PAID
15,72,2025-05-12,,,MISSED
15,73,2025-05-19,2025-05-22,3.0,PAID
15,74,2025-05-26,2025-06-02,7.0,LATE
15,75,2025-06-02,2025-06-06,4.0,LATE
15,76,2025-06-09,2025-06-14,5.0,LATE
15,77,2025-06-16,2025-06-20,4.0,LATE
15,78,2025-06-23,2025-06-27,4.0,LATE
15,79,2025-06-30,2025-07-07,7.0,LATE
15,80,2025-07-07,2025-07-12,5.0,LATE
15,81,2025-07-14,,,MISSED
15,82,2025-07-21,2025-07-26,5.0,LATE
15,83,2025-07-28,2025-08-03,6.0,LATE
15,84,2025-08-04,2025-08-08,4.0,LATE
15,85,2025-08-11,,,MISSED
15,86,2025-08-18,2025-08-23,5.0,LATE
15,87,2025-08-25,,,MISSED
15,88,2025-09-01,2025-09-08,7.0,LATE
15,89,2025-09-08,2025-09-14,6.0,LATE
15,90,2025-09-15,2025-09-22,7.0,LATE
15,91,2025-09-22,2025-09-24,2.0,PAID
15,92,2025-09-29,,,MISSED
15,93,2025-10-06,2025-10-13,7.0,LATE
15,94,2025-10-13,2025-10-18,5.0,LATE
15,95,2025-10-20,,,MISSED
15,96,2025-10-27,2025-11-02,6.0,LATE
15,97,2025-11-03,2025-11-05,2.0,PAID
15,98,2025-11-10,2025-11-19,9.0,LATE
15,99,2025-11-17,,,MISSED
15,100,2025-11-24,2025-12-03,9.0,LATE
15,101,2025-12-01,2025-12-08,7.0,LATE
15,102,2025-12-08,,,MISSED
15,103,2025-12-15,2025-12-22,7.0,LATE
15,104,2025-12-22,2026-01-01,10.0,LATE
15,105,2025-12-29,2026-01-03,5.0,LATE
15,106,2026-01-05,2026-01-08,3.0,PAID
15,107,2026-01-12,2026-01-16,4.0,LATE
15,108,2026-01-19,2026-01-22,3.0,PAID
15,109,2026-01-26,2026-02-01,6.0,LATE
15,110,2026-02-02,2026-02-08,6.0,LATE
15,111,2026-02-09,2026-02-16,7.0,LATE
15,112,2026-02-16,2026-02-17,1.0,PAID
15,113,2026-02-23,,,MISSED
15,114,2026-03-02,2026-03-07,5.0,LATE
15,115,2026-03-09,2026-03-13,4.0,LATE
15,116,2026-03-16,2026-03-24,8.0,LATE
15,117,2026-03-23,2026-03-24,1.0,PAID
15,118,2026-03-30,,,MISSED
15,119,2026-04-06,,,MISSED
15,120,2026-04-13,,,MISSED
15,121,2026-04-20,2026-04-27,7.0,LATE
15,122,2026-04-27,2026-05-07,10.0,LATE
15,123,2026-05-04,,,MISSED
15,124,2026-05-11,2026-05-14,3.0,PAID
15,125,2026-05-18,2026-05-22,4.0,LATE
15,126,2026-05-25,,,MISSED
15,127,2026-06-01,2026-06-05,4.0,LATE
15,128,2026-06-08,2026-06-12,4.0,LATE
15,129,2026-06-15,2026-06-21,6.0,LATE
15,130,2026-06-22,2026-07-03,11.0,LATE
15,131,2026-06-29,2026-07-04,5.0,LATE
15,132,2026-07-06,2026-07-13,7.0,LATE
15,133,2026-07-13,2026-07-21,8.0,LATE
15,134,2026-07-20,,,MISSED
15,135,2026-07-27,,,MISSED
15,136,2026-08-03,2026-08-05,2.0,PAID
15,137,2026-08-10,2026-08-16,6.0,LATE
15,138,2026-08-17,2026-08-24,7.0,LATE
15,139,2026-08-24,,,MISSED
15,140,2026-08-31,,,MISSED
15,141,2026-09-07,2026-09-10,3.0,PAID
15,142,2026-09-14,,,MISSED
15,143,2026-09-21,2026-09-27,6.0,LATE
15,144,2026-09-28,2026-10-06,8.0,LATE
15,145,2026-10-05,2026-10-10,5.0,LATE
15,146,2026-10-12,2026-10-18,6.0,LATE
15,147,2026-10-19,,,MISSED
15,148,2026-10-26,,,MISSED
15,149,2026-11-02,,,MISSED
15,150,2026-11-09,,,MISSED
15,151,2026-11-16,2026-11-19,3.0,PAID
15,152,2026-11-23,,,MISSED
15,153,2026-11-30,2026-12-05,5.0,LATE
15,154,2026-12-07,2026-12-11,4.0,LATE
15,155,2026-12-14,2026-12-18,4.0,LATE
15,156,2026-12-21,2026-12-26,5.0,LATE
16,1,2024-01-01,2024-01-06,5.0,LATE
16,2,2024-01-08,2024-01-16,8.0,LATE
16,3,2024-01-15,2024-01-25,10.0,LATE
16,4,2024-01-22,,,MISSED
16,5,2024-01-29,2024-02-01,3.0,PAID
16,6,2024-02-05,2024-02-09,4.0,LATE
16,7,2024-02-12,,,MISSED
16,8,2024-02-19,2024-02-27,8.0,LATE
16,9,2024-02-26,2024-03-02,5.0,LATE
16,10,2024-03-04,2024-03-06,2.0,PAID
16,11,2024-03-11,,,MISSED
16,12,2024-03-18,2024-03-25,7.0,LATE
16,13,2024-03-25,2024-03-28,3.0,PAID
16,14,2024-04-01,2024-04-07,6.0,LATE
16,15,2024-04-08,,,MISSED
16,16,2024-04-15,2024-04-22,7.0,LATE
16,17,2024-04-22,2024-04-28,6.0,LATE
16,18,2024-04-29,2024-05-04,5.0,LATE
16,19,2024-05-06,2024-05-14,8.0,LATE
16,20,2024-05-13,2024-05-16,3.0,PAID
16,21,2024-05-20,2024-05-26,6.0,LATE
16,22,2024-05-27,,,MISSED
16,23,2024-06-03,,,MISSED
16,24,2024-06-10,2024-06-11,1.0,PAID
16,25,2024-06-17,2024-06-23,6.0,LATE
16,26,2024-06-24,2024-07-06,12.0,LATE
16,27,2024-07-01,,,MISSED
16,28,2024-07-08,,,MISSED
16,29,2024-07-15,,,MISSED
16,30,2024-07-22,,,MISSED
16,31,2024-07-29,2024-08-04,6.0,LATE
16,32,2024-08-05,2024-08-09,4.0,LATE
16,33,2024-08-12,,,MISSED
16,34,2024-08-19,2024-08-24,5.0,LATE
16,35,2024-08-26,2024-09-03,8.0,LATE
16,36,2024-09-02,2024-09-09,7.0,LATE
16,37,2024-09-09,2024-09-15,6.0,LATE
16,38,2024-09-16,2024-09-20,4.0,LATE
16,39,2024-09-23,2024-10-03,10.0,LATE
16,40,2024-09-30,2024-10-03,3.0,PAID
16,41,2024-10-07,,,MISSED
16,42,2024-10-14,2024-10-21,7.0,LATE
16,43,2024-10-21,2024-10-27,6.0,LATE
16,44,2024-10-28,2024-11-06,9.0,LATE
16,45,2024-11-04,2024-11-08,4.0,LATE
16,46,2024-11-11,2024-11-17,6.0,LATE
16,47,2024-11-18,2024-11-22,4.0,LATE
16,48,2024-11-25,2024-11-30,5.0,LATE
16,49,2024-12-02,2024-12-09,7.0,LATE
16,50,2024-12-09,2024-12-13,4.0,LATE
16,51,2024-12-16,2024-12-23,7.0,LATE
16,52,2024-12-23,2024-12-29,6.0,LATE
16,53,2024-12-30,2024-12-30,0.0,PAID
16,54,2025-01-06,2025-01-14,8.0,LATE
16,55,2025-01-13,,,MISSED
16,56,2025-01-20,,,MISSED
16,57,2025-01-27,,,MISSED
16,58,2025-02-03,2025-02-10,7.0,LATE
16,59,2025-02-10,2025-02-14,4.0,LATE
16,60,2025-02-17,2025-02-23,6.0,LATE
16,61,2025-02-24,,,MISSED
16,62,2025-03-03,,,MISSED
16,63,2025-03-10,2025-03-15,5.0,LATE
16,64,2025-03-17,2025-03-22,5.0,LATE
16,65,2025-03-24,,,MISSED
16,66,2025-03-31,2025-04-06,6.0,LATE
16,67,2025-04-07,2025-04-14,7.0,LATE
16,68,2025-04-14,2025-04-19,5.0,LATE
16,69,2025-04-21,2025-04-25,4.0,LATE
16,70,2025-04-28,2025-05-07,9.0,LATE
16,71,2025-05-05,2025-05-09,4.0,LATE
16,72,2025-05-12,2025-05-17,5.0,LATE
16,73,2025-05-19,2025-05-25,6.0,LATE
16,74,2025-05-26,2025-05-30,4.0,LATE
16,75,2025-06-02,,,MISSED
16,76,2025-06-09,2025-06-18,9.0,LATE
16,77,2025-06-16,2025-06-21,5.0,LATE
16,78,2025-06-23,,,MISSED
16,79,2025-06-30,2025-07-09,9.0,LATE
16,80,2025-07-07,2025-07-10,3.0,PAID
16,81,2025-07-14,2025-07-24,10.0,LATE
16,82,2025-07-21,2025-07-29,8.0,LATE
16,83,2025-07-28,2025-08-03,6.0,LATE
16,84,2025-08-04,2025-08-13,9.0,LATE
16,85,2025-08-11,2025-08-13,2.0,PAID
16,86,2025-08-18,2025-08-25,7.0,LATE
16,87,2025-08-25,2025-08-28,3.0,PAID
16,88,2025-09-01,2025-09-12,11.0,LATE
16,89,2025-09-08,,,MISSED
16,90,2025-09-15,,,MISSED
16,91,2025-09-22,,,MISSED
16,92,2025-09-29,2025-10-02,3.0,PAID
16,93,2025-10-06,2025-10-08,2.0,PAID
16,94,2025-10-13,2025-10-19,6.0,LATE
16,95,2025-10-20,2025-10-27,7.0,LATE
16,96,2025-10-27,2025-10-31,4.0,LATE
16,97,2025-11-03,,,MISSED
16,98,2025-11-10,2025-11-16,6.0,LATE
16,99,2025-11-17,2025-11-18,1.0,PAID
16,100,2025-11-24,2025-11-28,4.0,LATE
16,101,2025-12-01,,,MISSED
16,102,2025-12-08,,,MISSED
16,103,2025-12-15,,,MISSED
16,104,2025-12-22,2025-12-27,5.0,LATE
16,105,2025-12-29,2026-01-06,8.0,LATE
16,106,2026-01-05,2026-01-11,6.0,LATE
16,107,2026-01-12,,,MISSED
16,108,2026-01-19,2026-01-23,4.0,LATE
16,109,2026-01-26,2026-02-02,7.0,LATE
16,110,2026-02-02,2026-02-08,6.0,LATE
16,111,2026-02-09,2026-02-19,10.0,LATE
16,112,2026-02-16,2026-02-20,4.0,LATE
16,113,2026-02-23,2026-03-05,10.0,LATE
16,114,2026-03-02,2026-03-11,9.0,LATE
16,115,2026-03-09,2026-03-17,8.0,LATE
16,116,2026-03-16,2026-03-21,5.0,LATE
16,117,2026-03-23,,,MISSED
16,118,2026-03-30,,,MISSED
16,119,2026-04-06,,,MISSED
16,120,2026-04-13,2026-04-16,3.0,PAID
16,121,2026-04-20,,,MISSED
16,122,2026-04-27,2026-05-06,9.0,LATE
16,123,2026-05-04,,,MISSED
16,124,2026-05-11,,,MISSED
16,125,2026-05-18,,,MISSED
16,126,2026-05-25,2026-06-01,7.0,LATE
16,127,2026-06-01,2026-06-11,10.0,LATE
16,128,2026-06-08,,,MISSED
16,129,2026-06-15,,,MISSED
16,130,2026-06-22,,,MISSED
16,131,2026-06-29,2026-07-02,3.0,PAID
16,132,2026-07-06,2026-07-09,3.0,PAID
16,133,2026-07-13,2026-07-17,4.0,LATE
16,134,2026-07-20,2026-07-30,10.0,LATE
16,135,2026-07-27,2026-08-02,6.0,LATE
16,136,2026-08-03,2026-08-10,7.0,LATE
16,137,2026-08-10,,,MISSED
16,138,2026-08-17,2026-08-21,4.0,LATE
16,139,2026-08-24,2026-09-01,8.0,LATE
16,140,2026-08-31,2026-09-01,1.0,PAID
16,141,2026-09-07,2026-09-13,6.0,LATE
16,142,2026-09-14,,,MISSED
16,143,2026-09-21,,,MISSED
16,144,2026-09-28,2026-10-06,8.0,LATE
16,145,2026-10-05,,,MISSED
16,146,2026-10-12,,,MISSED
16,147,2026-10-19,2026-10-24,5.0,LATE
16,148,2026-10-26,2026-11-01,6.0,LATE
16,149,2026-11-02,2026-11-09,7.0,LATE
16,150,2026-11-09,2026-11-15,6.0,LATE
16,151,2026-11-16,,,MISSED
16,152,2026-11-23,,,MISSED
16,153,2026-11-30,2026-12-09,9.0,LATE
16,154,2026-12-07,2026-12-15,8.0,LATE
16,155,2026-12-14,2026-12-19,5.0,LATE
16,156,2026-12-21,,,MISSED
17,1,2024-01-01,2024-01-02,1.0,PAID
17,2,2024-01-08,2024-01-09,1.0,PAID
17,3,2024-01-15,2024-01-18,3.0,PAID
17,4,2024-01-22,2024-01-24,2.0,PAID
17,5,2024-01-29,,,MISSED
17,6,2024-02-05,2024-02-06,1.0,PAID
17,7,2024-02-12,,,MISSED
17,8,2024-02-19,,,MISSED
17,9,2024-02-26,2024-02-28,2.0,PAID
17,10,2024-03-04,2024-03-07,3.0,PAID
17,11,2024-03-11,,,MISSED
17,12,2024-03-18,2024-03-20,2.0,PAID
17,13,2024-03-25,2024-04-01,7.0,LATE
17,14,2024-04-01,2024-04-04,3.0,PAID
17,15,2024-04-08,2024-04-10,2.0,PAID
17,16,2024-04-15,2024-04-15,0.0,PAID
17,17,2024-04-22,2024-04-26,4.0,LATE
17,18,2024-04-29,2024-05-03,4.0,LATE
17,19,2024-05-06,2024-05-07,1.0,PAID
17,20,2024-05-13,,,MISSED
17,21,2024-05-20,,,MISSED
17,22,2024-05-27,,,MISSED
17,23,2024-06-03,2024-06-08,5.0,LATE
17,24,2024-06-10,2024-06-13,3.0,PAID
17,25,2024-06-17,2024-06-20,3.0,PAID
17,26,2024-06-24,2024-06-28,4.0,LATE
17,27,2024-07-01,,,MISSED
17,28,2024-07-08,2024-07-09,1.0,PAID
17,29,2024-07-15,,,MISSED
17,30,2024-07-22,2024-07-23,1.0,PAID
17,31,2024-07-29,2024-07-30,1.0,PAID
17,32,2024-08-05,,,MISSED
17,33,2024-08-12,2024-08-13,1.0,PAID
17,34,2024-08-19,2024-08-21,2.0,PAID
17,35,2024-08-26,2024-08-26,0.0,PAID
17,36,2024-09-02,2024-09-06,4.0,LATE
17,37,2024-09-09,2024-09-09,0.0,PAID
17,38,2024-09-16,2024-09-19,3.0,PAID
17,39,2024-09-23,2024-09-26,3.0,PAID
17,40,2024-09-30,,,MISSED
17,41,2024-10-07,2024-10-11,4.0,LATE
17,42,2024-10-14,2024-10-14,0.0,PAID
17,43,2024-10-21,2024-10-24,3.0,PAID
17,44,2024-10-28,2024-10-30,2.0,PAID
17,45,2024-11-04,2024-11-06,2.0,PAID
17,46,2024-11-11,2024-11-15,4.0,LATE
17,47,2024-11-18,2024-11-19,1.0,PAID
17,48,2024-11-25,2024-11-27,2.0,PAID
17,49,2024-12-02,,,MISSED
17,50,2024-12-09,,,MISSED
17,51,2024-12-16,2024-12-21,5.0,LATE
17,52,2024-12-23,2024-12-28,5.0,LATE
17,53,2024-12-30,2025-01-01,2.0,PAID
17,54,2025-01-06,2025-01-07,1.0,PAID
17,55,2025-01-13,2025-01-14,1.0,PAID
17,56,2025-01-20,2025-01-23,3.0,PAID
17,57,2025-01-27,2025-01-28,1.0,PAID
17,58,2025-02-03,2025-02-06,3.0,PAID
17,59,2025-02-10,2025-02-12,2.0,PAID
17,60,2025-02-17,,,MISSED
17,61,2025-02-24,2025-03-01,5.0,LATE
17,62,2025-03-03,2025-03-06,3.0,PAID
17,63,2025-03-10,2025-03-14,4.0,LATE
17,64,2025-03-17,,,MISSED
17,65,2025-03-24,,,MISSED
17,66,2025-03-31,2025-04-05,5.0,LATE
17,67,2025-04-07,2025-04-10,3.0,PAID
17,68,2025-04-14,,,MISSED
17,69,2025-04-21,2025-04-22,1.0,PAID
17,70,2025-04-28,2025-04-30,2.0,PAID
17,71,2025-05-05,2025-05-09,4.0,LATE
17,72,2025-05-12,2025-05-14,2.0,PAID
17,73,2025-05-19,2025-05-21,2.0,PAID
17,74,2025-05-26,,,MISSED
17,75,2025-06-02,,,MISSED
17,76,2025-06-09,,,MISSED
17,77,2025-06-16,2025-06-18,2.0,PAID
17,78,2025-06-23,2025-06-29,6.0,LATE
17,79,2025-06-30,2025-07-04,4.0,LATE
17,80,2025-07-07,,,MISSED
17,81,2025-07-14,2025-07-17,3.0,PAID
17,82,2025-07-21,2025-07-23,2.0,PAID
17,83,2025-07-28,2025-07-30,2.0,PAID
17,84,2025-08-04,,,MISSED
17,85,2025-08-11,,,MISSED
17,86,2025-08-18,2025-08-20,2.0,PAID
17,87,2025-08-25,,,MISSED
17,88,2025-09-01,2025-09-04,3.0,PAID
17,89,2025-09-08,2025-09-12,4.0,LATE
17,90,2025-09-15,,,MISSED
17,91,2025-09-22,,,MISSED
17,92,2025-09-29,2025-10-01,2.0,PAID
17,93,2025-10-06,2025-10-09,3.0,PAID
17,94,2025-10-13,2025-10-17,4.0,LATE
17,95,2025-10-20,,,MISSED
17,96,2025-10-27,2025-10-28,1.0,PAID
17,97,2025-11-03,,,MISSED
17,98,2025-11-10,2025-11-12,2.0,PAID
17,99,2025-11-17,,,MISSED
17,100,2025-11-24,2025-11-26,2.0,PAID
17,101,2025-12-01,2025-12-03,2.0,PAID
17,102,2025-12-08,2025-12-10,2.0,PAID
17,103,2025-12-15,2025-12-18,3.0,PAID
17,104,2025-12-22,2025-12-25,3.0,PAID
17,105,2025-12-29,,,MISSED
17,106,2026-01-05,2026-01-10,5.0,LATE
17,107,2026-01-12,2026-01-16,4.0,LATE
17,108,2026-01-19,2026-01-22,3.0,PAID
17,109,2026-01-26,,,MISSED
17,110,2026-02-02,2026-02-04,2.0,PAID
17,111,2026-02-09,2026-02-11,2.0,PAID
17,112,2026-02-16,2026-02-16,0.0,PAID
17,113,2026-02-23,2026-02-26,3.0,PAID
17,114,2026-03-02,2026-03-06,4.0,LATE
17,115,2026-03-09,2026-03-11,2.0,PAID
17,116,2026-03-16,2026-03-18,2.0,PAID
17,117,2026-03-23,2026-03-24,1.0,PAID
17,118,2026-03-30,2026-04-03,4.0,LATE
17,119,2026-04-06,2026-04-07,1.0,PAID
17,120,2026-04-13,2026-04-16,3.0,PAID
17,121,2026-04-20,2026-04-23,3.0,PAID
17,122,2026-04-27,2026-04-30,3.0,PAID
17,123,2026-05-04,2026-05-08,4.0,LATE
17,124,2026-05-11,,,MISSED
17,125,2026-05-18,2026-05-23,5.0,LATE
17,126,2026-05-25,2026-05-28,3.0,PAID
17,127,2026-06-01,,,MISSED
17,128,2026-06-08,2026-06-10,2.0,PAID
17,129,2026-06-15,2026-06-19,4.0,LATE
17,130,2026-06-22,2026-06-24,2.0,PAID
17,131,2026-06-29,2026-07-03,4.0,LATE
17,132,2026-07-06,,,MISSED
17,133,2026-07-13,,,MISSED
17,134,2026-07-20,2026-07-23,3.0,PAID
17,135,2026-07-27,,,MISSED
17,136,2026-08-03,2026-08-06,3.0,PAID
17,137,2026-08-10,2026-08-17,7.0,LATE
17,138,2026-08-17,2026-08-17,0.0,PAID
17,139,2026-08-24,,,MISSED
17,140,2026-08-31,2026-09-01,1.0,PAID
17,141,2026-09-07,,,MISSED
17,142,2026-09-14,,,MISSED
17,143,2026-09-21,2026-09-26,5.0,LATE
17,144,2026-09-28,2026-10-02,4.0,LATE
17,145,2026-10-05,2026-10-10,5.0,LATE
17,146,2026-10-12,2026-10-17,5.0,LATE
17,147,2026-10-19,2026-10-20,1.0,PAID
17,148,2026-10-26,2026-10-30,4.0,LATE
17,149,2026-11-02,2026-11-04,2.0,PAID
17,150,2026-11-09,,,MISSED
17,151,2026-11-16,2026-11-22,6.0,LATE
17,152,2026-11-23,2026-11-26,3.0,PAID
17,153,2026-11-30,2026-12-03,3.0,PAID
17,154,2026-12-07,2026-12-11,4.0,LATE
17,155,2026-12-14,2026-12-15,1.0,PAID
17,156,2026-12-21,2026-12-23,2.0,PAID
18,1,2024-01-01,2024-01-10,9.0,LATE
18,2,2024-01-08,2024-01-13,5.0,LATE
18,3,2024-01-15,2024-01-17,2.0,PAID
18,4,2024-01-22,2024-01-28,6.0,LATE
18,5,2024-01-29,2024-02-03,5.0,LATE
18,6,2024-02-05,2024-02-10,5.0,LATE
18,7,2024-02-12,2024-02-16,4.0,LATE
18,8,2024-02-19,,,MISSED
18,9,2024-02-26,2024-03-03,6.0,LATE
18,10,2024-03-04,2024-03-08,4.0,LATE
18,11,2024-03-11,,,MISSED
18,12,2024-03-18,2024-03-24,6.0,LATE
18,13,2024-03-25,,,MISSED
18,14,2024-04-01,2024-04-06,5.0,LATE
18,15,2024-04-08,2024-04-16,8.0,LATE
18,16,2024-04-15,2024-04-20,5.0,LATE
18,17,2024-04-22,2024-04-28,6.0,LATE
18,18,2024-04-29,2024-05-02,3.0,PAID
18,19,2024-05-06,2024-05-12,6.0,LATE
18,20,2024-05-13,2024-05-19,6.0,LATE
18,21,2024-05-20,2024-05-27,7.0,LATE
18,22,2024-05-27,2024-06-04,8.0,LATE
18,23,2024-06-03,2024-06-08,5.0,LATE
18,24,2024-06-10,2024-06-17,7.0,LATE
18,25,2024-06-17,,,MISSED
18,26,2024-06-24,2024-07-02,8.0,LATE
18,27,2024-07-01,2024-07-09,8.0,LATE
18,28,2024-07-08,2024-07-12,4.0,LATE
18,29,2024-07-15,,,MISSED
18,30,2024-07-22,2024-07-26,4.0,LATE
18,31,2024-07-29,2024-08-10,12.0,LATE
18,32,2024-08-05,2024-08-12,7.0,LATE
18,33,2024-08-12,,,MISSED
18,34,2024-08-19,,,MISSED
18,35,2024-08-26,,,MISSED
18,36,2024-09-02,2024-09-08,6.0,LATE
18,37,2024-09-09,2024-09-15,6.0,LATE
18,38,2024-09-16,,,MISSED
18,39,2024-09-23,2024-09-27,4.0,LATE
18,40,2024-09-30,2024-10-06,6.0,LATE
18,41,2024-10-07,2024-10-12,5.0,LATE
18,42,2024-10-14,2024-10-18,4.0,LATE
18,43,2024-10-21,2024-10-28,7.0,LATE
18,44,2024-10-28,2024-11-02,5.0,LATE
18,45,2024-11-04,2024-11-13,9.0,LATE
18,46,2024-11-11,,,MISSED
18,47,2024-11-18,2024-11-23,5.0,LATE
18,48,2024-11-25,2024-12-04,9.0,LATE
18,49,2024-12-02,2024-12-07,5.0,LATE
18,50,2024-12-09,2024-12-12,3.0,PAID
18,51,2024-12-16,2024-12-24,8.0,LATE
18,52,2024-12-23,2024-12-27,4.0,LATE
18,53,2024-12-30,,,MISSED
18,54,2025-01-06,2025-01-09,3.0,PAID
18,55,2025-01-13,,,MISSED
18,56,2025-01-20,2025-01-26,6.0,LATE
18,57,2025-01-27,2025-02-03,7.0,LATE
18,58,2025-02-03,2025-02-08,5.0,LATE
18,59,2025-02-10,2025-02-16,6.0,LATE
18,60,2025-02-17,2025-02-21,4.0,LATE
18,61,2025-02-24,2025-03-05,9.0,LATE
18,62,2025-03-03,2025-03-07,4.0,LATE
18,63,2025-03-10,2025-03-13,3.0,PAID
18,64,2025-03-17,2025-03-20,3.0,PAID
18,65,2025-03-24,2025-03-26,2.0,PAID
18,66,2025-03-31,2025-04-04,4.0,LATE
18,67,2025-04-07,2025-04-14,7.0,LATE
18,68,2025-04-14,2025-04-22,8.0,LATE
18,69,2025-04-21,2025-04-24,3.0,PAID
18,70,2025-04-28,2025-05-02,4.0,LATE
18,71,2025-05-05,2025-05-11,6.0,LATE
18,72,2025-05-12,2025-05-16,4.0,LATE
18,73,2025-05-19,,,MISSED
18,74,2025-05-26,2025-05-30,4.0,LATE
18,75,2025-06-02,2025-06-07,5.0,LATE
18,76,2025-06-09,2025-06-14,5.0,LATE
18,77,2025-06-16,,,MISSED
18,78,2025-06-23,2025-06-24,1.0,PAID
18,79,2025-06-30,,,MISSED
18,80,2025-07-07,2025-07-11,4.0,LATE
18,81,2025-07-14,2025-07-20,6.0,LATE
18,82,2025-07-21,,,MISSED
18,83,2025-07-28,2025-08-03,6.0,LATE
18,84,2025-08-04,2025-08-05,1.0,PAID
18,85,2025-08-11,,,MISSED
18,86,2025-08-18,,,MISSED
18,87,2025-08-25,2025-09-02,8.0,LATE
18,88,2025-09-01,2025-09-06,5.0,LATE
18,89,2025-09-08,,,MISSED
18,90,2025-09-15,,,MISSED
18,91,2025-09-22,2025-09-27,5.0,LATE
18,92,2025-09-29,2025-10-03,4.0,LATE
18,93,2025-10-06,,,MISSED
18,94,2025-10-13,,,MISSED
18,95,2025-10-20,2025-10-21,1.0,PAID
18,96,2025-10-27,,,MISSED
18,97,2025-11-03,2025-11-09,6.0,LATE
18,98,2025-11-10,2025-11-13,3.0,PAID
18,99,2025-11-17,2025-11-26,9.0,LATE
18,100,2025-11-24,2025-11-29,5.0,LATE
18,101,2025-12-01,2025-12-05,4.0,LATE
18,102,2025-12-08,2025-12-16,8.0,LATE
18,103,2025-12-15,2025-12-20,5.0,LATE
18,104,2025-12-22,2025-12-27,5.0,LATE
18,105,2025-12-29,,,MISSED
18,106,2026-01-05,2026-01-06,1.0,PAID
18,107,2026-01-12,2026-01-14,2.0,PAID
18,108,2026-01-19,,,MISSED
18,109,2026-01-26,2026-01-27,1.0,PAID
18,110,2026-02-02,2026-02-07,5.0,LATE
18,111,2026-02-09,2026-02-18,9.0,LATE
18,112,2026-02-16,,,MISSED
18,113,2026-02-23,,,MISSED
18,114,2026-03-02,2026-03-05,3.0,PAID
18,115,2026-03-09,2026-03-11,2.0,PAID
18,116,2026-03-16,,,MISSED
18,117,2026-03-23,,,MISSED
18,118,2026-03-30,,,MISSED
18,119,2026-04-06,2026-04-09,3.0,PAID
18,120,2026-04-13,2026-04-16,3.0,PAID
18,121,2026-04-20,,,MISSED
18,122,2026-04-27,2026-05-02,5.0,LATE
18,123,2026-05-04,2026-05-12,8.0,LATE
18,124,2026-05-11,2026-05-17,6.0,LATE
18,125,2026-05-18,2026-05-26,8.0,LATE
18,126,2026-05-25,2026-06-02,8.0,LATE
18,127,2026-06-01,2026-06-05,4.0,LATE
18,128,2026-06-08,2026-06-14,6.0,LATE
18,129,2026-06-15,,,MISSED
18,130,2026-06-22,2026-06-26,4.0,LATE
18,131,2026-06-29,,,MISSED
18,132,2026-07-06,2026-07-15,9.0,LATE
18,133,2026-07-13,2026-07-18,5.0,LATE
18,134,2026-07-20,2026-07-23,3.0,PAID
18,135,2026-07-27,2026-07-30,3.0,PAID
18,136,2026-08-03,2026-08-09,6.0,LATE
18,137,2026-08-10,2026-08-16,6.0,LATE
18,138,2026-08-17,,,MISSED
18,139,2026-08-24,2026-08-31,7.0,LATE
18,140,2026-08-31,2026-09-06,6.0,LATE
18,141,2026-09-07,,,MISSED
18,142,2026-09-14,2026-09-17,3.0,PAID
18,143,2026-09-21,,,MISSED
18,144,2026-09-28,2026-10-01,3.0,PAID
18,145,2026-10-05,2026-10-09,4.0,LATE
18,146,2026-10-12,,,MISSED
18,147,2026-10-19,2026-10-24,5.0,LATE
18,148,2026-10-26,2026-10-29,3.0,PAID
18,149,2026-11-02,2026-11-07,5.0,LATE
18,150,2026-11-09,2026-11-11,2.0,PAID
18,151,2026-11-16,,,MISSED
18,152,2026-11-23,2026-11-29,6.0,LATE
18,153,2026-11-30,2026-12-09,9.0,LATE
18,154,2026-12-07,,,MISSED
18,155,2026-12-14,2026-12-16,2.0,PAID
18,156,2026-12-21,,,MISSED
19,1,2024-01-01,2024-01-02,1.0,PAID
19,2,2024-01-08,2024-01-08,0.0,PAID
19,3,2024-01-15,,,MISSED
19,4,2024-01-22,,,MISSED
19,5,2024-01-29,2024-01-29,0.0,PAID
19,6,2024-02-05,2024-02-08,3.0,PAID
19,7,2024-02-12,,,MISSED
19,8,2024-02-19,2024-02-21,2.0,PAID
19,9,2024-02-26,2024-02-29,3.0,PAID
19,10,2024-03-04,2024-03-07,3.0,PAID
19,11,2024-03-11,2024-03-13,2.0,PAID
19,12,2024-03-18,2024-03-20,2.0,PAID
19,13,2024-03-25,2024-03-29,4.0,LATE
19,14,2024-04-01,2024-04-03,2.0,PAID
19,15,2024-04-08,2024-04-11,3.0,PAID
19,16,2024-04-15,2024-04-18,3.0,PAID
19,17,2024-04-22,2024-04-24,2.0,PAID
19,18,2024-04-29,2024-05-01,2.0,PAID
19,19,2024-05-06,2024-05-06,0.0,PAID
19,20,2024-05-13,,,MISSED
19,21,2024-05-20,,,MISSED
19,22,2024-05-27,2024-05-28,1.0,PAID
19,23,2024-06-03,2024-06-06,3.0,PAID
19,24,2024-06-10,2024-06-13,3.0,PAID
19,25,2024-06-17,2024-06-19,2.0,PAID
19,26,2024-06-24,2024-06-28,4.0,LATE
19,27,2024-07-01,2024-07-03,2.0,PAID
19,28,2024-07-08,2024-07-10,2.0,PAID
19,29,2024-07-15,,,MISSED
19,30,2024-07-22,2024-07-23,1.0,PAID
19,31,2024-07-29,2024-07-30,1.0,PAID
19,32,2024-08-05,2024-08-06,1.0,PAID
19,33,2024-08-12,2024-08-13,1.0,PAID
19,34,2024-08-19,,,MISSED
19,35,2024-08-26,2024-08-28,2.0,PAID
19,36,2024-09-02,2024-09-04,2.0,PAID
19,37,2024-09-09,2024-09-14,5.0,LATE
19,38,2024-09-16,2024-09-18,2.0,PAID
19,39,2024-09-23,2024-09-25,2.0,PAID
19,40,2024-09-30,,,MISSED
19,41,2024-10-07,,,MISSED
19,42,2024-10-14,2024-10-14,0.0,PAID
19,43,2024-10-21,2024-10-25,4.0,LATE
19,44,2024-10-28,2024-11-01,4.0,LATE
19,45,2024-11-04,2024-11-05,1.0,PAID
19,46,2024-11-11,2024-11-15,4.0,LATE
19,47,2024-11-18,2024-11-21,3.0,PAID
19,48,2024-11-25,2024-11-30,5.0,LATE
19,49,2024-12-02,2024-12-03,1.0,PAID
19,50,2024-12-09,2024-12-10,1.0,PAID
19,51,2024-12-16,2024-12-16,0.0,PAID
19,52,2024-12-23,,,MISSED
19,53,2024-12-30,2025-01-02,3.0,PAID
19,54,2025-01-06,2025-01-10,4.0,LATE
19,55,2025-01-13,2025-01-14,1.0,PAID
19,56,2025-01-20,2025-01-20,0.0,PAID
19,57,2025-01-27,2025-01-30,3.0,PAID
19,58,2025-02-03,2025-02-05,2.0,PAID
19,59,2025-02-10,2025-02-13,3.0,PAID
19,60,2025-02-17,2025-02-21,4.0,LATE
19,61,2025-02-24,2025-02-25,1.0,PAID
19,62,2025-03-03,2025-03-06,3.0,PAID
19,63,2025-03-10,2025-03-15,5.0,LATE
19,64,2025-03-17,,,MISSED
19,65,2025-03-24,,,MISSED
19,66,2025-03-31,2025-04-01,1.0,PAID
19,67,2025-04-07,2025-04-09,2.0,PAID
19,68,2025-04-14,2025-04-14,0.0,PAID
19,69,2025-04-21,2025-04-24,3.0,PAID
19,70,2025-04-28,2025-04-30,2.0,PAID
19,71,2025-05-05,2025-05-08,3.0,PAID
19,72,2025-05-12,2025-05-17,5.0,LATE
19,73,2025-05-19,,,MISSED
19,74,2025-05-26,,,MISSED
19,75,2025-06-02,2025-06-05,3.0,PAID
19,76,2025-06-09,2025-06-13,4.0,LATE
19,77,2025-06-16,2025-06-22,6.0,LATE
19,78,2025-06-23,2025-06-25,2.0,PAID
19,79,2025-06-30,2025-07-07,7.0,LATE
19,80,2025-07-07,2025-07-09,2.0,PAID
19,81,2025-07-14,2025-07-17,3.0,PAID
19,82,2025-07-21,2025-07-23,2.0,PAID
19,83,2025-07-28,,,MISSED
19,84,2025-08-04,,,MISSED
19,85,2025-08-11,,,MISSED
19,86,2025-08-18,2025-08-19,1.0,PAID
19,87,2025-08-25,2025-08-27,2.0,PAID
19,88,2025-09-01,2025-09-02,1.0,PAID
19,89,2025-09-08,2025-09-10,2.0,PAID
19,90,2025-09-15,,,MISSED
19,91,2025-09-22,,,MISSED
19,92,2025-09-29,,,MISSED
19,93,2025-10-06,2025-10-07,1.0,PAID
19,94,2025-10-13,2025-10-15,2.0,PAID
19,95,2025-10-20,,,MISSED
19,96,2025-10-27,2025-10-29,2.0,PAID
19,97,2025-11-03,,,MISSED
19,98,2025-11-10,,,MISSED
19,99,2025-11-17,2025-11-23,6.0,LATE
19,100,2025-11-24,2025-11-26,2.0,PAID
19,101,2025-12-01,2025-12-06,5.0,LATE
19,102,2025-12-08,2025-12-12,4.0,LATE
19,103,2025-12-15,2025-12-16,1.0,PAID
19,104,2025-12-22,2025-12-22,0.0,PAID
19,105,2025-12-29,,,MISSED
19,106,2026-01-05,2026-01-09,4.0,LATE
19,107,2026-01-12,2026-01-16,4.0,LATE
19,108,2026-01-19,2026-01-22,3.0,PAID
19,109,2026-01-26,,,MISSED
19,110,2026-02-02,2026-02-05,3.0,PAID
19,111,2026-02-09,2026-02-14,5.0,LATE
19,112,2026-02-16,2026-02-19,3.0,PAID
19,113,2026-02-23,2026-02-24,1.0,PAID
19,114,2026-03-02,2026-03-04,2.0,PAID
19,115,2026-03-09,,,MISSED
19,116,2026-03-16,2026-03-16,0.0,PAID
19,117,2026-03-23,2026-03-26,3.0,PAID
19,118,2026-03-30,,,MISSED
19,119,2026-04-06,2026-04-07,1.0,PAID
19,120,2026-04-13,,,MISSED
19,121,2026-04-20,,,MISSED
19,122,2026-04-27,2026-05-01,4.0,LATE
19,123,2026-05-04,2026-05-07,3.0,PAID
19,124,2026-05-11,2026-05-14,3.0,PAID
19,125,2026-05-18,2026-05-22,4.0,LATE
19,126,2026-05-25,2026-05-27,2.0,PAID
19,127,2026-06-01,2026-06-02,1.0,PAID
19,128,2026-06-08,2026-06-10,2.0,PAID
19,129,2026-06-15,,,MISSED
19,130,2026-06-22,2026-06-25,3.0,PAID
19,131,2026-06-29,,,MISSED
19,132,2026-07-06,2026-07-09,3.0,PAID
19,133,2026-07-13,2026-07-15,2.0,PAID
19,134,2026-07-20,2026-07-20,0.0,PAID
19,135,2026-07-27,2026-07-28,1.0,PAID
19,136,2026-08-03,2026-08-05,2.0,PAID
19,137,2026-08-10,2026-08-11,1.0,PAID
19,138,2026-08-17,2026-08-21,4.0,LATE
19,139,2026-08-24,2026-08-29,5.0,LATE
19,140,2026-08-31,2026-09-02,2.0,PAID
19,141,2026-09-07,2026-09-10,3.0,PAID
19,142,2026-09-14,2026-09-15,1.0,PAID
19,143,2026-09-21,,,MISSED
19,144,2026-09-28,,,MISSED
19,145,2026-10-05,2026-10-05,0.0,PAID
19,146,2026-10-12,2026-10-14,2.0,PAID
19,147,2026-10-19,2026-10-23,4.0,LATE
19,148,2026-10-26,2026-10-27,1.0,PAID
19,149,2026-11-02,2026-11-03,1.0,PAID
19,150,2026-11-09,2026-11-11,2.0,PAID
19,151,2026-11-16,2026-11-20,4.0,LATE
19,152,2026-11-23,2026-11-23,0.0,PAID
19,153,2026-11-30,2026-12-01,1.0,PAID
19,154,2026-12-07,2026-12-09,2.0,PAID
19,155,2026-12-14,2026-12-15,1.0,PAID
19,156,2026-12-21,2026-12-22,1.0,PAID
20,1,2024-01-01,,,MISSED
20,2,2024-01-08,,,MISSED
20,3,2024-01-15,2024-01-20,5.0,LATE
20,4,2024-01-22,2024-01-24,2.0,PAID
20,5,2024-01-29,2024-02-02,4.0,LATE
20,6,2024-02-05,2024-02-08,3.0,PAID
20,7,2024-02-12,2024-02-16,4.0,LATE
20,8,2024-02-19,,,MISSED
20,9,2024-02-26,,,MISSED
20,10,2024-03-04,,,MISSED
20,11,2024-03-11,2024-03-16,5.0,LATE
20,12,2024-03-18,,,MISSED
20,13,2024-03-25,2024-03-28,3.0,PAID
20,14,2024-04-01,2024-04-10,9.0,LATE
20,15,2024-04-08,2024-04-14,6.0,LATE
20,16,2024-04-15,2024-04-20,5.0,LATE
20,17,2024-04-22,2024-04-24,2.0,PAID
20,18,2024-04-29,2024-05-01,2.0,PAID
20,19,2024-05-06,2024-05-10,4.0,LATE
20,20,2024-05-13,2024-05-19,6.0,LATE
20,21,2024-05-20,,,MISSED
20,22,2024-05-27,2024-06-02,6.0,LATE
20,23,2024-06-03,2024-06-07,4.0,LATE
20,24,2024-06-10,2024-06-13,3.0,PAID
20,25,2024-06-17,2024-06-19,2.0,PAID
20,26,2024-06-24,,,MISSED
20,27,2024-07-01,,,MISSED
20,28,2024-07-08,2024-07-13,5.0,LATE
20,29,2024-07-15,,,MISSED
20,30,2024-07-22,2024-07-29,7.0,LATE
20,31,2024-07-29,2024-08-04,6.0,LATE
20,32,2024-08-05,2024-08-10,5.0,LATE
20,33,2024-08-12,2024-08-17,5.0,LATE
20,34,2024-08-19,,,MISSED
20,35,2024-08-26,2024-08-31,5.0,LATE
20,36,2024-09-02,2024-09-04,2.0,PAID
20,37,2024-09-09,2024-09-19,10.0,LATE
20,38,2024-09-16,2024-09-22,6.0,LATE
20,39,2024-09-23,2024-09-25,2.0,PAID
20,40,2024-09-30,2024-10-03,3.0,PAID
20,41,2024-10-07,2024-10-11,4.0,LATE
20,42,2024-10-14,2024-10-17,3.0,PAID
20,43,2024-10-21,2024-10-24,3.0,PAID
20,44,2024-10-28,,,MISSED
20,45,2024-11-04,,,MISSED
20,46,2024-11-11,2024-11-16,5.0,LATE
20,47,2024-11-18,2024-11-23,5.0,LATE
20,48,2024-11-25,2024-12-05,10.0,LATE
20,49,2024-12-02,2024-12-04,2.0,PAID
20,50,2024-12-09,2024-12-14,5.0,LATE
20,51,2024-12-16,,,MISSED
20,52,2024-12-23,,,MISSED
20,53,2024-12-30,2025-01-02,3.0,PAID
20,54,2025-01-06,2025-01-09,3.0,PAID
20,55,2025-01-13,2025-01-17,4.0,LATE
20,56,2025-01-20,2025-01-24,4.0,LATE
20,57,2025-01-27,2025-02-02,6.0,LATE
20,58,2025-02-03,2025-02-04,1.0,PAID
20,59,2025-02-10,2025-02-12,2.0,PAID
20,60,2025-02-17,2025-02-21,4.0,LATE
20,61,2025-02-24,2025-02-24,0.0,PAID
20,62,2025-03-03,2025-03-10,7.0,LATE
20,63,2025-03-10,,,MISSED
20,64,2025-03-17,2025-03-20,3.0,PAID
20,65,2025-03-24,,,MISSED
20,66,2025-03-31,2025-04-07,7.0,LATE
20,67,2025-04-07,,,MISSED
20,68,2025-04-14,,,MISSED
20,69,2025-04-21,2025-04-24,3.0,PAID
20,70,2025-04-28,2025-05-03,5.0,LATE
20,71,2025-05-05,2025-05-06,1.0,PAID
20,72,2025-05-12,2025-05-17,5.0,LATE
20,73,2025-05-19,2025-05-22,3.0,PAID
20,74,2025-05-26,2025-05-30,4.0,LATE
20,75,2025-06-02,,,MISSED
20,76,2025-06-09,2025-06-12,3.0,PAID
20,77,2025-06-16,,,MISSED
20,78,2025-06-23,2025-06-25,2.0,PAID
20,79,2025-06-30,2025-07-09,9.0,LATE
20,80,2025-07-07,2025-07-13,6.0,LATE
20,81,2025-07-14,2025-07-18,4.0,LATE
20,82,2025-07-21,2025-07-22,1.0,PAID
20,83,2025-07-28,2025-07-30,2.0,PAID
20,84,2025-08-04,,,MISSED
20,85,2025-08-11,2025-08-14,3.0,PAID
20,86,2025-08-18,2025-08-22,4.0,LATE
20,87,2025-08-25,2025-09-02,8.0,LATE
20,88,2025-09-01,2025-09-07,6.0,LATE
20,89,2025-09-08,2025-09-13,5.0,LATE
20,90,2025-09-15,2025-09-20,5.0,LATE
20,91,2025-09-22,2025-09-25,3.0,PAID
20,92,2025-09-29,2025-10-05,6.0,LATE
20,93,2025-10-06,,,MISSED
20,94,2025-10-13,,,MISSED
20,95,2025-10-20,2025-10-23,3.0,PAID
20,96,2025-10-27,2025-10-30,3.0,PAID
20,97,2025-11-03,2025-11-06,3.0,PAID
20,98,2025-11-10,2025-11-12,2.0,PAID
20,99,2025-11-17,2025-11-20,3.0,PAID
20,100,2025-11-24,,,MISSED
20,101,2025-12-01,2025-12-07,6.0,LATE
20,102,2025-12-08,2025-12-11,3.0,PAID
20,103,2025-12-15,2025-12-20,5.0,LATE
20,104,2025-12-22,2025-12-24,2.0,PAID
20,105,2025-12-29,2026-01-02,4.0,LATE
20,106,2026-01-05,2026-01-07,2.0,PAID
20,107,2026-01-12,,,MISSED
20,108,2026-01-19,,,MISSED
20,109,2026-01-26,2026-02-01,6.0,LATE
20,110,2026-02-02,,,MISSED
20,111,2026-02-09,2026-02-12,3.0,PAID
20,112,2026-02-16,2026-02-21,5.0,LATE
20,113,2026-02-23,2026-02-25,2.0,PAID
20,114,2026-03-02,2026-03-05,3.0,PAID
20,115,2026-03-09,,,MISSED
20,116,2026-03-16,,,MISSED
20,117,2026-03-23,,,MISSED
20,118,2026-03-30,2026-04-05,6.0,LATE
20,119,2026-04-06,2026-04-08,2.0,PAID
20,120,2026-04-13,2026-04-17,4.0,LATE
20,121,2026-04-20,,,MISSED
20,122,2026-04-27,2026-04-30,3.0,PAID
20,123,2026-05-04,,,MISSED
20,124,2026-05-11,2026-05-17,6.0,LATE
20,125,2026-05-18,,,MISSED
20,126,2026-05-25,,,MISSED
20,127,2026-06-01,2026-06-05,4.0,LATE
20,128,2026-06-08,,,MISSED
20,129,2026-06-15,,,MISSED
20,130,2026-06-22,,,MISSED
20,131,2026-06-29,,,MISSED
20,132,2026-07-06,,,MISSED
20,133,2026-07-13,2026-07-18,5.0,LATE
20,134,2026-07-20,,,MISSED
20,135,2026-07-27,,,MISSED
20,136,2026-08-03,2026-08-06,3.0,PAID
20,137,2026-08-10,2026-08-19,9.0,LATE
20,138,2026-08-17,2026-08-20,3.0,PAID
20,139,2026-08-24,2026-08-28,4.0,LATE
20,140,2026-08-31,2026-09-04,4.0,LATE
20,141,2026-09-07,,,MISSED
20,142,2026-09-14,,,MISSED
20,143,2026-09-21,,,MISSED
20,144,2026-09-28,2026-10-02,4.0,LATE
20,145,2026-10-05,,,MISSED
20,146,2026-10-12,,,MISSED
20,147,2026-10-19,2026-10-20,1.0,PAID
20,148,2026-10-26,2026-10-29,3.0,PAID
20,149,2026-11-02,2026-11-05,3.0,PAID
20,150,2026-11-09,2026-11-12,3.0,PAID
20,151,2026-11-16,,,MISSED
20,152,2026-11-23,,,MISSED
20,153,2026-11-30,2026-12-04,4.0,LATE
20,154,2026-12-07,,,MISSED
20,155,2026-12-14,,,MISSED
20,156,2026-12-21,,,MISSED
21,1,2024-01-01,2024-01-05,4.0,LATE
21,2,2024-01-08,2024-01-14,6.0,LATE
21,3,2024-01-15,2024-01-20,5.0,LATE
21,4,2024-01-22,,,MISSED
21,5,2024-01-29,,,MISSED
21,6,2024-02-05,2024-02-14,9.0,LATE
21,7,2024-02-12,2024-02-20,8.0,LATE
21,8,2024-02-19,2024-02-24,5.0,LATE
21,9,2024-02-26,2024-03-03,6.0,LATE
21,10,2024-03-04,,,MISSED
21,11,2024-03-11,2024-03-19,8.0,LATE
21,12,2024-03-18,2024-03-21,3.0,PAID
21,13,2024-03-25,,,MISSED
21,14,2024-04-01,,,MISSED
21,15,2024-04-08,2024-04-16,8.0,LATE
21,16,2024-04-15,2024-04-21,6.0,LATE
21,17,2024-04-22,2024-04-29,7.0,LATE
21,18,2024-04-29,2024-05-04,5.0,LATE
21,19,2024-05-06,2024-05-11,5.0,LATE
21,20,2024-05-13,2024-05-17,4.0,LATE
21,21,2024-05-20,,,MISSED
21,22,2024-05-27,2024-06-03,7.0,LATE
21,23,2024-06-03,,,MISSED
21,24,2024-06-10,2024-06-21,11.0,LATE
21,25,2024-06-17,2024-06-27,10.0,LATE
21,26,2024-06-24,,,MISSED
21,27,2024-07-01,2024-07-07,6.0,LATE
21,28,2024-07-08,,,MISSED
21,29,2024-07-15,,,MISSED
21,30,2024-07-22,2024-07-25,3.0,PAID
21,31,2024-07-29,2024-08-04,6.0,LATE
21,32,2024-08-05,,,MISSED
21,33,2024-08-12,2024-08-18,6.0,LATE
21,34,2024-08-19,2024-08-26,7.0,LATE
21,35,2024-08-26,2024-08-29,3.0,PAID
21,36,2024-09-02,2024-09-10,8.0,LATE
21,37,2024-09-09,2024-09-13,4.0,LATE
21,38,2024-09-16,2024-09-20,4.0,LATE
21,39,2024-09-23,2024-09-25,2.0,PAID
21,40,2024-09-30,2024-10-04,4.0,LATE
21,41,2024-10-07,2024-10-11,4.0,LATE
21,42,2024-10-14,2024-10-23,9.0,LATE
21,43,2024-10-21,2024-10-27,6.0,LATE
21,44,2024-10-28,2024-10-31,3.0,PAID
21,45,2024-11-04,2024-11-09,5.0,LATE
21,46,2024-11-11,2024-11-14,3.0,PAID
21,47,2024-11-18,,,MISSED
21,48,2024-11-25,2024-12-04,9.0,LATE
21,49,2024-12-02,2024-12-06,4.0,LATE
21,50,2024-12-09,2024-12-14,5.0,LATE
21,51,2024-12-16,2024-12-21,5.0,LATE
21,52,2024-12-23,,,MISSED
21,53,2024-12-30,2025-01-03,4.0,LATE
21,54,2025-01-06,2025-01-13,7.0,LATE
21,55,2025-01-13,2025-01-20,7.0,LATE
21,56,2025-01-20,2025-01-27,7.0,LATE
21,57,2025-01-27,,,MISSED
21,58,2025-02-03,2025-02-09,6.0,LATE
21,59,2025-02-10,2025-02-21,11.0,LATE
21,60,2025-02-17,2025-02-25,8.0,LATE
21,61,2025-02-24,,,MISSED
21,62,2025-03-03,2025-03-11,8.0,LATE
21,63,2025-03-10,,,MISSED
21,64,2025-03-17,,,MISSED
21,65,2025-03-24,2025-04-01,8.0,LATE
21,66,2025-03-31,2025-04-02,2.0,PAID
21,67,2025-04-07,,,MISSED
21,68,2025-04-14,,,MISSED
21,69,2025-04-21,,,MISSED
21,70,2025-04-28,2025-05-05,7.0,LATE
21,71,2025-05-05,2025-05-07,2.0,PAID
21,72,2025-05-12,2025-05-17,5.0,LATE
21,73,2025-05-19,2025-06-01,13.0,LATE
21,74,2025-05-26,2025-05-31,5.0,LATE
21,75,2025-06-02,,,MISSED
21,76,2025-06-09,2025-06-18,9.0,LATE
21,77,2025-06-16,2025-06-21,5.0,LATE
21,78,2025-06-23,2025-06-29,6.0,LATE
21,79,2025-06-30,2025-07-07,7.0,LATE
21,80,2025-07-07,,,MISSED
21,81,2025-07-14,,,MISSED
21,82,2025-07-21,2025-07-29,8.0,LATE
21,83,2025-07-28,2025-08-02,5.0,LATE
21,84,2025-08-04,,,MISSED
21,85,2025-08-11,2025-08-14,3.0,PAID
21,86,2025-08-18,2025-08-24,6.0,LATE
21,87,2025-08-25,,,MISSED
21,88,2025-09-01,2025-09-13,12.0,LATE
21,89,2025-09-08,2025-09-18,10.0,LATE
21,90,2025-09-15,2025-09-19,4.0,LATE
21,91,2025-09-22,2025-09-27,5.0,LATE
21,92,2025-09-29,2025-10-05,6.0,LATE
21,93,2025-10-06,2025-10-15,9.0,LATE
21,94,2025-10-13,2025-10-17,4.0,LATE
21,95,2025-10-20,,,MISSED
21,96,2025-10-27,,,MISSED
21,97,2025-11-03,2025-11-09,6.0,LATE
21,98,2025-11-10,2025-11-15,5.0,LATE
21,99,2025-11-17,2025-11-23,6.0,LATE
21,100,2025-11-24,,,MISSED
21,101,2025-12-01,2025-12-04,3.0,PAID
21,102,2025-12-08,2025-12-12,4.0,LATE
21,103,2025-12-15,2025-12-21,6.0,LATE
21,104,2025-12-22,,,MISSED
21,105,2025-12-29,,,MISSED
21,106,2026-01-05,,,MISSED
21,107,2026-01-12,2026-01-17,5.0,LATE
21,108,2026-01-19,,,MISSED
21,109,2026-01-26,2026-01-28,2.0,PAID
21,110,2026-02-02,2026-02-06,4.0,LATE
21,111,2026-02-09,2026-02-17,8.0,LATE
21,112,2026-02-16,2026-02-22,6.0,LATE
21,113,2026-02-23,,,MISSED
21,114,2026-03-02,,,MISSED
21,115,2026-03-09,2026-03-16,7.0,LATE
21,116,2026-03-16,2026-03-26,10.0,LATE
21,117,2026-03-23,2026-03-28,5.0,LATE
21,118,2026-03-30,2026-04-09,10.0,LATE
21,119,2026-04-06,2026-04-09,3.0,PAID
21,120,2026-04-13,2026-04-19,6.0,LATE
21,121,2026-04-20,,,MISSED
21,122,2026-04-27,2026-04-30,3.0,PAID
21,123,2026-05-04,2026-05-10,6.0,LATE
21,124,2026-05-11,,,MISSED
21,125,2026-05-18,2026-05-22,4.0,LATE
21,126,2026-05-25,2026-05-30,5.0,LATE
21,127,2026-06-01,2026-06-04,3.0,PAID
21,128,2026-06-08,2026-06-11,3.0,PAID
21,129,2026-06-15,,,MISSED
21,130,2026-06-22,2026-06-28,6.0,LATE
21,131,2026-06-29,,,MISSED
21,132,2026-07-06,,,MISSED
21,133,2026-07-13,2026-07-18,5.0,LATE
21,134,2026-07-20,,,MISSED
21,135,2026-07-27,2026-07-31,4.0,LATE
21,136,2026-08-03,2026-08-10,7.0,LATE
21,137,2026-08-10,2026-08-14,4.0,LATE
21,138,2026-08-17,2026-08-31,14.0,LATE
21,139,2026-08-24,2026-08-30,6.0,LATE
21,140,2026-08-31,2026-09-06,6.0,LATE
21,141,2026-09-07,,,MISSED
21,142,2026-09-14,2026-09-22,8.0,LATE
21,143,2026-09-21,2026-09-24,3.0,PAID
21,144,2026-09-28,2026-10-06,8.0,LATE
21,145,2026-10-05,2026-10-09,4.0,LATE
21,146,2026-10-12,,,MISSED
21,147,2026-10-19,2026-10-24,5.0,LATE
21,148,2026-10-26,2026-10-29,3.0,PAID
21,149,2026-11-02,2026-11-05,3.0,PAID
21,150,2026-11-09,,,MISSED
21,151,2026-11-16,2026-11-23,7.0,LATE
21,152,2026-11-23,2026-11-26,3.0,PAID
21,153,2026-11-30,,,MISSED
21,154,2026-12-07,,,MISSED
21,155,2026-12-14,,,MISSED
21,156,2026-12-21,2026-12-25,4.0,LATE
22,1,2024-01-01,2024-01-04,3.0,PAID
22,2,2024-01-08,2024-01-09,1.0,PAID
22,3,2024-01-15,,,MISSED
22,4,2024-01-22,2024-01-24,2.0,PAID
22,5,2024-01-29,2024-02-02,4.0,LATE
22,6,2024-02-05,,,MISSED
22,7,2024-02-12,2024-02-17,5.0,LATE
22,8,2024-02-19,2024-02-22,3.0,PAID
22,9,2024-02-26,2024-03-04,7.0,LATE
22,10,2024-03-04,2024-03-09,5.0,LATE
22,11,2024-03-11,2024-03-13,2.0,PAID
22,12,2024-03-18,,,MISSED
22,13,2024-03-25,,,MISSED
22,14,2024-04-01,2024-04-04,3.0,PAID
22,15,2024-04-08,2024-04-12,4.0,LATE
22,16,2024-04-15,2024-04-16,1.0,PAID
22,17,2024-04-22,2024-04-23,1.0,PAID
22,18,2024-04-29,,,MISSED
22,19,2024-05-06,2024-05-12,6.0,LATE
22,20,2024-05-13,2024-05-16,3.0,PAID
22,21,2024-05-20,2024-05-20,0.0,PAID
22,22,2024-05-27,2024-06-04,8.0,LATE
22,23,2024-06-03,2024-06-09,6.0,LATE
22,24,2024-06-10,2024-06-13,3.0,PAID
22,25,2024-06-17,,,MISSED
22,26,2024-06-24,2024-06-27,3.0,PAID
22,27,2024-07-01,2024-07-03,2.0,PAID
22,28,2024-07-08,,,MISSED
22,29,2024-07-15,2024-07-18,3.0,PAID
22,30,2024-07-22,2024-07-23,1.0,PAID
22,31,2024-07-29,2024-08-01,3.0,PAID
22,32,2024-08-05,2024-08-09,4.0,LATE
22,33,2024-08-12,2024-08-14,2.0,PAID
22,34,2024-08-19,2024-08-22,3.0,PAID
22,35,2024-08-26,2024-08-27,1.0,PAID
22,36,2024-09-02,,,MISSED
22,37,2024-09-09,,,MISSED
22,38,2024-09-16,2024-09-17,1.0,PAID
22,39,2024-09-23,2024-09-28,5.0,LATE
22,40,2024-09-30,2024-10-04,4.0,LATE
22,41,2024-10-07,2024-10-10,3.0,PAID
22,42,2024-10-14,,,MISSED
22,43,2024-10-21,2024-10-27,6.0,LATE
22,44,2024-10-28,2024-10-30,2.0,PAID
22,45,2024-11-04,,,MISSED
22,46,2024-11-11,2024-11-15,4.0,LATE
22,47,2024-11-18,2024-11-22,4.0,LATE
22,48,2024-11-25,2024-12-01,6.0,LATE
22,49,2024-12-02,2024-12-07,5.0,LATE
22,50,2024-12-09,2024-12-16,7.0,LATE
22,51,2024-12-16,,,MISSED
22,52,2024-12-23,,,MISSED
22,53,2024-12-30,,,MISSED
22,54,2025-01-06,2025-01-07,1.0,PAID
22,55,2025-01-13,,,MISSED
22,56,2025-01-20,2025-01-21,1.0,PAID
22,57,2025-01-27,2025-02-01,5.0,LATE
22,58,2025-02-03,2025-02-08,5.0,LATE
22,59,2025-02-10,2025-02-17,7.0,LATE
22,60,2025-02-17,2025-02-21,4.0,LATE
22,61,2025-02-24,2025-03-02,6.0,LATE
22,62,2025-03-03,2025-03-05,2.0,PAID
22,63,2025-03-10,2025-03-13,3.0,PAID
22,64,2025-03-17,2025-03-19,2.0,PAID
22,65,2025-03-24,2025-03-29,5.0,LATE
22,66,2025-03-31,2025-04-06,6.0,LATE
22,67,2025-04-07,,,MISSED
22,68,2025-04-14,,,MISSED
22,69,2025-04-21,2025-04-30,9.0,LATE
22,70,2025-04-28,2025-05-01,3.0,PAID
22,71,2025-05-05,2025-05-10,5.0,LATE
22,72,2025-05-12,2025-05-15,3.0,PAID
22,73,2025-05-19,2025-05-20,1.0,PAID
22,74,2025-05-26,2025-05-29,3.0,PAID
22,75,2025-06-02,,,MISSED
22,76,2025-06-09,2025-06-11,2.0,PAID
22,77,2025-06-16,,,MISSED
22,78,2025-06-23,,,MISSED
22,79,2025-06-30,,,MISSED
22,80,2025-07-07,2025-07-10,3.0,PAID
22,81,2025-07-14,2025-07-20,6.0,LATE
22,82,2025-07-21,2025-07-23,2.0,PAID
22,83,2025-07-28,,,MISSED
22,84,2025-08-04,2025-08-07,3.0,PAID
22,85,2025-08-11,2025-08-13,2.0,PAID
22,86,2025-08-18,2025-08-20,2.0,PAID
22,87,2025-08-25,2025-08-27,2.0,PAID
22,88,2025-09-01,2025-09-03,2.0,PAID
22,89,2025-09-08,,,MISSED
22,90,2025-09-15,,,MISSED
22,91,2025-09-22,2025-09-26,4.0,LATE
22,92,2025-09-29,2025-10-02,3.0,PAID
22,93,2025-10-06,,,MISSED
22,94,2025-10-13,2025-10-18,5.0,LATE
22,95,2025-10-20,,,MISSED
22,96,2025-10-27,2025-10-30,3.0,PAID
22,97,2025-11-03,2025-11-05,2.0,PAID
22,98,2025-11-10,2025-11-15,5.0,LATE
22,99,2025-11-17,2025-11-19,2.0,PAID
22,100,2025-11-24,2025-11-28,4.0,LATE
22,101,2025-12-01,,,MISSED
22,102,2025-12-08,2025-12-12,4.0,LATE
22,103,2025-12-15,2025-12-19,4.0,LATE
22,104,2025-12-22,2025-12-26,4.0,LATE
22,105,2025-12-29,2026-01-02,4.0,LATE
22,106,2026-01-05,2026-01-07,2.0,PAID
22,107,2026-01-12,2026-01-13,1.0,PAID
22,108,2026-01-19,2026-01-22,3.0,PAID
22,109,2026-01-26,2026-01-29,3.0,PAID
22,110,2026-02-02,2026-02-02,0.0,PAID
22,111,2026-02-09,,,MISSED
22,112,2026-02-16,2026-02-20,4.0,LATE
22,113,2026-02-23,2026-02-25,2.0,PAID
22,114,2026-03-02,2026-03-05,3.0,PAID
22,115,2026-03-09,2026-03-12,3.0,PAID
22,116,2026-03-16,2026-03-22,6.0,LATE
22,117,2026-03-23,2026-03-29,6.0,LATE
22,118,2026-03-30,2026-04-01,2.0,PAID
22,119,2026-04-06,2026-04-11,5.0,LATE
22,120,2026-04-13,2026-04-18,5.0,LATE
22,121,2026-04-20,,,MISSED
22,122,2026-04-27,,,MISSED
22,123,2026-05-04,2026-05-07,3.0,PAID
22,124,2026-05-11,2026-05-17,6.0,LATE
22,125,2026-05-18,2026-05-21,3.0,PAID
22,126,2026-05-25,,,MISSED
22,127,2026-06-01,,,MISSED
22,128,2026-06-08,2026-06-10,2.0,PAID
22,129,2026-06-15,,,MISSED
22,130,2026-06-22,2026-06-24,2.0,PAID
22,131,2026-06-29,2026-07-02,3.0,PAID
22,132,2026-07-06,,,MISSED
22,133,2026-07-13,2026-07-16,3.0,PAID
22,134,2026-07-20,2026-07-23,3.0,PAID
22,135,2026-07-27,2026-07-29,2.0,PAID
22,136,2026-08-03,2026-08-05,2.0,PAID
22,137,2026-08-10,,,MISSED
22,138,2026-08-17,,,MISSED
22,139,2026-08-24,2026-08-29,5.0,LATE
22,140,2026-08-31,2026-09-02,2.0,PAID
22,141,2026-09-07,,,MISSED
22,142,2026-09-14,2026-09-20,6.0,LATE
22,143,2026-09-21,,,MISSED
22,144,2026-09-28,,,MISSED
22,145,2026-10-05,2026-10-05,0.0,PAID
22,146,2026-10-12,2026-10-14,2.0,PAID
22,147,2026-10-19,2026-10-21,2.0,PAID
22,148,2026-10-26,,,MISSED
22,149,2026-11-02,2026-11-08,6.0,LATE
22,150,2026-11-09,,,MISSED
22,151,2026-11-16,,,MISSED
22,152,2026-11-23,2026-11-27,4.0,LATE
22,153,2026-11-30,,,MISSED
22,154,2026-12-07,,,MISSED
22,155,2026-12-14,2026-12-17,3.0,PAID
22,156,2026-12-21,2026-12-27,6.0,LATE
23,1,2024-01-01,2024-01-06,5.0,LATE
23,2,2024-01-08,2024-01-09,1.0,PAID
23,3,2024-01-15,,,MISSED
23,4,2024-01-22,2024-01-22,0.0,PAID
23,5,2024-01-29,2024-01-30,1.0,PAID
23,6,2024-02-05,2024-02-10,5.0,LATE
23,7,2024-02-12,2024-02-12,0.0,PAID
23,8,2024-02-19,2024-02-22,3.0,PAID
23,9,2024-02-26,,,MISSED
23,10,2024-03-04,2024-03-05,1.0,PAID
23,11,2024-03-11,2024-03-12,1.0,PAID
23,12,2024-03-18,2024-03-19,1.0,PAID
23,13,2024-03-25,2024-03-25,0.0,PAID
23,14,2024-04-01,2024-04-04,3.0,PAID
23,15,2024-04-08,2024-04-12,4.0,LATE
23,16,2024-04-15,2024-04-17,2.0,PAID
23,17,2024-04-22,,,MISSED
23,18,2024-04-29,2024-05-03,4.0,LATE
23,19,2024-05-06,,,MISSED
23,20,2024-05-13,2024-05-20,7.0,LATE
23,21,2024-05-20,2024-05-23,3.0,PAID
23,22,2024-05-27,,,MISSED
23,23,2024-06-03,,,MISSED
23,24,2024-06-10,,,MISSED
23,25,2024-06-17,2024-06-19,2.0,PAID
23,26,2024-06-24,2024-06-27,3.0,PAID
23,27,2024-07-01,2024-07-04,3.0,PAID
23,28,2024-07-08,2024-07-09,1.0,PAID
23,29,2024-07-15,2024-07-17,2.0,PAID
23,30,2024-07-22,2024-07-23,1.0,PAID
23,31,2024-07-29,2024-07-31,2.0,PAID
23,32,2024-08-05,2024-08-07,2.0,PAID
23,33,2024-08-12,,,MISSED
23,34,2024-08-19,2024-08-20,1.0,PAID
23,35,2024-08-26,2024-08-29,3.0,PAID
23,36,2024-09-02,2024-09-04,2.0,PAID
23,37,2024-09-09,2024-09-11,2.0,PAID
23,38,2024-09-16,,,MISSED
23,39,2024-09-23,2024-09-28,5.0,LATE
23,40,2024-09-30,2024-10-02,2.0,PAID
23,41,2024-10-07,2024-10-09,2.0,PAID
23,42,2024-10-14,2024-10-18,4.0,LATE
23,43,2024-10-21,2024-10-23,2.0,PAID
23,44,2024-10-28,2024-10-30,2.0,PAID
23,45,2024-11-04,,,MISSED
23,46,2024-11-11,2024-11-14,3.0,PAID
23,47,2024-11-18,,,MISSED
23,48,2024-11-25,2024-12-01,6.0,LATE
23,49,2024-12-02,2024-12-05,3.0,PAID
23,50,2024-12-09,,,MISSED
23,51,2024-12-16,2024-12-22,6.0,LATE
23,52,2024-12-23,2024-12-25,2.0,PAID
23,53,2024-12-30,2025-01-01,2.0,PAID
23,54,2025-01-06,2025-01-08,2.0,PAID
23,55,2025-01-13,2025-01-16,3.0,PAID
23,56,2025-01-20,,,MISSED
23,57,2025-01-27,2025-01-28,1.0,PAID
23,58,2025-02-03,,,MISSED
23,59,2025-02-10,,,MISSED
23,60,2025-02-17,,,MISSED
23,61,2025-02-24,2025-03-01,5.0,LATE
23,62,2025-03-03,2025-03-05,2.0,PAID
23,63,2025-03-10,,,MISSED
23,64,2025-03-17,2025-03-20,3.0,PAID
23,65,2025-03-24,2025-03-27,3.0,PAID
23,66,2025-03-31,2025-03-31,0.0,PAID
23,67,2025-04-07,2025-04-11,4.0,LATE
23,68,2025-04-14,2025-04-16,2.0,PAID
23,69,2025-04-21,,,MISSED
23,70,2025-04-28,2025-05-03,5.0,LATE
23,71,2025-05-05,,,MISSED
23,72,2025-05-12,2025-05-18,6.0,LATE
23,73,2025-05-19,2025-05-20,1.0,PAID
23,74,2025-05-26,,,MISSED
23,75,2025-06-02,2025-06-06,4.0,LATE
23,76,2025-06-09,2025-06-11,2.0,PAID
23,77,2025-06-16,2025-06-20,4.0,LATE
23,78,2025-06-23,2025-06-30,7.0,LATE
23,79,2025-06-30,2025-07-01,1.0,PAID
23,80,2025-07-07,,,MISSED
23,81,2025-07-14,2025-07-16,2.0,PAID
23,82,2025-07-21,2025-07-23,2.0,PAID
23,83,2025-07-28,,,MISSED
23,84,2025-08-04,2025-08-08,4.0,LATE
23,85,2025-08-11,2025-08-15,4.0,LATE
23,86,2025-08-18,2025-08-21,3.0,PAID
23,87,2025-08-25,,,MISSED
23,88,2025-09-01,,,MISSED
23,89,2025-09-08,2025-09-14,6.0,LATE
23,90,2025-09-15,2025-09-17,2.0,PAID
23,91,2025-09-22,,,MISSED
23,92,2025-09-29,,,MISSED
23,93,2025-10-06,2025-10-07,1.0,PAID
23,94,2025-10-13,,,MISSED
23,95,2025-10-20,2025-10-22,2.0,PAID
23,96,2025-10-27,2025-10-31,4.0,LATE
23,97,2025-11-03,2025-11-04,1.0,PAID
23,98,2025-11-10,2025-11-15,5.0,LATE
23,99,2025-11-17,2025-11-18,1.0,PAID
23,100,2025-11-24,,,MISSED
23,101,2025-12-01,2025-12-02,1.0,PAID
23,102,2025-12-08,2025-12-10,2.0,PAID
23,103,2025-12-15,2025-12-18,3.0,PAID
23,104,2025-12-22,2025-12-25,3.0,PAID
23,105,2025-12-29,2025-12-31,2.0,PAID
23,106,2026-01-05,,,MISSED
23,107,2026-01-12,,,MISSED
23,108,2026-01-19,,,MISSED
23,109,2026-01-26,2026-01-29,3.0,PAID
23,110,2026-02-02,2026-02-04,2.0,PAID
23,111,2026-02-09,,,MISSED
23,112,2026-02-16,2026-02-19,3.0,PAID
23,113,2026-02-23,2026-02-26,3.0,PAID
23,114,2026-03-02,2026-03-03,1.0,PAID
23,115,2026-03-09,2026-03-11,2.0,PAID
23,116,2026-03-16,2026-03-21,5.0,LATE
23,117,2026-03-23,2026-03-25,2.0,PAID
23,118,2026-03-30,2026-03-31,1.0,PAID
23,119,2026-04-06,,,MISSED
23,120,2026-04-13,2026-04-21,8.0,LATE
23,121,2026-04-20,,,MISSED
23,122,2026-04-27,2026-04-29,2.0,PAID
23,123,2026-05-04,2026-05-07,3.0,PAID
23,124,2026-05-11,2026-05-14,3.0,PAID
23,125,2026-05-18,2026-05-20,2.0,PAID
23,126,2026-05-25,,,MISSED
23,127,2026-06-01,2026-06-05,4.0,LATE
23,128,2026-06-08,2026-06-11,3.0,PAID
23,129,2026-06-15,2026-06-20,5.0,LATE
23,130,2026-06-22,2026-06-25,3.0,PAID
23,131,2026-06-29,2026-06-30,1.0,PAID
23,132,2026-07-06,2026-07-07,1.0,PAID
23,133,2026-07-13,2026-07-16,3.0,PAID
23,134,2026-07-20,2026-07-25,5.0,LATE
23,135,2026-07-27,2026-07-28,1.0,PAID
23,136,2026-08-03,2026-08-06,3.0,PAID
23,137,2026-08-10,,,MISSED
23,138,2026-08-17,2026-08-19,2.0,PAID
23,139,2026-08-24,,,MISSED
23,140,2026-08-31,2026-09-01,1.0,PAID
23,141,2026-09-07,2026-09-10,3.0,PAID
23,142,2026-09-14,,,MISSED
23,143,2026-09-21,2026-09-21,0.0,PAID
23,144,2026-09-28,2026-10-01,3.0,PAID
23,145,2026-10-05,,,MISSED
23,146,2026-10-12,2026-10-13,1.0,PAID
23,147,2026-10-19,2026-10-20,1.0,PAID
23,148,2026-10-26,2026-10-28,2.0,PAID
23,149,2026-11-02,2026-11-10,8.0,LATE
23,150,2026-11-09,2026-11-14,5.0,LATE
23,151,2026-11-16,2026-11-19,3.0,PAID
23,152,2026-11-23,,,MISSED
23,153,2026-11-30,,,MISSED
23,154,2026-12-07,2026-12-12,5.0,LATE
23,155,2026-12-14,2026-12-20,6.0,LATE
23,156,2026-12-21,2026-12-24,3.0,PAID
24,1,2024-01-01,2024-01-04,3.0,PAID
24,2,2024-01-08,2024-01-09,1.0,PAID
24,3,2024-01-15,2024-01-16,1.0,PAID
24,4,2024-01-22,,,MISSED
24,5,2024-01-29,2024-01-30,1.0,PAID
24,6,2024-02-05,,,MISSED
24,7,2024-02-12,2024-02-13,1.0,PAID
24,8,2024-02-19,,,MISSED
24,9,2024-02-26,2024-02-26,0.0,PAID
24,10,2024-03-04,2024-03-04,0.0,PAID
24,11,2024-03-11,2024-03-14,3.0,PAID
24,12,2024-03-18,2024-03-20,2.0,PAID
24,13,2024-03-25,2024-03-25,0.0,PAID
24,14,2024-04-01,,,MISSED
24,15,2024-04-08,2024-04-09,1.0,PAID
24,16,2024-04-15,2024-04-17,2.0,PAID
24,17,2024-04-22,2024-04-25,3.0,PAID
24,18,2024-04-29,2024-04-30,1.0,PAID
24,19,2024-05-06,2024-05-08,2.0,PAID
24,20,2024-05-13,2024-05-14,1.0,PAID
24,21,2024-05-20,2024-05-21,1.0,PAID
24,22,2024-05-27,2024-05-30,3.0,PAID
24,23,2024-06-03,2024-06-03,0.0,PAID
24,24,2024-06-10,2024-06-15,5.0,LATE
24,25,2024-06-17,2024-06-17,0.0,PAID
24,26,2024-06-24,2024-06-25,1.0,PAID
24,27,2024-07-01,2024-07-02,1.0,PAID
24,28,2024-07-08,2024-07-10,2.0,PAID
24,29,2024-07-15,2024-07-15,0.0,PAID
24,30,2024-07-22,,,MISSED
24,31,2024-07-29,2024-07-29,0.0,PAID
24,32,2024-08-05,2024-08-05,0.0,PAID
24,33,2024-08-12,2024-08-13,1.0,PAID
24,34,2024-08-19,2024-08-21,2.0,PAID
24,35,2024-08-26,2024-08-26,0.0,PAID
24,36,2024-09-02,2024-09-04,2.0,PAID
24,37,2024-09-09,2024-09-13,4.0,LATE
24,38,2024-09-16,2024-09-17,1.0,PAID
24,39,2024-09-23,,,MISSED
24,40,2024-09-30,,,MISSED
24,41,2024-10-07,2024-10-10,3.0,PAID
24,42,2024-10-14,,,MISSED
24,43,2024-10-21,2024-10-23,2.0,PAID
24,44,2024-10-28,2024-10-29,1.0,PAID
24,45,2024-11-04,2024-11-06,2.0,PAID
24,46,2024-11-11,2024-11-12,1.0,PAID
24,47,2024-11-18,2024-11-19,1.0,PAID
24,48,2024-11-25,2024-11-27,2.0,PAID
24,49,2024-12-02,2024-12-03,1.0,PAID
24,50,2024-12-09,2024-12-09,0.0,PAID
24,51,2024-12-16,2024-12-16,0.0,PAID
24,52,2024-12-23,2024-12-23,0.0,PAID
24,53,2024-12-30,2025-01-04,5.0,LATE
24,54,2025-01-06,2025-01-06,0.0,PAID
24,55,2025-01-13,2025-01-16,3.0,PAID
24,56,2025-01-20,2025-01-21,1.0,PAID
24,57,2025-01-27,2025-01-30,3.0,PAID
24,58,2025-02-03,,,MISSED
24,59,2025-02-10,,,MISSED
24,60,2025-02-17,2025-02-19,2.0,PAID
24,61,2025-02-24,2025-02-26,2.0,PAID
24,62,2025-03-03,2025-03-08,5.0,LATE
24,63,2025-03-10,2025-03-12,2.0,PAID
24,64,2025-03-17,2025-03-17,0.0,PAID
24,65,2025-03-24,,,MISSED
24,66,2025-03-31,2025-04-02,2.0,PAID
24,67,2025-04-07,2025-04-11,4.0,LATE
24,68,2025-04-14,2025-04-15,1.0,PAID
24,69,2025-04-21,2025-04-22,1.0,PAID
24,70,2025-04-28,,,MISSED
24,71,2025-05-05,2025-05-06,1.0,PAID
24,72,2025-05-12,2025-05-15,3.0,PAID
24,73,2025-05-19,2025-05-20,1.0,PAID
24,74,2025-05-26,,,MISSED
24,75,2025-06-02,2025-06-04,2.0,PAID
24,76,2025-06-09,2025-06-12,3.0,PAID
24,77,2025-06-16,2025-06-19,3.0,PAID
24,78,2025-06-23,2025-06-24,1.0,PAID
24,79,2025-06-30,2025-07-03,3.0,PAID
24,80,2025-07-07,2025-07-10,3.0,PAID
24,81,2025-07-14,2025-07-17,3.0,PAID
24,82,2025-07-21,2025-07-24,3.0,PAID
24,83,2025-07-28,2025-07-29,1.0,PAID
24,84,2025-08-04,2025-08-05,1.0,PAID
24,85,2025-08-11,2025-08-12,1.0,PAID
24,86,2025-08-18,2025-08-19,1.0,PAID
24,87,2025-08-25,2025-08-26,1.0,PAID
24,88,2025-09-01,2025-09-04,3.0,PAID
24,89,2025-09-08,2025-09-13,5.0,LATE
24,90,2025-09-15,2025-09-16,1.0,PAID
24,91,2025-09-22,2025-09-23,1.0,PAID
24,92,2025-09-29,2025-10-02,3.0,PAID
24,93,2025-10-06,2025-10-09,3.0,PAID
24,94,2025-10-13,2025-10-15,2.0,PAID
24,95,2025-10-20,,,MISSED
24,96,2025-10-27,2025-10-28,1.0,PAID
24,97,2025-11-03,2025-11-05,2.0,PAID
24,98,2025-11-10,2025-11-11,1.0,PAID
24,99,2025-11-17,2025-11-20,3.0,PAID
24,100,2025-11-24,2025-11-26,2.0,PAID
24,101,2025-12-01,,,MISSED
24,102,2025-12-08,,,MISSED
24,103,2025-12-15,,,MISSED
24,104,2025-12-22,2025-12-22,0.0,PAID
24,105,2025-12-29,2025-12-30,1.0,PAID
24,106,2026-01-05,2026-01-06,1.0,PAID
24,107,2026-01-12,2026-01-12,0.0,PAID
24,108,2026-01-19,2026-01-21,2.0,PAID
24,109,2026-01-26,2026-01-27,1.0,PAID
24,110,2026-02-02,2026-02-04,2.0,PAID
24,111,2026-02-09,2026-02-13,4.0,LATE
24,112,2026-02-16,2026-02-17,1.0,PAID
24,113,2026-02-23,,,MISSED
24,114,2026-03-02,,,MISSED
24,115,2026-03-09,2026-03-10,1.0,PAID
24,116,2026-03-16,2026-03-17,1.0,PAID
24,117,2026-03-23,2026-03-23,0.0,PAID
24,118,2026-03-30,2026-03-31,1.0,PAID
24,119,2026-04-06,2026-04-08,2.0,PAID
24,120,2026-04-13,2026-04-13,0.0,PAID
24,121,2026-04-20,2026-04-24,4.0,LATE
24,122,2026-04-27,2026-04-30,3.0,PAID
24,123,2026-05-04,2026-05-06,2.0,PAID
24,124,2026-05-11,2026-05-14,3.0,PAID
24,125,2026-05-18,,,MISSED
24,126,2026-05-25,2026-05-27,2.0,PAID
24,127,2026-06-01,2026-06-03,2.0,PAID
24,128,2026-06-08,2026-06-10,2.0,PAID
24,129,2026-06-15,2026-06-15,0.0,PAID
24,130,2026-06-22,2026-06-24,2.0,PAID
24,131,2026-06-29,2026-07-03,4.0,LATE
24,132,2026-07-06,2026-07-08,2.0,PAID
24,133,2026-07-13,,,MISSED
24,134,2026-07-20,2026-07-24,4.0,LATE
24,135,2026-07-27,,,MISSED
24,136,2026-08-03,2026-08-05,2.0,PAID
24,137,2026-08-10,2026-08-12,2.0,PAID
24,138,2026-08-17,2026-08-19,2.0,PAID
24,139,2026-08-24,2026-08-24,0.0,PAID
24,140,2026-08-31,2026-09-03,3.0,PAID
24,141,2026-09-07,2026-09-10,3.0,PAID
24,142,2026-09-14,2026-09-16,2.0,PAID
24,143,2026-09-21,2026-09-21,0.0,PAID
24,144,2026-09-28,2026-09-30,2.0,PAID
24,145,2026-10-05,2026-10-06,1.0,PAID
24,146,2026-10-12,2026-10-14,2.0,PAID
24,147,2026-10-19,2026-10-23,4.0,LATE
24,148,2026-10-26,,,MISSED
24,149,2026-11-02,2026-11-04,2.0,PAID
24,150,2026-11-09,2026-11-10,1.0,PAID
24,151,2026-11-16,,,MISSED
24,152,2026-11-23,2026-11-24,1.0,PAID
24,153,2026-11-30,2026-12-03,3.0,PAID
24,154,2026-12-07,2026-12-09,2.0,PAID
24,155,2026-12-14,2026-12-15,1.0,PAID
24,156,2026-12-21,2026-12-22,1.0,PAID
25,1,2024-01-01,,,MISSED
25,2,2024-01-08,2024-01-14,6.0,LATE
25,3,2024-01-15,,,MISSED
25,4,2024-01-22,2024-01-31,9.0,LATE
25,5,2024-01-29,2024-02-08,10.0,LATE
25,6,2024-02-05,2024-02-10,5.0,LATE
25,7,2024-02-12,,,MISSED
25,8,2024-02-19,,,MISSED
25,9,2024-02-26,,,MISSED
25,10,2024-03-04,2024-03-12,8.0,LATE
25,11,2024-03-11,2024-03-12,1.0,PAID
25,12,2024-03-18,2024-03-24,6.0,LATE
25,13,2024-03-25,2024-03-27,2.0,PAID
25,14,2024-04-01,2024-04-03,2.0,PAID
25,15,2024-04-08,2024-04-19,11.0,LATE
25,16,2024-04-15,2024-04-27,12.0,LATE
25,17,2024-04-22,,,MISSED
25,18,2024-04-29,2024-05-04,5.0,LATE
25,19,2024-05-06,2024-05-10,4.0,LATE
25,20,2024-05-13,2024-05-17,4.0,LATE
25,21,2024-05-20,2024-05-26,6.0,LATE
25,22,2024-05-27,2024-06-03,7.0,LATE
25,23,2024-06-03,,,MISSED
25,24,2024-06-10,2024-06-13,3.0,PAID
25,25,2024-06-17,2024-06-24,7.0,LATE
25,26,2024-06-24,2024-06-30,6.0,LATE
25,27,2024-07-01,2024-07-12,11.0,LATE
25,28,2024-07-08,2024-07-12,4.0,LATE
25,29,2024-07-15,2024-07-20,5.0,LATE
25,30,2024-07-22,2024-07-24,2.0,PAID
25,31,2024-07-29,2024-08-08,10.0,LATE
25,32,2024-08-05,2024-08-09,4.0,LATE
25,33,2024-08-12,2024-08-18,6.0,LATE
25,34,2024-08-19,2024-08-27,8.0,LATE
25,35,2024-08-26,2024-09-04,9.0,LATE
25,36,2024-09-02,,,MISSED
25,37,2024-09-09,2024-09-14,5.0,LATE
25,38,2024-09-16,,,MISSED
25,39,2024-09-23,,,MISSED
25,40,2024-09-30,2024-10-08,8.0,LATE
25,41,2024-10-07,2024-10-12,5.0,LATE
25,42,2024-10-14,,,MISSED
25,43,2024-10-21,,,MISSED
25,44,2024-10-28,2024-11-03,6.0,LATE
25,45,2024-11-04,2024-11-06,2.0,PAID
25,46,2024-11-11,,,MISSED
25,47,2024-11-18,2024-11-28,10.0,LATE
25,48,2024-11-25,,,MISSED
25,49,2024-12-02,2024-12-08,6.0,LATE
25,50,2024-12-09,2024-12-15,6.0,LATE
25,51,2024-12-16,,,MISSED
25,52,2024-12-23,2024-12-25,2.0,PAID
25,53,2024-12-30,,,MISSED
25,54,2025-01-06,,,MISSED
25,55,2025-01-13,2025-01-23,10.0,LATE
25,56,2025-01-20,2025-01-23,3.0,PAID
25,57,2025-01-27,,,MISSED
25,58,2025-02-03,2025-02-07,4.0,LATE
25,59,2025-02-10,2025-02-11,1.0,PAID
25,60,2025-02-17,2025-02-23,6.0,LATE
25,61,2025-02-24,2025-03-02,6.0,LATE
25,62,2025-03-03,2025-03-05,2.0,PAID
25,63,2025-03-10,2025-03-14,4.0,LATE
25,64,2025-03-17,2025-03-23,6.0,LATE
25,65,2025-03-24,2025-04-01,8.0,LATE
25,66,2025-03-31,2025-04-05,5.0,LATE
25,67,2025-04-07,2025-04-13,6.0,LATE
25,68,2025-04-14,,,MISSED
25,69,2025-04-21,,,MISSED
25,70,2025-04-28,2025-05-02,4.0,LATE
25,71,2025-05-05,,,MISSED
25,72,2025-05-12,2025-05-17,5.0,LATE
25,73,2025-05-19,2025-05-25,6.0,LATE
25,74,2025-05-26,2025-06-03,8.0,LATE
25,75,2025-06-02,,,MISSED
25,76,2025-06-09,2025-06-12,3.0,PAID
25,77,2025-06-16,,,MISSED
25,78,2025-06-23,2025-06-28,5.0,LATE
25,79,2025-06-30,,,MISSED
25,80,2025-07-07,,,MISSED
25,81,2025-07-14,,,MISSED
25,82,2025-07-21,2025-07-24,3.0,PAID
25,83,2025-07-28,,,MISSED
25,84,2025-08-04,2025-08-11,7.0,LATE
25,85,2025-08-11,,,MISSED
25,86,2025-08-18,,,MISSED
25,87,2025-08-25,2025-08-31,6.0,LATE
25,88,2025-09-01,2025-09-07,6.0,LATE
25,89,2025-09-08,2025-09-17,9.0,LATE
25,90,2025-09-15,,,MISSED
25,91,2025-09-22,,,MISSED
25,92,2025-09-29,,,MISSED
25,93,2025-10-06,2025-10-10,4.0,LATE
25,94,2025-10-13,,,MISSED
25,95,2025-10-20,,,MISSED
25,96,2025-10-27,2025-10-30,3.0,PAID
25,97,2025-11-03,,,MISSED
25,98,2025-11-10,,,MISSED
25,99,2025-11-17,2025-11-24,7.0,LATE
25,100,2025-11-24,2025-11-30,6.0,LATE
25,101,2025-12-01,2025-12-07,6.0,LATE
25,102,2025-12-08,2025-12-17,9.0,LATE
25,103,2025-12-15,2025-12-19,4.0,LATE
25,104,2025-12-22,2025-12-28,6.0,LATE
25,105,2025-12-29,,,MISSED
25,106,2026-01-05,,,MISSED
25,107,2026-01-12,2026-01-17,5.0,LATE
25,108,2026-01-19,2026-01-21,2.0,PAID
25,109,2026-01-26,2026-01-29,3.0,PAID
25,110,2026-02-02,2026-02-09,7.0,LATE
25,111,2026-02-09,2026-02-14,5.0,LATE
25,112,2026-02-16,2026-02-20,4.0,LATE
25,113,2026-02-23,,,MISSED
25,114,2026-03-02,,,MISSED
25,115,2026-03-09,2026-03-14,5.0,LATE
25,116,2026-03-16,2026-03-23,7.0,LATE
25,117,2026-03-23,2026-03-30,7.0,LATE
25,118,2026-03-30,2026-04-07,8.0,LATE
25,119,2026-04-06,2026-04-13,7.0,LATE
25,120,2026-04-13,2026-04-16,3.0,PAID
25,121,2026-04-20,2026-04-24,4.0,LATE
25,122,2026-04-27,2026-05-05,8.0,LATE
25,123,2026-05-04,2026-05-08,4.0,LATE
25,124,2026-05-11,2026-05-12,1.0,PAID
25,125,2026-05-18,2026-05-26,8.0,LATE
25,126,2026-05-25,2026-05-27,2.0,PAID
25,127,2026-06-01,2026-06-04,3.0,PAID
25,128,2026-06-08,,,MISSED
25,129,2026-06-15,2026-06-18,3.0,PAID
25,130,2026-06-22,2026-06-26,4.0,LATE
25,131,2026-06-29,2026-06-30,1.0,PAID
25,132,2026-07-06,,,MISSED
25,133,2026-07-13,2026-07-18,5.0,LATE
25,134,2026-07-20,,,MISSED
25,135,2026-07-27,2026-08-03,7.0,LATE
25,136,2026-08-03,,,MISSED
25,137,2026-08-10,2026-08-18,8.0,LATE
25,138,2026-08-17,2026-08-23,6.0,LATE
25,139,2026-08-24,,,MISSED
25,140,2026-08-31,2026-09-11,11.0,LATE
25,141,2026-09-07,2026-09-13,6.0,LATE
25,142,2026-09-14,2026-09-18,4.0,LATE
25,143,2026-09-21,2026-10-02,11.0,LATE
25,144,2026-09-28,,,MISSED
25,145,2026-10-05,,,MISSED
25,146,2026-10-12,2026-10-22,10.0,LATE
25,147,2026-10-19,2026-10-25,6.0,LATE
25,148,2026-10-26,,,MISSED
25,149,2026-11-02,2026-11-08,6.0,LATE
25,150,2026-11-09,2026-11-14,5.0,LATE
25,151,2026-11-16,2026-11-19,3.0,PAID
25,152,2026-11-23,2026-11-27,4.0,LATE
25,153,2026-11-30,2026-12-06,6.0,LATE
25,154,2026-12-07,2026-12-12,5.0,LATE
25,155,2026-12-14,2026-12-19,5.0,LATE
25,156,2026-12-21,2026-12-27,6.0,LATE
26,1,2024-01-01,2024-01-08,7.0,LATE
26,2,2024-01-08,2024-01-13,5.0,LATE
26,3,2024-01-15,2024-01-19,4.0,LATE
26,4,2024-01-22,,,MISSED
26,5,2024-01-29,2024-02-05,7.0,LATE
26,6,2024-02-05,2024-02-12,7.0,LATE
26,7,2024-02-12,2024-02-16,4.0,LATE
26,8,2024-02-19,,,MISSED
26,9,2024-02-26,,,MISSED
26,10,2024-03-04,2024-03-05,1.0,PAID
26,11,2024-03-11,,,MISSED
26,12,2024-03-18,2024-03-23,5.0,LATE
26,13,2024-03-25,2024-03-28,3.0,PAID
26,14,2024-04-01,,,MISSED
26,15,2024-04-08,2024-04-18,10.0,LATE
26,16,2024-04-15,2024-04-22,7.0,LATE
26,17,2024-04-22,,,MISSED
26,18,2024-04-29,2024-05-07,8.0,LATE
26,19,2024-05-06,,,MISSED
26,20,2024-05-13,,,MISSED
26,21,2024-05-20,,,MISSED
26,22,2024-05-27,2024-06-06,10.0,LATE
26,23,2024-06-03,2024-06-09,6.0,LATE
26,24,2024-06-10,2024-06-12,2.0,PAID
26,25,2024-06-17,,,MISSED
26,26,2024-06-24,2024-06-30,6.0,LATE
26,27,2024-07-01,2024-07-08,7.0,LATE
26,28,2024-07-08,2024-07-15,7.0,LATE
26,29,2024-07-15,2024-07-20,5.0,LATE
26,30,2024-07-22,2024-08-04,13.0,LATE
26,31,2024-07-29,2024-08-04,6.0,LATE
26,32,2024-08-05,2024-08-11,6.0,LATE
26,33,2024-08-12,,,MISSED
26,34,2024-08-19,,,MISSED
26,35,2024-08-26,2024-09-06,11.0,LATE
26,36,2024-09-02,2024-09-05,3.0,PAID
26,37,2024-09-09,2024-09-15,6.0,LATE
26,38,2024-09-16,2024-09-19,3.0,PAID
26,39,2024-09-23,2024-09-28,5.0,LATE
26,40,2024-09-30,,,MISSED
26,41,2024-10-07,2024-10-11,4.0,LATE
26,42,2024-10-14,2024-10-25,11.0,LATE
26,43,2024-10-21,2024-10-28,7.0,LATE
26,44,2024-10-28,,,MISSED
26,45,2024-11-04,2024-11-11,7.0,LATE
26,46,2024-11-11,,,MISSED
26,47,2024-11-18,2024-11-24,6.0,LATE
26,48,2024-11-25,2024-12-03,8.0,LATE
26,49,2024-12-02,2024-12-11,9.0,LATE
26,50,2024-12-09,2024-12-16,7.0,LATE
26,51,2024-12-16,2024-12-25,9.0,LATE
26,52,2024-12-23,2024-12-31,8.0,LATE
26,53,2024-12-30,,,MISSED
26,54,2025-01-06,,,MISSED
26,55,2025-01-13,,,MISSED
26,56,2025-01-20,,,MISSED
26,57,2025-01-27,2025-01-31,4.0,LATE
26,58,2025-02-03,2025-02-12,9.0,LATE
26,59,2025-02-10,2025-02-14,4.0,LATE
26,60,2025-02-17,,,MISSED
26,61,2025-02-24,2025-03-04,8.0,LATE
26,62,2025-03-03,,,MISSED
26,63,2025-03-10,,,MISSED
26,64,2025-03-17,2025-03-26,9.0,LATE
26,65,2025-03-24,2025-03-26,2.0,PAID
26,66,2025-03-31,2025-04-05,5.0,LATE
26,67,2025-04-07,2025-04-14,7.0,LATE
26,68,2025-04-14,2025-04-14,0.0,PAID
26,69,2025-04-21,2025-04-26,5.0,LATE
26,70,2025-04-28,,,MISSED
26,71,2025-05-05,2025-05-13,8.0,LATE
26,72,2025-05-12,,,MISSED
26,73,2025-05-19,2025-05-25,6.0,LATE
26,74,2025-05-26,,,MISSED
26,75,2025-06-02,2025-06-09,7.0,LATE
26,76,2025-06-09,2025-06-15,6.0,LATE
26,77,2025-06-16,2025-06-26,10.0,LATE
26,78,2025-06-23,2025-06-24,1.0,PAID
26,79,2025-06-30,2025-07-05,5.0,LATE
26,80,2025-07-07,2025-07-12,5.0,LATE
26,81,2025-07-14,,,MISSED
26,82,2025-07-21,,,MISSED
26,83,2025-07-28,2025-08-01,4.0,LATE
26,84,2025-08-04,2025-08-15,11.0,LATE
26,85,2025-08-11,,,MISSED
26,86,2025-08-18,,,MISSED
26,87,2025-08-25,2025-09-02,8.0,LATE
26,88,2025-09-01,2025-09-09,8.0,LATE
26,89,2025-09-08,2025-09-13,5.0,LATE
26,90,2025-09-15,2025-09-19,4.0,LATE
26,91,2025-09-22,2025-09-29,7.0,LATE
26,92,2025-09-29,2025-10-04,5.0,LATE
26,93,2025-10-06,2025-10-09,3.0,PAID
26,94,2025-10-13,2025-10-21,8.0,LATE
26,95,2025-10-20,,,MISSED
26,96,2025-10-27,,,MISSED
26,97,2025-11-03,2025-11-04,1.0,PAID
26,98,2025-11-10,2025-11-15,5.0,LATE
26,99,2025-11-17,2025-11-23,6.0,LATE
26,100,2025-11-24,2025-11-27,3.0,PAID
26,101,2025-12-01,2025-12-06,5.0,LATE
26,102,2025-12-08,2025-12-14,6.0,LATE
26,103,2025-12-15,2025-12-20,5.0,LATE
26,104,2025-12-22,,,MISSED
26,105,2025-12-29,2026-01-01,3.0,PAID
26,106,2026-01-05,2026-01-13,8.0,LATE
26,107,2026-01-12,2026-01-16,4.0,LATE
26,108,2026-01-19,2026-01-25,6.0,LATE
26,109,2026-01-26,2026-02-03,8.0,LATE
26,110,2026-02-02,2026-02-11,9.0,LATE
26,111,2026-02-09,2026-02-15,6.0,LATE
26,112,2026-02-16,,,MISSED
26,113,2026-02-23,2026-02-28,5.0,LATE
26,114,2026-03-02,,,MISSED
26,115,2026-03-09,2026-03-15,6.0,LATE
26,116,2026-03-16,2026-03-22,6.0,LATE
26,117,2026-03-23,2026-03-27,4.0,LATE
26,118,2026-03-30,2026-04-06,7.0,LATE
26,119,2026-04-06,2026-04-11,5.0,LATE
26,120,2026-04-13,2026-04-16,3.0,PAID
26,121,2026-04-20,2026-04-21,1.0,PAID
26,122,2026-04-27,2026-05-08,11.0,LATE
26,123,2026-05-04,2026-05-16,12.0,LATE
26,124,2026-05-11,2026-05-17,6.0,LATE
26,125,2026-05-18,2026-05-23,5.0,LATE
26,126,2026-05-25,2026-06-01,7.0,LATE
26,127,2026-06-01,2026-06-10,9.0,LATE
26,128,2026-06-08,2026-06-10,2.0,PAID
26,129,2026-06-15,2026-06-24,9.0,LATE
26,130,2026-06-22,2026-06-26,4.0,LATE
26,131,2026-06-29,2026-07-07,8.0,LATE
26,132,2026-07-06,2026-07-13,7.0,LATE
26,133,2026-07-13,,,MISSED
26,134,2026-07-20,2026-07-27,7.0,LATE
26,135,2026-07-27,2026-07-30,3.0,PAID
26,136,2026-08-03,2026-08-08,5.0,LATE
26,137,2026-08-10,2026-08-17,7.0,LATE
26,138,2026-08-17,,,MISSED
26,139,2026-08-24,2026-08-27,3.0,PAID
26,140,2026-08-31,2026-09-06,6.0,LATE
26,141,2026-09-07,2026-09-15,8.0,LATE
26,142,2026-09-14,2026-09-22,8.0,LATE
26,143,2026-09-21,2026-09-24,3.0,PAID
26,144,2026-09-28,2026-10-01,3.0,PAID
26,145,2026-10-05,2026-10-09,4.0,LATE
26,146,2026-10-12,,,MISSED
26,147,2026-10-19,2026-10-27,8.0,LATE
26,148,2026-10-26,2026-10-29,3.0,PAID
26,149,2026-11-02,,,MISSED
26,150,2026-11-09,2026-11-16,7.0,LATE
26,151,2026-11-16,,,MISSED
26,152,2026-11-23,2026-11-27,4.0,LATE
26,153,2026-11-30,2026-12-08,8.0,LATE
26,154,2026-12-07,2026-12-09,2.0,PAID
26,155,2026-12-14,2026-12-19,5.0,LATE
26,156,2026-12-21,2026-12-26,5.0,LATE
27,1,2024-01-01,2024-01-08,7.0,LATE
27,2,2024-01-08,2024-01-15,7.0,LATE
27,3,2024-01-15,,,MISSED
27,4,2024-01-22,2024-01-31,9.0,LATE
27,5,2024-01-29,2024-02-04,6.0,LATE
27,6,2024-02-05,2024-02-10,5.0,LATE
27,7,2024-02-12,2024-02-21,9.0,LATE
27,8,2024-02-19,2024-02-25,6.0,LATE
27,9,2024-02-26,2024-03-08,11.0,LATE
27,10,2024-03-04,,,MISSED
27,11,2024-03-11,,,MISSED
27,12,2024-03-18,2024-03-22,4.0,LATE
27,13,2024-03-25,,,MISSED
27,14,2024-04-01,2024-04-02,1.0,PAID
27,15,2024-04-08,2024-04-14,6.0,LATE
27,16,2024-04-15,2024-04-21,6.0,LATE
27,17,2024-04-22,,,MISSED
27,18,2024-04-29,2024-05-03,4.0,LATE
27,19,2024-05-06,2024-05-13,7.0,LATE
27,20,2024-05-13,,,MISSED
27,21,2024-05-20,,,MISSED
27,22,2024-05-27,2024-06-02,6.0,LATE
27,23,2024-06-03,2024-06-05,2.0,PAID
27,24,2024-06-10,2024-06-17,7.0,LATE
27,25,2024-06-17,,,MISSED
27,26,2024-06-24,,,MISSED
27,27,2024-07-01,,,MISSED
27,28,2024-07-08,,,MISSED
27,29,2024-07-15,2024-07-26,11.0,LATE
27,30,2024-07-22,,,MISSED
27,31,2024-07-29,,,MISSED
27,32,2024-08-05,2024-08-14,9.0,LATE
27,33,2024-08-12,2024-08-14,2.0,PAID
27,34,2024-08-19,2024-08-25,6.0,LATE
27,35,2024-08-26,,,MISSED
27,36,2024-09-02,2024-09-08,6.0,LATE
27,37,2024-09-09,2024-09-20,11.0,LATE
27,38,2024-09-16,,,MISSED
27,39,2024-09-23,2024-09-30,7.0,LATE
27,40,2024-09-30,,,MISSED
27,41,2024-10-07,2024-10-16,9.0,LATE
27,42,2024-10-14,2024-10-25,11.0,LATE
27,43,2024-10-21,,,MISSED
27,44,2024-10-28,2024-11-04,7.0,LATE
27,45,2024-11-04,,,MISSED
27,46,2024-11-11,,,MISSED
27,47,2024-11-18,,,MISSED
27,48,2024-11-25,,,MISSED
27,49,2024-12-02,,,MISSED
27,50,2024-12-09,2024-12-13,4.0,LATE
27,51,2024-12-16,2024-12-23,7.0,LATE
27,52,2024-12-23,2024-12-28,5.0,LATE
27,53,2024-12-30,2025-01-07,8.0,LATE
27,54,2025-01-06,2025-01-11,5.0,LATE
27,55,2025-01-13,2025-01-25,12.0,LATE
27,56,2025-01-20,2025-01-31,11.0,LATE
27,57,2025-01-27,,,MISSED
27,58,2025-02-03,2025-02-09,6.0,LATE
27,59,2025-02-10,2025-02-14,4.0,LATE
27,60,2025-02-17,2025-02-24,7.0,LATE
27,61,2025-02-24,,,MISSED
27,62,2025-03-03,2025-03-10,7.0,LATE
27,63,2025-03-10,2025-03-16,6.0,LATE
27,64,2025-03-17,2025-03-23,6.0,LATE
27,65,2025-03-24,2025-04-08,15.0,LATE
27,66,2025-03-31,,,MISSED
27,67,2025-04-07,2025-04-12,5.0,LATE
27,68,2025-04-14,,,MISSED
27,69,2025-04-21,2025-04-28,7.0,LATE
27,70,2025-04-28,,,MISSED
27,71,2025-05-05,2025-05-13,8.0,LATE
27,72,2025-05-12,,,MISSED
27,73,2025-05-19,2025-05-26,7.0,LATE
27,74,2025-05-26,2025-05-30,4.0,LATE
27,75,2025-06-02,2025-06-07,5.0,LATE
27,76,2025-06-09,2025-06-15,6.0,LATE
27,77,2025-06-16,2025-06-22,6.0,LATE
27,78,2025-06-23,2025-06-28,5.0,LATE
27,79,2025-06-30,2025-07-03,3.0,PAID
27,80,2025-07-07,2025-07-14,7.0,LATE
27,81,2025-07-14,2025-07-22,8.0,LATE
27,82,2025-07-21,2025-07-25,4.0,LATE
27,83,2025-07-28,2025-08-10,13.0,LATE
27,84,2025-08-04,2025-08-09,5.0,LATE
27,85,2025-08-11,,,MISSED
27,86,2025-08-18,,,MISSED
27,87,2025-08-25,,,MISSED
27,88,2025-09-01,2025-09-08,7.0,LATE
27,89,2025-09-08,,,MISSED
27,90,2025-09-15,,,MISSED
27,91,2025-09-22,2025-10-03,11.0,LATE
27,92,2025-09-29,,,MISSED
27,93,2025-10-06,2025-10-15,9.0,LATE
27,94,2025-10-13,2025-10-23,10.0,LATE
27,95,2025-10-20,,,MISSED
27,96,2025-10-27,2025-11-03,7.0,LATE
27,97,2025-11-03,2025-11-09,6.0,LATE
27,98,2025-11-10,,,MISSED
27,99,2025-11-17,2025-11-23,6.0,LATE
27,100,2025-11-24,2025-12-03,9.0,LATE
27,101,2025-12-01,2025-12-09,8.0,LATE
27,102,2025-12-08,,,MISSED
27,103,2025-12-15,2025-12-22,7.0,LATE
27,104,2025-12-22,2025-12-30,8.0,LATE
27,105,2025-12-29,2025-12-31,2.0,PAID
27,106,2026-01-05,,,MISSED
27,107,2026-01-12,,,MISSED
27,108,2026-01-19,2026-01-21,2.0,PAID
27,109,2026-01-26,2026-01-28,2.0,PAID
27,110,2026-02-02,2026-02-13,11.0,LATE
27,111,2026-02-09,2026-02-12,3.0,PAID
27,112,2026-02-16,2026-02-24,8.0,LATE
27,113,2026-02-23,2026-02-27,4.0,LATE
27,114,2026-03-02,2026-03-09,7.0,LATE
27,115,2026-03-09,2026-03-12,3.0,PAID
27,116,2026-03-16,,,MISSED
27,117,2026-03-23,2026-03-28,5.0,LATE
27,118,2026-03-30,2026-04-11,12.0,LATE
27,119,2026-04-06,2026-04-14,8.0,LATE
27,120,2026-04-13,2026-04-17,4.0,LATE
27,121,2026-04-20,2026-04-25,5.0,LATE
27,122,2026-04-27,,,MISSED
27,123,2026-05-04,,,MISSED
27,124,2026-05-11,2026-05-19,8.0,LATE
27,125,2026-05-18,,,MISSED
27,126,2026-05-25,,,MISSED
27,127,2026-06-01,2026-06-03,2.0,PAID
27,128,2026-06-08,2026-06-15,7.0,LATE
27,129,2026-06-15,2026-06-23,8.0,LATE
27,130,2026-06-22,,,MISSED
27,131,2026-06-29,2026-07-03,4.0,LATE
27,132,2026-07-06,2026-07-10,4.0,LATE
27,133,2026-07-13,2026-07-19,6.0,LATE
27,134,2026-07-20,2026-07-28,8.0,LATE
27,135,2026-07-27,2026-08-05,9.0,LATE
27,136,2026-08-03,,,MISSED
27,137,2026-08-10,2026-08-14,4.0,LATE
27,138,2026-08-17,2026-08-27,10.0,LATE
27,139,2026-08-24,2026-08-29,5.0,LATE
27,140,2026-08-31,2026-09-05,5.0,LATE
27,141,2026-09-07,2026-09-10,3.0,PAID
27,142,2026-09-14,2026-09-22,8.0,LATE
27,143,2026-09-21,2026-09-25,4.0,LATE
27,144,2026-09-28,2026-10-03,5.0,LATE
27,145,2026-10-05,2026-10-09,4.0,LATE
27,146,2026-10-12,,,MISSED
27,147,2026-10-19,,,MISSED
27,148,2026-10-26,,,MISSED
27,149,2026-11-02,2026-11-06,4.0,LATE
27,150,2026-11-09,2026-11-16,7.0,LATE
27,151,2026-11-16,,,MISSED
27,152,2026-11-23,,,MISSED
27,153,2026-11-30,2026-12-05,5.0,LATE
27,154,2026-12-07,2026-12-15,8.0,LATE
27,155,2026-12-14,2026-12-22,8.0,LATE
27,156,2026-12-21,2026-12-27,6.0,LATE
28,1,2024-01-01,2024-01-05,4.0,LATE
28,2,2024-01-08,2024-01-10,2.0,PAID
28,3,2024-01-15,2024-01-20,5.0,LATE
28,4,2024-01-22,2024-01-26,4.0,LATE
28,5,2024-01-29,,,MISSED
28,6,2024-02-05,2024-02-09,4.0,LATE
28,7,2024-02-12,2024-02-17,5.0,LATE
28,8,2024-02-19,,,MISSED
28,9,2024-02-26,2024-03-02,5.0,LATE
28,10,2024-03-04,,,MISSED
28,11,2024-03-11,2024-03-17,6.0,LATE
28,12,2024-03-18,2024-03-26,8.0,LATE
28,13,2024-03-25,2024-03-30,5.0,LATE
28,14,2024-04-01,2024-04-07,6.0,LATE
28,15,2024-04-08,,,MISSED
28,16,2024-04-15,2024-04-18,3.0,PAID
28,17,2024-04-22,,,MISSED
28,18,2024-04-29,2024-05-03,4.0,LATE
28,19,2024-05-06,2024-05-12,6.0,LATE
28,20,2024-05-13,,,MISSED
28,21,2024-05-20,2024-05-25,5.0,LATE
28,22,2024-05-27,2024-06-02,6.0,LATE
28,23,2024-06-03,2024-06-07,4.0,LATE
28,24,2024-06-10,2024-06-15,5.0,LATE
28,25,2024-06-17,,,MISSED
28,26,2024-06-24,2024-07-02,8.0,LATE
28,27,2024-07-01,2024-07-05,4.0,LATE
28,28,2024-07-08,2024-07-14,6.0,LATE
28,29,2024-07-15,,,MISSED
28,30,2024-07-22,2024-07-25,3.0,PAID
28,31,2024-07-29,2024-08-03,5.0,LATE
28,32,2024-08-05,2024-08-08,3.0,PAID
28,33,2024-08-12,2024-08-16,4.0,LATE
28,34,2024-08-19,2024-08-22,3.0,PAID
28,35,2024-08-26,2024-08-28,2.0,PAID
28,36,2024-09-02,2024-09-05,3.0,PAID
28,37,2024-09-09,2024-09-11,2.0,PAID
28,38,2024-09-16,2024-09-20,4.0,LATE
28,39,2024-09-23,2024-09-26,3.0,PAID
28,40,2024-09-30,,,MISSED
28,41,2024-10-07,2024-10-11,4.0,LATE
28,42,2024-10-14,2024-10-14,0.0,PAID
28,43,2024-10-21,2024-10-23,2.0,PAID
28,44,2024-10-28,2024-11-03,6.0,LATE
28,45,2024-11-04,2024-11-08,4.0,LATE
28,46,2024-11-11,,,MISSED
28,47,2024-11-18,,,MISSED
28,48,2024-11-25,2024-11-27,2.0,PAID
28,49,2024-12-02,2024-12-12,10.0,LATE
28,50,2024-12-09,2024-12-10,1.0,PAID
28,51,2024-12-16,2024-12-17,1.0,PAID
28,52,2024-12-23,2024-12-30,7.0,LATE
28,53,2024-12-30,2025-01-03,4.0,LATE
28,54,2025-01-06,2025-01-09,3.0,PAID
28,55,2025-01-13,,,MISSED
28,56,2025-01-20,2025-01-27,7.0,LATE
28,57,2025-01-27,2025-01-31,4.0,LATE
28,58,2025-02-03,2025-02-04,1.0,PAID
28,59,2025-02-10,2025-02-13,3.0,PAID
28,60,2025-02-17,,,MISSED
28,61,2025-02-24,2025-02-25,1.0,PAID
28,62,2025-03-03,2025-03-07,4.0,LATE
28,63,2025-03-10,2025-03-16,6.0,LATE
28,64,2025-03-17,2025-03-22,5.0,LATE
28,65,2025-03-24,,,MISSED
28,66,2025-03-31,2025-04-02,2.0,PAID
28,67,2025-04-07,2025-04-10,3.0,PAID
28,68,2025-04-14,2025-04-18,4.0,LATE
28,69,2025-04-21,2025-04-26,5.0,LATE
28,70,2025-04-28,,,MISSED
28,71,2025-05-05,2025-05-13,8.0,LATE
28,72,2025-05-12,2025-05-14,2.0,PAID
28,73,2025-05-19,2025-05-25,6.0,LATE
28,74,2025-05-26,2025-05-30,4.0,LATE
28,75,2025-06-02,2025-06-05,3.0,PAID
28,76,2025-06-09,2025-06-13,4.0,LATE
28,77,2025-06-16,2025-06-20,4.0,LATE
28,78,2025-06-23,2025-06-27,4.0,LATE
28,79,2025-06-30,2025-07-03,3.0,PAID
28,80,2025-07-07,2025-07-11,4.0,LATE
28,81,2025-07-14,,,MISSED
28,82,2025-07-21,,,MISSED
28,83,2025-07-28,2025-08-05,8.0,LATE
28,84,2025-08-04,,,MISSED
28,85,2025-08-11,,,MISSED
28,86,2025-08-18,,,MISSED
28,87,2025-08-25,2025-08-28,3.0,PAID
28,88,2025-09-01,2025-09-03,2.0,PAID
28,89,2025-09-08,2025-09-10,2.0,PAID
28,90,2025-09-15,2025-09-17,2.0,PAID
28,91,2025-09-22,2025-09-26,4.0,LATE
28,92,2025-09-29,2025-10-01,2.0,PAID
28,93,2025-10-06,,,MISSED
28,94,2025-10-13,2025-10-14,1.0,PAID
28,95,2025-10-20,,,MISSED
28,96,2025-10-27,2025-10-29,2.0,PAID
28,97,2025-11-03,2025-11-05,2.0,PAID
28,98,2025-11-10,2025-11-11,1.0,PAID
28,99,2025-11-17,2025-11-19,2.0,PAID
28,100,2025-11-24,2025-11-27,3.0,PAID
28,101,2025-12-01,2025-12-05,4.0,LATE
28,102,2025-12-08,,,MISSED
28,103,2025-12-15,2025-12-15,0.0,PAID
28,104,2025-12-22,2025-12-25,3.0,PAID
28,105,2025-12-29,2026-01-01,3.0,PAID
28,106,2026-01-05,,,MISSED
28,107,2026-01-12,2026-01-19,7.0,LATE
28,108,2026-01-19,2026-01-24,5.0,LATE
28,109,2026-01-26,2026-02-01,6.0,LATE
28,110,2026-02-02,2026-02-06,4.0,LATE
28,111,2026-02-09,,,MISSED
28,112,2026-02-16,2026-02-20,4.0,LATE
28,113,2026-02-23,2026-03-03,8.0,LATE
28,114,2026-03-02,,,MISSED
28,115,2026-03-09,2026-03-12,3.0,PAID
28,116,2026-03-16,2026-03-19,3.0,PAID
28,117,2026-03-23,,,MISSED
28,118,2026-03-30,,,MISSED
28,119,2026-04-06,2026-04-09,3.0,PAID
28,120,2026-04-13,2026-04-19,6.0,LATE
28,121,2026-04-20,,,MISSED
28,122,2026-04-27,2026-05-03,6.0,LATE
28,123,2026-05-04,2026-05-06,2.0,PAID
28,124,2026-05-11,2026-05-13,2.0,PAID
28,125,2026-05-18,,,MISSED
28,126,2026-05-25,2026-06-01,7.0,LATE
28,127,2026-06-01,2026-06-06,5.0,LATE
28,128,2026-06-08,2026-06-11,3.0,PAID
28,129,2026-06-15,,,MISSED
28,130,2026-06-22,2026-06-26,4.0,LATE
28,131,2026-06-29,2026-07-06,7.0,LATE
28,132,2026-07-06,2026-07-10,4.0,LATE
28,133,2026-07-13,2026-07-16,3.0,PAID
28,134,2026-07-20,2026-07-23,3.0,PAID
28,135,2026-07-27,2026-07-31,4.0,LATE
28,136,2026-08-03,2026-08-09,6.0,LATE
28,137,2026-08-10,2026-08-15,5.0,LATE
28,138,2026-08-17,2026-08-23,6.0,LATE
28,139,2026-08-24,2026-08-26,2.0,PAID
28,140,2026-08-31,2026-09-07,7.0,LATE
28,141,2026-09-07,,,MISSED
28,142,2026-09-14,2026-09-16,2.0,PAID
28,143,2026-09-21,2026-09-22,1.0,PAID
28,144,2026-09-28,2026-10-02,4.0,LATE
28,145,2026-10-05,,,MISSED
28,146,2026-10-12,,,MISSED
28,147,2026-10-19,2026-10-21,2.0,PAID
28,148,2026-10-26,2026-10-30,4.0,LATE
28,149,2026-11-02,2026-11-07,5.0,LATE
28,150,2026-11-09,2026-11-11,2.0,PAID
28,151,2026-11-16,2026-11-22,6.0,LATE
28,152,2026-11-23,,,MISSED
28,153,2026-11-30,2026-12-01,1.0,PAID
28,154,2026-12-07,,,MISSED
28,155,2026-12-14,2026-12-20,6.0,LATE
28,156,2026-12-21,2026-12-26,5.0,LATE
29,1,2024-01-01,2024-01-07,6.0,LATE
29,2,2024-01-08,2024-01-10,2.0,PAID
29,3,2024-01-15,2024-01-19,4.0,LATE
29,4,2024-01-22,2024-01-27,5.0,LATE
29,5,2024-01-29,2024-02-01,3.0,PAID
29,6,2024-02-05,,,MISSED
29,7,2024-02-12,2024-02-17,5.0,LATE
29,8,2024-02-19,2024-02-22,3.0,PAID
29,9,2024-02-26,2024-03-04,7.0,LATE
29,10,2024-03-04,2024-03-08,4.0,LATE
29,11,2024-03-11,,,MISSED
29,12,2024-03-18,2024-03-24,6.0,LATE
29,13,2024-03-25,2024-03-29,4.0,LATE
29,14,2024-04-01,2024-04-03,2.0,PAID
29,15,2024-04-08,,,MISSED
29,16,2024-04-15,2024-04-19,4.0,LATE
29,17,2024-04-22,2024-04-28,6.0,LATE
29,18,2024-04-29,2024-05-02,3.0,PAID
29,19,2024-05-06,,,MISSED
29,20,2024-05-13,2024-05-25,12.0,LATE
29,21,2024-05-20,2024-05-23,3.0,PAID
29,22,2024-05-27,2024-05-30,3.0,PAID
29,23,2024-06-03,,,MISSED
29,24,2024-06-10,2024-06-17,7.0,LATE
29,25,2024-06-17,2024-06-26,9.0,LATE
29,26,2024-06-24,2024-07-01,7.0,LATE
29,27,2024-07-01,2024-07-09,8.0,LATE
29,28,2024-07-08,2024-07-16,8.0,LATE
29,29,2024-07-15,,,MISSED
29,30,2024-07-22,2024-07-29,7.0,LATE
29,31,2024-07-29,2024-08-05,7.0,LATE
29,32,2024-08-05,2024-08-11,6.0,LATE
29,33,2024-08-12,,,MISSED
29,34,2024-08-19,2024-08-26,7.0,LATE
29,35,2024-08-26,2024-08-31,5.0,LATE
29,36,2024-09-02,,,MISSED
29,37,2024-09-09,2024-09-10,1.0,PAID
29,38,2024-09-16,2024-09-24,8.0,LATE
29,39,2024-09-23,,,MISSED
29,40,2024-09-30,2024-10-02,2.0,PAID
29,41,2024-10-07,2024-10-09,2.0,PAID
29,42,2024-10-14,2024-10-18,4.0,LATE
29,43,2024-10-21,,,MISSED
29,44,2024-10-28,2024-11-05,8.0,LATE
29,45,2024-11-04,2024-11-13,9.0,LATE
29,46,2024-11-11,2024-11-19,8.0,LATE
29,47,2024-11-18,,,MISSED
29,48,2024-11-25,2024-12-06,11.0,LATE
29,49,2024-12-02,2024-12-10,8.0,LATE
29,50,2024-12-09,2024-12-10,1.0,PAID
29,51,2024-12-16,,,MISSED
29,52,2024-12-23,2024-12-30,7.0,LATE
29,53,2024-12-30,2025-01-05,6.0,LATE
29,54,2025-01-06,2025-01-14,8.0,LATE
29,55,2025-01-13,2025-01-19,6.0,LATE
29,56,2025-01-20,,,MISSED
29,57,2025-01-27,2025-02-03,7.0,LATE
29,58,2025-02-03,,,MISSED
29,59,2025-02-10,,,MISSED
29,60,2025-02-17,2025-02-23,6.0,LATE
29,61,2025-02-24,,,MISSED
29,62,2025-03-03,2025-03-10,7.0,LATE
29,63,2025-03-10,,,MISSED
29,64,2025-03-17,2025-03-24,7.0,LATE
29,65,2025-03-24,2025-03-30,6.0,LATE
29,66,2025-03-31,2025-04-06,6.0,LATE
29,67,2025-04-07,2025-04-10,3.0,PAID
29,68,2025-04-14,2025-04-18,4.0,LATE
29,69,2025-04-21,,,MISSED
29,70,2025-04-28,,,MISSED
29,71,2025-05-05,2025-05-08,3.0,PAID
29,72,2025-05-12,2025-05-14,2.0,PAID
29,73,2025-05-19,,,MISSED
29,74,2025-05-26,,,MISSED
29,75,2025-06-02,,,MISSED
29,76,2025-06-09,2025-06-15,6.0,LATE
29,77,2025-06-16,2025-06-25,9.0,LATE
29,78,2025-06-23,2025-06-28,5.0,LATE
29,79,2025-06-30,2025-07-07,7.0,LATE
29,80,2025-07-07,2025-07-08,1.0,PAID
29,81,2025-07-14,2025-07-20,6.0,LATE
29,82,2025-07-21,,,MISSED
29,83,2025-07-28,2025-08-02,5.0,LATE
29,84,2025-08-04,,,MISSED
29,85,2025-08-11,2025-08-15,4.0,LATE
29,86,2025-08-18,2025-08-26,8.0,LATE
29,87,2025-08-25,2025-09-04,10.0,LATE
29,88,2025-09-01,2025-09-04,3.0,PAID
29,89,2025-09-08,,,MISSED
29,90,2025-09-15,2025-09-17,2.0,PAID
29,91,2025-09-22,2025-09-29,7.0,LATE
29,92,2025-09-29,2025-10-01,2.0,PAID
29,93,2025-10-06,2025-10-14,8.0,LATE
29,94,2025-10-13,,,MISSED
29,95,2025-10-20,2025-10-28,8.0,LATE
29,96,2025-10-27,,,MISSED
29,97,2025-11-03,2025-11-08,5.0,LATE
29,98,2025-11-10,2025-11-20,10.0,LATE
29,99,2025-11-17,,,MISSED
29,100,2025-11-24,2025-11-28,4.0,LATE
29,101,2025-12-01,2025-12-08,7.0,LATE
29,102,2025-12-08,,,MISSED
29,103,2025-12-15,2025-12-20,5.0,LATE
29,104,2025-12-22,2025-12-29,7.0,LATE
29,105,2025-12-29,,,MISSED
29,106,2026-01-05,2026-01-10,5.0,LATE
29,107,2026-01-12,2026-01-18,6.0,LATE
29,108,2026-01-19,2026-01-23,4.0,LATE
29,109,2026-01-26,,,MISSED
29,110,2026-02-02,2026-02-06,4.0,LATE
29,111,2026-02-09,,,MISSED
29,112,2026-02-16,2026-02-27,11.0,LATE
29,113,2026-02-23,2026-03-03,8.0,LATE
29,114,2026-03-02,,,MISSED
29,115,2026-03-09,2026-03-16,7.0,LATE
29,116,2026-03-16,2026-03-22,6.0,LATE
29,117,2026-03-23,2026-03-26,3.0,PAID
29,118,2026-03-30,,,MISSED
29,119,2026-04-06,2026-04-10,4.0,LATE
29,120,2026-04-13,,,MISSED
29,121,2026-04-20,2026-04-24,4.0,LATE
29,122,2026-04-27,2026-05-11,14.0,LATE
29,123,2026-05-04,2026-05-13,9.0,LATE
29,124,2026-05-11,2026-05-20,9.0,LATE
29,125,2026-05-18,,,MISSED
29,126,2026-05-25,2026-05-28,3.0,PAID
29,127,2026-06-01,2026-06-10,9.0,LATE
29,128,2026-06-08,,,MISSED
29,129,2026-06-15,2026-06-17,2.0,PAID
29,130,2026-06-22,2026-06-30,8.0,LATE
29,131,2026-06-29,2026-07-05,6.0,LATE
29,132,2026-07-06,2026-07-09,3.0,PAID
29,133,2026-07-13,2026-07-15,2.0,PAID
29,134,2026-07-20,,,MISSED
29,135,2026-07-27,2026-08-01,5.0,LATE
29,136,2026-08-03,2026-08-06,3.0,PAID
29,137,2026-08-10,,,MISSED
29,138,2026-08-17,,,MISSED
29,139,2026-08-24,2026-08-27,3.0,PAID
29,140,2026-08-31,2026-09-04,4.0,LATE
29,141,2026-09-07,2026-09-08,1.0,PAID
29,142,2026-09-14,2026-09-18,4.0,LATE
29,143,2026-09-21,2026-10-01,10.0,LATE
29,144,2026-09-28,2026-10-06,8.0,LATE
29,145,2026-10-05,2026-10-07,2.0,PAID
29,146,2026-10-12,,,MISSED
29,147,2026-10-19,,,MISSED
29,148,2026-10-26,2026-10-28,2.0,PAID
29,149,2026-11-02,2026-11-10,8.0,LATE
29,150,2026-11-09,,,MISSED
29,151,2026-11-16,,,MISSED
29,152,2026-11-23,,,MISSED
29,153,2026-11-30,2026-12-04,4.0,LATE
29,154,2026-12-07,2026-12-18,11.0,LATE
29,155,2026-12-14,2026-12-18,4.0,LATE
29,156,2026-12-21,,,MISSED
30,1,2024-01-01,,,MISSED
30,2,2024-01-08,2024-01-15,7.0,LATE
30,3,2024-01-15,,,MISSED
30,4,2024-01-22,,,MISSED
30,5,2024-01-29,,,MISSED
30,6,2024-02-05,,,MISSED
30,7,2024-02-12,2024-02-18,6.0,LATE
30,8,2024-02-19,2024-02-19,0.0,PAID
30,9,2024-02-26,,,MISSED
30,10,2024-03-04,2024-03-12,8.0,LATE
30,11,2024-03-11,,,MISSED
30,12,2024-03-18,,,MISSED
30,13,2024-03-25,,,MISSED
30,14,2024-04-01,2024-04-06,5.0,LATE
30,15,2024-04-08,,,MISSED
30,16,2024-04-15,2024-04-21,6.0,LATE
30,17,2024-04-22,2024-04-26,4.0,LATE
30,18,2024-04-29,2024-05-02,3.0,PAID
30,19,2024-05-06,2024-05-14,8.0,LATE
30,20,2024-05-13,,,MISSED
30,21,2024-05-20,2024-05-23,3.0,PAID
30,22,2024-05-27,2024-05-30,3.0,PAID
30,23,2024-06-03,2024-06-07,4.0,LATE
30,24,2024-06-10,2024-06-17,7.0,LATE
30,25,2024-06-17,2024-06-21,4.0,LATE
30,26,2024-06-24,2024-06-25,1.0,PAID
30,27,2024-07-01,2024-07-02,1.0,PAID
30,28,2024-07-08,2024-07-16,8.0,LATE
30,29,2024-07-15,2024-07-19,4.0,LATE
30,30,2024-07-22,2024-07-29,7.0,LATE
30,31,2024-07-29,2024-08-04,6.0,LATE
30,32,2024-08-05,2024-08-09,4.0,LATE
30,33,2024-08-12,2024-08-18,6.0,LATE
30,34,2024-08-19,,,MISSED
30,35,2024-08-26,2024-09-03,8.0,LATE
30,36,2024-09-02,2024-09-10,8.0,LATE
30,37,2024-09-09,2024-09-16,7.0,LATE
30,38,2024-09-16,,,MISSED
30,39,2024-09-23,2024-09-29,6.0,LATE
30,40,2024-09-30,2024-10-03,3.0,PAID
30,41,2024-10-07,2024-10-13,6.0,LATE
30,42,2024-10-14,2024-10-18,4.0,LATE
30,43,2024-10-21,2024-10-30,9.0,LATE
30,44,2024-10-28,,,MISSED
30,45,2024-11-04,2024-11-13,9.0,LATE
30,46,2024-11-11,,,MISSED
30,47,2024-11-18,2024-11-22,4.0,LATE
30,48,2024-11-25,2024-12-03,8.0,LATE
30,49,2024-12-02,,,MISSED
30,50,2024-12-09,,,MISSED
30,51,2024-12-16,2024-12-17,1.0,PAID
30,52,2024-12-23,2024-12-29,6.0,LATE
30,53,2024-12-30,2025-01-04,5.0,LATE
30,54,2025-01-06,2025-01-11,5.0,LATE
30,55,2025-01-13,,,MISSED
30,56,2025-01-20,2025-01-26,6.0,LATE
30,57,2025-01-27,2025-02-03,7.0,LATE
30,58,2025-02-03,2025-02-07,4.0,LATE
30,59,2025-02-10,2025-02-13,3.0,PAID
30,60,2025-02-17,2025-02-25,8.0,LATE
30,61,2025-02-24,,,MISSED
30,62,2025-03-03,2025-03-04,1.0,PAID
30,63,2025-03-10,,,MISSED
30,64,2025-03-17,2025-03-22,5.0,LATE
30,65,2025-03-24,2025-04-01,8.0,LATE
30,66,2025-03-31,2025-04-07,7.0,LATE
30,67,2025-04-07,2025-04-15,8.0,LATE
30,68,2025-04-14,2025-04-19,5.0,LATE
30,69,2025-04-21,2025-04-28,7.0,LATE
30,70,2025-04-28,2025-05-05,7.0,LATE
30,71,2025-05-05,2025-05-11,6.0,LATE
30,72,2025-05-12,2025-05-21,9.0,LATE
30,73,2025-05-19,2025-05-22,3.0,PAID
30,74,2025-05-26,2025-06-05,10.0,LATE
30,75,2025-06-02,2025-06-12,10.0,LATE
30,76,2025-06-09,2025-06-13,4.0,LATE
30,77,2025-06-16,,,MISSED
30,78,2025-06-23,2025-06-27,4.0,LATE
30,79,2025-06-30,2025-07-10,10.0,LATE
30,80,2025-07-07,2025-07-16,9.0,LATE
30,81,2025-07-14,2025-07-21,7.0,LATE
30,82,2025-07-21,,,MISSED
30,83,2025-07-28,,,MISSED
30,84,2025-08-04,,,MISSED
30,85,2025-08-11,2025-08-14,3.0,PAID
30,86,2025-08-18,2025-08-23,5.0,LATE
30,87,2025-08-25,2025-09-02,8.0,LATE
30,88,2025-09-01,2025-09-07,6.0,LATE
30,89,2025-09-08,2025-09-13,5.0,LATE
30,90,2025-09-15,2025-09-20,5.0,LATE
30,91,2025-09-22,2025-09-28,6.0,LATE
30,92,2025-09-29,,,MISSED
30,93,2025-10-06,,,MISSED
30,94,2025-10-13,,,MISSED
30,95,2025-10-20,,,MISSED
30,96,2025-10-27,,,MISSED
30,97,2025-11-03,,,MISSED
30,98,2025-11-10,,,MISSED
30,99,2025-11-17,2025-11-24,7.0,LATE
30,100,2025-11-24,2025-11-29,5.0,LATE
30,101,2025-12-01,,,MISSED
30,102,2025-12-08,,,MISSED
30,103,2025-12-15,2025-12-18,3.0,PAID
30,104,2025-12-22,2025-12-27,5.0,LATE
30,105,2025-12-29,2026-01-05,7.0,LATE
30,106,2026-01-05,2026-01-11,6.0,LATE
30,107,2026-01-12,,,MISSED
30,108,2026-01-19,,,MISSED
30,109,2026-01-26,2026-01-31,5.0,LATE
30,110,2026-02-02,2026-02-08,6.0,LATE
30,111,2026-02-09,2026-02-16,7.0,LATE
30,112,2026-02-16,2026-02-25,9.0,LATE
30,113,2026-02-23,2026-02-28,5.0,LATE
30,114,2026-03-02,2026-03-10,8.0,LATE
30,115,2026-03-09,,,MISSED
30,116,2026-03-16,2026-03-25,9.0,LATE
30,117,2026-03-23,2026-03-29,6.0,LATE
30,118,2026-03-30,2026-04-07,8.0,LATE
30,119,2026-04-06,2026-04-13,7.0,LATE
30,120,2026-04-13,2026-04-16,3.0,PAID
30,121,2026-04-20,2026-04-27,7.0,LATE
30,122,2026-04-27,,,MISSED
30,123,2026-05-04,,,MISSED
30,124,2026-05-11,,,MISSED
30,125,2026-05-18,2026-05-23,5.0,LATE
30,126,2026-05-25,2026-06-05,11.0,LATE
30,127,2026-06-01,,,MISSED
30,128,2026-06-08,,,MISSED
30,129,2026-06-15,2026-06-18,3.0,PAID
30,130,2026-06-22,,,MISSED
30,131,2026-06-29,2026-07-03,4.0,LATE
30,132,2026-07-06,2026-07-09,3.0,PAID
30,133,2026-07-13,2026-07-18,5.0,LATE
30,134,2026-07-20,,,MISSED
30,135,2026-07-27,2026-08-03,7.0,LATE
30,136,2026-08-03,2026-08-10,7.0,LATE
30,137,2026-08-10,,,MISSED
30,138,2026-08-17,,,MISSED
30,139,2026-08-24,2026-08-31,7.0,LATE
30,140,2026-08-31,,,MISSED
30,141,2026-09-07,2026-09-16,9.0,LATE
30,142,2026-09-14,2026-09-19,5.0,LATE
30,143,2026-09-21,2026-09-27,6.0,LATE
30,144,2026-09-28,2026-10-02,4.0,LATE
30,145,2026-10-05,,,MISSED
30,146,2026-10-12,2026-10-19,7.0,LATE
30,147,2026-10-19,2026-10-30,11.0,LATE
30,148,2026-10-26,2026-11-06,11.0,LATE
30,149,2026-11-02,2026-11-06,4.0,LATE
30,150,2026-11-09,2026-11-14,5.0,LATE
30,151,2026-11-16,,,MISSED
30,152,2026-11-23,,,MISSED
30,153,2026-11-30,,,MISSED
30,154,2026-12-07,2026-12-10,3.0,PAID
30,155,2026-12-14,2026-12-18,4.0,LATE
30,156,2026-12-21,,,MISSED
31,1,2024-01-01,2024-01-03,2.0,PAID
31,2,2024-01-08,2024-01-14,6.0,LATE
31,3,2024-01-15,2024-01-19,4.0,LATE
31,4,2024-01-22,2024-01-28,6.0,LATE
31,5,2024-01-29,2024-02-01,3.0,PAID
31,6,2024-02-05,2024-02-09,4.0,LATE
31,7,2024-02-12,2024-02-16,4.0,LATE
31,8,2024-02-19,2024-02-22,3.0,PAID
31,9,2024-02-26,2024-03-04,7.0,LATE
31,10,2024-03-04,2024-03-08,4.0,LATE
31,11,2024-03-11,,,MISSED
31,12,2024-03-18,2024-03-25,7.0,LATE
31,13,2024-03-25,,,MISSED
31,14,2024-04-01,,,MISSED
31,15,2024-04-08,2024-04-10,2.0,PAID
31,16,2024-04-15,2024-04-19,4.0,LATE
31,17,2024-04-22,2024-04-28,6.0,LATE
31,18,2024-04-29,2024-05-07,8.0,LATE
31,19,2024-05-06,2024-05-12,6.0,LATE
31,20,2024-05-13,2024-05-17,4.0,LATE
31,21,2024-05-20,2024-05-31,11.0,LATE
31,22,2024-05-27,,,MISSED
31,23,2024-06-03,2024-06-07,4.0,LATE
31,24,2024-06-10,,,MISSED
31,25,2024-06-17,,,MISSED
31,26,2024-06-24,2024-06-30,6.0,LATE
31,27,2024-07-01,2024-07-12,11.0,LATE
31,28,2024-07-08,2024-07-11,3.0,PAID
31,29,2024-07-15,,,MISSED
31,30,2024-07-22,,,MISSED
31,31,2024-07-29,2024-08-05,7.0,LATE
31,32,2024-08-05,,,MISSED
31,33,2024-08-12,2024-08-16,4.0,LATE
31,34,2024-08-19,2024-08-24,5.0,LATE
31,35,2024-08-26,2024-08-30,4.0,LATE
31,36,2024-09-02,2024-09-05,3.0,PAID
31,37,2024-09-09,2024-09-15,6.0,LATE
31,38,2024-09-16,2024-09-19,3.0,PAID
31,39,2024-09-23,2024-09-27,4.0,LATE
31,40,2024-09-30,,,MISSED
31,41,2024-10-07,2024-10-13,6.0,LATE
31,42,2024-10-14,2024-10-19,5.0,LATE
31,43,2024-10-21,2024-10-24,3.0,PAID
31,44,2024-10-28,,,MISSED
31,45,2024-11-04,2024-11-10,6.0,LATE
31,46,2024-11-11,2024-11-20,9.0,LATE
31,47,2024-11-18,2024-11-20,2.0,PAID
31,48,2024-11-25,2024-11-28,3.0,PAID
31,49,2024-12-02,2024-12-08,6.0,LATE
31,50,2024-12-09,,,MISSED
31,51,2024-12-16,,,MISSED
31,52,2024-12-23,,,MISSED
31,53,2024-12-30,,,MISSED
31,54,2025-01-06,2025-01-10,4.0,LATE
31,55,2025-01-13,2025-01-17,4.0,LATE
31,56,2025-01-20,2025-01-24,4.0,LATE
31,57,2025-01-27,2025-01-29,2.0,PAID
31,58,2025-02-03,2025-02-08,5.0,LATE
31,59,2025-02-10,,,MISSED
31,60,2025-02-17,2025-02-22,5.0,LATE
31,61,2025-02-24,,,MISSED
31,62,2025-03-03,2025-03-06,3.0,PAID
31,63,2025-03-10,2025-03-12,2.0,PAID
31,64,2025-03-17,2025-03-19,2.0,PAID
31,65,2025-03-24,2025-03-25,1.0,PAID
31,66,2025-03-31,2025-04-05,5.0,LATE
31,67,2025-04-07,2025-04-09,2.0,PAID
31,68,2025-04-14,2025-04-19,5.0,LATE
31,69,2025-04-21,2025-04-27,6.0,LATE
31,70,2025-04-28,2025-05-05,7.0,LATE
31,71,2025-05-05,2025-05-11,6.0,LATE
31,72,2025-05-12,,,MISSED
31,73,2025-05-19,,,MISSED
31,74,2025-05-26,2025-05-31,5.0,LATE
31,75,2025-06-02,2025-06-03,1.0,PAID
31,76,2025-06-09,2025-06-10,1.0,PAID
31,77,2025-06-16,2025-06-20,4.0,LATE
31,78,2025-06-23,2025-06-25,2.0,PAID
31,79,2025-06-30,,,MISSED
31,80,2025-07-07,2025-07-16,9.0,LATE
31,81,2025-07-14,2025-07-19,5.0,LATE
31,82,2025-07-21,2025-07-26,5.0,LATE
31,83,2025-07-28,2025-07-31,3.0,PAID
31,84,2025-08-04,2025-08-12,8.0,LATE
31,85,2025-08-11,2025-08-15,4.0,LATE
31,86,2025-08-18,2025-08-20,2.0,PAID
31,87,2025-08-25,2025-08-27,2.0,PAID
31,88,2025-09-01,2025-09-10,9.0,LATE
31,89,2025-09-08,,,MISSED
31,90,2025-09-15,2025-09-18,3.0,PAID
31,91,2025-09-22,2025-09-29,7.0,LATE
31,92,2025-09-29,,,MISSED
31,93,2025-10-06,2025-10-10,4.0,LATE
31,94,2025-10-13,2025-10-17,4.0,LATE
31,95,2025-10-20,,,MISSED
31,96,2025-10-27,2025-11-05,9.0,LATE
31,97,2025-11-03,2025-11-05,2.0,PAID
31,98,2025-11-10,,,MISSED
31,99,2025-11-17,2025-11-21,4.0,LATE
31,100,2025-11-24,2025-11-24,0.0,PAID
31,101,2025-12-01,2025-12-07,6.0,LATE
31,102,2025-12-08,,,MISSED
31,103,2025-12-15,2025-12-18,3.0,PAID
31,104,2025-12-22,2025-12-23,1.0,PAID
31,105,2025-12-29,2026-01-04,6.0,LATE
31,106,2026-01-05,2026-01-07,2.0,PAID
31,107,2026-01-12,,,MISSED
31,108,2026-01-19,2026-01-23,4.0,LATE
31,109,2026-01-26,2026-01-30,4.0,LATE
31,110,2026-02-02,2026-02-04,2.0,PAID
31,111,2026-02-09,,,MISSED
31,112,2026-02-16,2026-02-20,4.0,LATE
31,113,2026-02-23,2026-02-26,3.0,PAID
31,114,2026-03-02,2026-03-07,5.0,LATE
31,115,2026-03-09,2026-03-12,3.0,PAID
31,116,2026-03-16,,,MISSED
31,117,2026-03-23,2026-03-26,3.0,PAID
31,118,2026-03-30,2026-04-01,2.0,PAID
31,119,2026-04-06,2026-04-12,6.0,LATE
31,120,2026-04-13,2026-04-16,3.0,PAID
31,121,2026-04-20,2026-04-22,2.0,PAID
31,122,2026-04-27,,,MISSED
31,123,2026-05-04,2026-05-07,3.0,PAID
31,124,2026-05-11,2026-05-15,4.0,LATE
31,125,2026-05-18,2026-05-23,5.0,LATE
31,126,2026-05-25,,,MISSED
31,127,2026-06-01,2026-06-04,3.0,PAID
31,128,2026-06-08,2026-06-12,4.0,LATE
31,129,2026-06-15,2026-06-20,5.0,LATE
31,130,2026-06-22,,,MISSED
31,131,2026-06-29,2026-07-07,8.0,LATE
31,132,2026-07-06,2026-07-12,6.0,LATE
31,133,2026-07-13,2026-07-21,8.0,LATE
31,134,2026-07-20,,,MISSED
31,135,2026-07-27,2026-07-29,2.0,PAID
31,136,2026-08-03,2026-08-11,8.0,LATE
31,137,2026-08-10,2026-08-14,4.0,LATE
31,138,2026-08-17,2026-08-25,8.0,LATE
31,139,2026-08-24,2026-08-28,4.0,LATE
31,140,2026-08-31,2026-09-07,7.0,LATE
31,141,2026-09-07,2026-09-13,6.0,LATE
31,142,2026-09-14,,,MISSED
31,143,2026-09-21,2026-09-22,1.0,PAID
31,144,2026-09-28,,,MISSED
31,145,2026-10-05,2026-10-10,5.0,LATE
31,146,2026-10-12,,,MISSED
31,147,2026-10-19,2026-10-22,3.0,PAID
31,148,2026-10-26,2026-10-31,5.0,LATE
31,149,2026-11-02,2026-11-08,6.0,LATE
31,150,2026-11-09,,,MISSED
31,151,2026-11-16,2026-11-17,1.0,PAID
31,152,2026-11-23,2026-11-28,5.0,LATE
31,153,2026-11-30,,,MISSED
31,154,2026-12-07,2026-12-11,4.0,LATE
31,155,2026-12-14,2026-12-18,4.0,LATE
31,156,2026-12-21,2026-12-26,5.0,LATE
32,1,2024-01-01,,,MISSED
32,2,2024-01-08,2024-01-12,4.0,LATE
32,3,2024-01-15,2024-01-19,4.0,LATE
32,4,2024-01-22,,,MISSED
32,5,2024-01-29,,,MISSED
32,6,2024-02-05,2024-02-10,5.0,LATE
32,7,2024-02-12,2024-02-14,2.0,PAID
32,8,2024-02-19,,,MISSED
32,9,2024-02-26,2024-03-02,5.0,LATE
32,10,2024-03-04,,,MISSED
32,11,2024-03-11,2024-03-18,7.0,LATE
32,12,2024-03-18,2024-03-23,5.0,LATE
32,13,2024-03-25,2024-04-03,9.0,LATE
32,14,2024-04-01,2024-04-07,6.0,LATE
32,15,2024-04-08,,,MISSED
32,16,2024-04-15,,,MISSED
32,17,2024-04-22,2024-05-03,11.0,LATE
32,18,2024-04-29,2024-05-07,8.0,LATE
32,19,2024-05-06,,,MISSED
32,20,2024-05-13,2024-05-21,8.0,LATE
32,21,2024-05-20,,,MISSED
32,22,2024-05-27,,,MISSED
32,23,2024-06-03,2024-06-08,5.0,LATE
32,24,2024-06-10,,,MISSED
32,25,2024-06-17,2024-06-18,1.0,PAID
32,26,2024-06-24,2024-06-28,4.0,LATE
32,27,2024-07-01,,,MISSED
32,28,2024-07-08,2024-07-13,5.0,LATE
32,29,2024-07-15,2024-07-22,7.0,LATE
32,30,2024-07-22,2024-07-27,5.0,LATE
32,31,2024-07-29,2024-08-07,9.0,LATE
32,32,2024-08-05,2024-08-12,7.0,LATE
32,33,2024-08-12,2024-08-15,3.0,PAID
32,34,2024-08-19,,,MISSED
32,35,2024-08-26,2024-09-05,10.0,LATE
32,36,2024-09-02,2024-09-06,4.0,LATE
32,37,2024-09-09,2024-09-12,3.0,PAID
32,38,2024-09-16,2024-09-19,3.0,PAID
32,39,2024-09-23,,,MISSED
32,40,2024-09-30,2024-10-07,7.0,LATE
32,41,2024-10-07,2024-10-11,4.0,LATE
32,42,2024-10-14,,,MISSED
32,43,2024-10-21,,,MISSED
32,44,2024-10-28,2024-11-03,6.0,LATE
32,45,2024-11-04,,,MISSED
32,46,2024-11-11,2024-11-14,3.0,PAID
32,47,2024-11-18,2024-11-20,2.0,PAID
32,48,2024-11-25,,,MISSED
32,49,2024-12-02,,,MISSED
32,50,2024-12-09,2024-12-14,5.0,LATE
32,51,2024-12-16,2024-12-22,6.0,LATE
32,52,2024-12-23,2024-12-29,6.0,LATE
32,53,2024-12-30,2025-01-04,5.0,LATE
32,54,2025-01-06,,,MISSED
32,55,2025-01-13,2025-01-20,7.0,LATE
32,56,2025-01-20,,,MISSED
32,57,2025-01-27,2025-01-31,4.0,LATE
32,58,2025-02-03,,,MISSED
32,59,2025-02-10,2025-02-12,2.0,PAID
32,60,2025-02-17,,,MISSED
32,61,2025-02-24,2025-03-02,6.0,LATE
32,62,2025-03-03,,,MISSED
32,63,2025-03-10,,,MISSED
32,64,2025-03-17,2025-03-25,8.0,LATE
32,65,2025-03-24,2025-03-27,3.0,PAID
32,66,2025-03-31,,,MISSED
32,67,2025-04-07,,,MISSED
32,68,2025-04-14,2025-04-19,5.0,LATE
32,69,2025-04-21,2025-04-28,7.0,LATE
32,70,2025-04-28,2025-05-05,7.0,LATE
32,71,2025-05-05,,,MISSED
32,72,2025-05-12,2025-05-18,6.0,LATE
32,73,2025-05-19,2025-05-23,4.0,LATE
32,74,2025-05-26,2025-06-02,7.0,LATE
32,75,2025-06-02,2025-06-07,5.0,LATE
32,76,2025-06-09,2025-06-17,8.0,LATE
32,77,2025-06-16,2025-06-20,4.0,LATE
32,78,2025-06-23,2025-06-29,6.0,LATE
32,79,2025-06-30,2025-07-07,7.0,LATE
32,80,2025-07-07,2025-07-13,6.0,LATE
32,81,2025-07-14,2025-07-16,2.0,PAID
32,82,2025-07-21,2025-07-25,4.0,LATE
32,83,2025-07-28,2025-07-31,3.0,PAID
32,84,2025-08-04,2025-08-11,7.0,LATE
32,85,2025-08-11,2025-08-15,4.0,LATE
32,86,2025-08-18,2025-08-25,7.0,LATE
32,87,2025-08-25,2025-08-30,5.0,LATE
32,88,2025-09-01,2025-09-04,3.0,PAID
32,89,2025-09-08,2025-09-15,7.0,LATE
32,90,2025-09-15,,,MISSED
32,91,2025-09-22,2025-09-25,3.0,PAID
32,92,2025-09-29,,,MISSED
32,93,2025-10-06,,,MISSED
32,94,2025-10-13,2025-10-15,2.0,PAID
32,95,2025-10-20,2025-10-26,6.0,LATE
32,96,2025-10-27,2025-10-29,2.0,PAID
32,97,2025-11-03,2025-11-08,5.0,LATE
32,98,2025-11-10,,,MISSED
32,99,2025-11-17,2025-11-20,3.0,PAID
32,100,2025-11-24,2025-12-02,8.0,LATE
32,101,2025-12-01,2025-12-10,9.0,LATE
32,102,2025-12-08,2025-12-11,3.0,PAID
32,103,2025-12-15,2025-12-23,8.0,LATE
32,104,2025-12-22,2025-12-26,4.0,LATE
32,105,2025-12-29,,,MISSED
32,106,2026-01-05,2026-01-06,1.0,PAID
32,107,2026-01-12,2026-01-16,4.0,LATE
32,108,2026-01-19,,,MISSED
32,109,2026-01-26,,,MISSED
32,110,2026-02-02,2026-02-09,7.0,LATE
32,111,2026-02-09,,,MISSED
32,112,2026-02-16,2026-02-18,2.0,PAID
32,113,2026-02-23,2026-02-25,2.0,PAID
32,114,2026-03-02,2026-03-10,8.0,LATE
32,115,2026-03-09,2026-03-15,6.0,LATE
32,116,2026-03-16,,,MISSED
32,117,2026-03-23,,,MISSED
32,118,2026-03-30,2026-04-02,3.0,PAID
32,119,2026-04-06,2026-04-14,8.0,LATE
32,120,2026-04-13,,,MISSED
32,121,2026-04-20,,,MISSED
32,122,2026-04-27,2026-05-02,5.0,LATE
32,123,2026-05-04,,,MISSED
32,124,2026-05-11,2026-05-13,2.0,PAID
32,125,2026-05-18,2026-05-21,3.0,PAID
32,126,2026-05-25,,,MISSED
32,127,2026-06-01,,,MISSED
32,128,2026-06-08,2026-06-13,5.0,LATE
32,129,2026-06-15,2026-06-22,7.0,LATE
32,130,2026-06-22,2026-06-26,4.0,LATE
32,131,2026-06-29,2026-07-04,5.0,LATE
32,132,2026-07-06,2026-07-08,2.0,PAID
32,133,2026-07-13,,,MISSED
32,134,2026-07-20,2026-07-22,2.0,PAID
32,135,2026-07-27,2026-08-01,5.0,LATE
32,136,2026-08-03,2026-08-10,7.0,LATE
32,137,2026-08-10,2026-08-16,6.0,LATE
32,138,2026-08-17,2026-08-21,4.0,LATE
32,139,2026-08-24,2026-08-29,5.0,LATE
32,140,2026-08-31,2026-09-01,1.0,PAID
32,141,2026-09-07,,,MISSED
32,142,2026-09-14,,,MISSED
32,143,2026-09-21,,,MISSED
32,144,2026-09-28,2026-10-03,5.0,LATE
32,145,2026-10-05,2026-10-09,4.0,LATE
32,146,2026-10-12,,,MISSED
32,147,2026-10-19,2026-10-25,6.0,LATE
32,148,2026-10-26,2026-10-31,5.0,LATE
32,149,2026-11-02,,,MISSED
32,150,2026-11-09,,,MISSED
32,151,2026-11-16,2026-11-21,5.0,LATE
32,152,2026-11-23,2026-11-28,5.0,LATE
32,153,2026-11-30,,,MISSED
32,154,2026-12-07,2026-12-12,5.0,LATE
32,155,2026-12-14,2026-12-18,4.0,LATE
32,156,2026-12-21,,,MISSED
33,1,2024-01-01,,,MISSED
33,2,2024-01-08,2024-01-11,3.0,PAID
33,3,2024-01-15,2024-01-21,6.0,LATE
33,4,2024-01-22,2024-01-26,4.0,LATE
33,5,2024-01-29,,,MISSED
33,6,2024-02-05,2024-02-10,5.0,LATE
33,7,2024-02-12,2024-02-16,4.0,LATE
33,8,2024-02-19,2024-02-24,5.0,LATE
33,9,2024-02-26,2024-03-02,5.0,LATE
33,10,2024-03-04,2024-03-08,4.0,LATE
33,11,2024-03-11,2024-03-14,3.0,PAID
33,12,2024-03-18,2024-03-23,5.0,LATE
33,13,2024-03-25,,,MISSED
33,14,2024-04-01,,,MISSED
33,15,2024-04-08,2024-04-19,11.0,LATE
33,16,2024-04-15,2024-04-22,7.0,LATE
33,17,2024-04-22,2024-04-24,2.0,PAID
33,18,2024-04-29,2024-05-01,2.0,PAID
33,19,2024-05-06,2024-05-07,1.0,PAID
33,20,2024-05-13,,,MISSED
33,21,2024-05-20,2024-05-23,3.0,PAID
33,22,2024-05-27,2024-05-28,1.0,PAID
33,23,2024-06-03,2024-06-08,5.0,LATE
33,24,2024-06-10,2024-06-13,3.0,PAID
33,25,2024-06-17,2024-06-23,6.0,LATE
33,26,2024-06-24,,,MISSED
33,27,2024-07-01,,,MISSED
33,28,2024-07-08,2024-07-10,2.0,PAID
33,29,2024-07-15,2024-07-17,2.0,PAID
33,30,2024-07-22,2024-08-01,10.0,LATE
33,31,2024-07-29,2024-08-04,6.0,LATE
33,32,2024-08-05,2024-08-11,6.0,LATE
33,33,2024-08-12,2024-08-22,10.0,LATE
33,34,2024-08-19,,,MISSED
33,35,2024-08-26,,,MISSED
33,36,2024-09-02,2024-09-09,7.0,LATE
33,37,2024-09-09,,,MISSED
33,38,2024-09-16,2024-09-19,3.0,PAID
33,39,2024-09-23,2024-10-01,8.0,LATE
33,40,2024-09-30,2024-09-30,0.0,PAID
33,41,2024-10-07,2024-10-10,3.0,PAID
33,42,2024-10-14,2024-10-21,7.0,LATE
33,43,2024-10-21,2024-10-25,4.0,LATE
33,44,2024-10-28,2024-11-01,4.0,LATE
33,45,2024-11-04,2024-11-12,8.0,LATE
33,46,2024-11-11,2024-11-16,5.0,LATE
33,47,2024-11-18,2024-11-23,5.0,LATE
33,48,2024-11-25,2024-11-27,2.0,PAID
33,49,2024-12-02,2024-12-08,6.0,LATE
33,50,2024-12-09,2024-12-10,1.0,PAID
33,51,2024-12-16,2024-12-18,2.0,PAID
33,52,2024-12-23,2024-12-27,4.0,LATE
33,53,2024-12-30,,,MISSED
33,54,2025-01-06,,,MISSED
33,55,2025-01-13,2025-01-19,6.0,LATE
33,56,2025-01-20,,,MISSED
33,57,2025-01-27,,,MISSED
33,58,2025-02-03,2025-02-07,4.0,LATE
33,59,2025-02-10,,,MISSED
33,60,2025-02-17,2025-02-19,2.0,PAID
33,61,2025-02-24,,,MISSED
33,62,2025-03-03,,,MISSED
33,63,2025-03-10,2025-03-13,3.0,PAID
33,64,2025-03-17,,,MISSED
33,65,2025-03-24,,,MISSED
33,66,2025-03-31,2025-04-08,8.0,LATE
33,67,2025-04-07,,,MISSED
33,68,2025-04-14,2025-04-18,4.0,LATE
33,69,2025-04-21,2025-04-27,6.0,LATE
33,70,2025-04-28,2025-04-30,2.0,PAID
33,71,2025-05-05,,,MISSED
33,72,2025-05-12,2025-05-15,3.0,PAID
33,73,2025-05-19,2025-05-22,3.0,PAID
33,74,2025-05-26,2025-06-03,8.0,LATE
33,75,2025-06-02,,,MISSED
33,76,2025-06-09,,,MISSED
33,77,2025-06-16,,,MISSED
33,78,2025-06-23,2025-06-28,5.0,LATE
33,79,2025-06-30,2025-07-05,5.0,LATE
33,80,2025-07-07,2025-07-12,5.0,LATE
33,81,2025-07-14,2025-07-18,4.0,LATE
33,82,2025-07-21,2025-07-29,8.0,LATE
33,83,2025-07-28,2025-08-03,6.0,LATE
33,84,2025-08-04,,,MISSED
33,85,2025-08-11,2025-08-17,6.0,LATE
33,86,2025-08-18,2025-08-21,3.0,PAID
33,87,2025-08-25,2025-08-30,5.0,LATE
33,88,2025-09-01,2025-09-04,3.0,PAID
33,89,2025-09-08,2025-09-09,1.0,PAID
33,90,2025-09-15,2025-09-16,1.0,PAID
33,91,2025-09-22,2025-09-25,3.0,PAID
33,92,2025-09-29,2025-10-06,7.0,LATE
33,93,2025-10-06,2025-10-08,2.0,PAID
33,94,2025-10-13,2025-10-22,9.0,LATE
33,95,2025-10-20,2025-10-25,5.0,LATE
33,96,2025-10-27,,,MISSED
33,97,2025-11-03,2025-11-08,5.0,LATE
33,98,2025-11-10,,,MISSED
33,99,2025-11-17,2025-11-23,6.0,LATE
33,100,2025-11-24,2025-12-01,7.0,LATE
33,101,2025-12-01,2025-12-06,5.0,LATE
33,102,2025-12-08,,,MISSED
33,103,2025-12-15,2025-12-20,5.0,LATE
33,104,2025-12-22,2025-12-27,5.0,LATE
33,105,2025-12-29,2026-01-04,6.0,LATE
33,106,2026-01-05,2026-01-12,7.0,LATE
33,107,2026-01-12,2026-01-15,3.0,PAID
33,108,2026-01-19,,,MISSED
33,109,2026-01-26,2026-02-06,11.0,LATE
33,110,2026-02-02,2026-02-05,3.0,PAID
33,111,2026-02-09,,,MISSED
33,112,2026-02-16,,,MISSED
33,113,2026-02-23,,,MISSED
33,114,2026-03-02,2026-03-05,3.0,PAID
33,115,2026-03-09,2026-03-14,5.0,LATE
33,116,2026-03-16,,,MISSED
33,117,2026-03-23,,,MISSED
33,118,2026-03-30,,,MISSED
33,119,2026-04-06,2026-04-09,3.0,PAID
33,120,2026-04-13,2026-04-16,3.0,PAID
33,121,2026-04-20,2026-04-22,2.0,PAID
33,122,2026-04-27,,,MISSED
33,123,2026-05-04,2026-05-08,4.0,LATE
33,124,2026-05-11,,,MISSED
33,125,2026-05-18,,,MISSED
33,126,2026-05-25,2026-05-31,6.0,LATE
33,127,2026-06-01,2026-06-06,5.0,LATE
33,128,2026-06-08,2026-06-10,2.0,PAID
33,129,2026-06-15,2026-06-20,5.0,LATE
33,130,2026-06-22,,,MISSED
33,131,2026-06-29,2026-07-05,6.0,LATE
33,132,2026-07-06,2026-07-10,4.0,LATE
33,133,2026-07-13,2026-07-16,3.0,PAID
33,134,2026-07-20,,,MISSED
33,135,2026-07-27,,,MISSED
33,136,2026-08-03,2026-08-07,4.0,LATE
33,137,2026-08-10,2026-08-15,5.0,LATE
33,138,2026-08-17,,,MISSED
33,139,2026-08-24,2026-08-29,5.0,LATE
33,140,2026-08-31,2026-09-05,5.0,LATE
33,141,2026-09-07,2026-09-12,5.0,LATE
33,142,2026-09-14,,,MISSED
33,143,2026-09-21,,,MISSED
33,144,2026-09-28,,,MISSED
33,145,2026-10-05,2026-10-08,3.0,PAID
33,146,2026-10-12,2026-10-22,10.0,LATE
33,147,2026-10-19,2026-10-22,3.0,PAID
33,148,2026-10-26,2026-10-30,4.0,LATE
33,149,2026-11-02,2026-11-08,6.0,LATE
33,150,2026-11-09,,,MISSED
33,151,2026-11-16,2026-11-25,9.0,LATE
33,152,2026-11-23,2026-11-27,4.0,LATE
33,153,2026-11-30,2026-12-06,6.0,LATE
33,154,2026-12-07,,,MISSED
33,155,2026-12-14,2026-12-16,2.0,PAID
33,156,2026-12-21,,,MISSED
34,1,2024-01-01,,,MISSED
34,2,2024-01-08,,,MISSED
34,3,2024-01-15,2024-01-22,7.0,LATE
34,4,2024-01-22,2024-01-25,3.0,PAID
34,5,2024-01-29,2024-02-01,3.0,PAID
34,6,2024-02-05,,,MISSED
34,7,2024-02-12,2024-02-17,5.0,LATE
34,8,2024-02-19,2024-02-21,2.0,PAID
34,9,2024-02-26,,,MISSED
34,10,2024-03-04,,,MISSED
34,11,2024-03-11,2024-03-16,5.0,LATE
34,12,2024-03-18,2024-03-28,10.0,LATE
34,13,2024-03-25,2024-04-01,7.0,LATE
34,14,2024-04-01,,,MISSED
34,15,2024-04-08,2024-04-14,6.0,LATE
34,16,2024-04-15,2024-04-19,4.0,LATE
34,17,2024-04-22,2024-04-27,5.0,LATE
34,18,2024-04-29,2024-05-03,4.0,LATE
34,19,2024-05-06,,,MISSED
34,20,2024-05-13,2024-05-19,6.0,LATE
34,21,2024-05-20,2024-05-24,4.0,LATE
34,22,2024-05-27,2024-06-02,6.0,LATE
34,23,2024-06-03,,,MISSED
34,24,2024-06-10,2024-06-15,5.0,LATE
34,25,2024-06-17,2024-06-20,3.0,PAID
34,26,2024-06-24,2024-06-28,4.0,LATE
34,27,2024-07-01,2024-07-05,4.0,LATE
34,28,2024-07-08,2024-07-11,3.0,PAID
34,29,2024-07-15,,,MISSED
34,30,2024-07-22,2024-07-29,7.0,LATE
34,31,2024-07-29,,,MISSED
34,32,2024-08-05,,,MISSED
34,33,2024-08-12,2024-08-19,7.0,LATE
34,34,2024-08-19,2024-08-25,6.0,LATE
34,35,2024-08-26,2024-09-04,9.0,LATE
34,36,2024-09-02,,,MISSED
34,37,2024-09-09,2024-09-11,2.0,PAID
34,38,2024-09-16,,,MISSED
34,39,2024-09-23,2024-09-29,6.0,LATE
34,40,2024-09-30,2024-10-05,5.0,LATE
34,41,2024-10-07,,,MISSED
34,42,2024-10-14,,,MISSED
34,43,2024-10-21,2024-10-26,5.0,LATE
34,44,2024-10-28,,,MISSED
34,45,2024-11-04,2024-11-06,2.0,PAID
34,46,2024-11-11,2024-11-14,3.0,PAID
34,47,2024-11-18,,,MISSED
34,48,2024-11-25,,,MISSED
34,49,2024-12-02,2024-12-05,3.0,PAID
34,50,2024-12-09,,,MISSED
34,51,2024-12-16,,,MISSED
34,52,2024-12-23,2024-12-28,5.0,LATE
34,53,2024-12-30,2025-01-03,4.0,LATE
34,54,2025-01-06,2025-01-13,7.0,LATE
34,55,2025-01-13,,,MISSED
34,56,2025-01-20,2025-01-24,4.0,LATE
34,57,2025-01-27,2025-01-31,4.0,LATE
34,58,2025-02-03,,,MISSED
34,59,2025-02-10,2025-02-16,6.0,LATE
34,60,2025-02-17,2025-02-20,3.0,PAID
34,61,2025-02-24,,,MISSED
34,62,2025-03-03,,,MISSED
34,63,2025-03-10,2025-03-15,5.0,LATE
34,64,2025-03-17,2025-03-20,3.0,PAID
34,65,2025-03-24,2025-03-27,3.0,PAID
34,66,2025-03-31,2025-04-06,6.0,LATE
34,67,2025-04-07,2025-04-15,8.0,LATE
34,68,2025-04-14,,,MISSED
34,69,2025-04-21,2025-04-27,6.0,LATE
34,70,2025-04-28,2025-05-03,5.0,LATE
34,71,2025-05-05,2025-05-10,5.0,LATE
34,72,2025-05-12,2025-05-21,9.0,LATE
34,73,2025-05-19,,,MISSED
34,74,2025-05-26,2025-05-29,3.0,PAID
34,75,2025-06-02,2025-06-06,4.0,LATE
34,76,2025-06-09,2025-06-12,3.0,PAID
34,77,2025-06-16,,,MISSED
34,78,2025-06-23,,,MISSED
34,79,2025-06-30,2025-07-03,3.0,PAID
34,80,2025-07-07,2025-07-14,7.0,LATE
34,81,2025-07-14,,,MISSED
34,82,2025-07-21,,,MISSED
34,83,2025-07-28,2025-08-03,6.0,LATE
34,84,2025-08-04,2025-08-04,0.0,PAID
34,85,2025-08-11,2025-08-14,3.0,PAID
34,86,2025-08-18,2025-08-20,2.0,PAID
34,87,2025-08-25,2025-08-30,5.0,LATE
34,88,2025-09-01,2025-09-04,3.0,PAID
34,89,2025-09-08,,,MISSED
34,90,2025-09-15,2025-09-19,4.0,LATE
34,91,2025-09-22,2025-09-29,7.0,LATE
34,92,2025-09-29,2025-10-03,4.0,LATE
34,93,2025-10-06,2025-10-11,5.0,LATE
34,94,2025-10-13,2025-10-17,4.0,LATE
34,95,2025-10-20,2025-10-28,8.0,LATE
34,96,2025-10-27,2025-11-01,5.0,LATE
34,97,2025-11-03,2025-11-09,6.0,LATE
34,98,2025-11-10,2025-11-13,3.0,PAID
34,99,2025-11-17,2025-11-24,7.0,LATE
34,100,2025-11-24,2025-12-01,7.0,LATE
34,101,2025-12-01,2025-12-04,3.0,PAID
34,102,2025-12-08,2025-12-18,10.0,LATE
34,103,2025-12-15,2025-12-20,5.0,LATE
34,104,2025-12-22,2025-12-26,4.0,LATE
34,105,2025-12-29,2026-01-04,6.0,LATE
34,106,2026-01-05,,,MISSED
34,107,2026-01-12,2026-01-16,4.0,LATE
34,108,2026-01-19,2026-01-25,6.0,LATE
34,109,2026-01-26,,,MISSED
34,110,2026-02-02,2026-02-04,2.0,PAID
34,111,2026-02-09,2026-02-15,6.0,LATE
34,112,2026-02-16,2026-02-22,6.0,LATE
34,113,2026-02-23,2026-02-28,5.0,LATE
34,114,2026-03-02,2026-03-05,3.0,PAID
34,115,2026-03-09,2026-03-17,8.0,LATE
34,116,2026-03-16,2026-03-19,3.0,PAID
34,117,2026-03-23,2026-03-29,6.0,LATE
34,118,2026-03-30,2026-04-05,6.0,LATE
34,119,2026-04-06,,,MISSED
34,120,2026-04-13,2026-04-15,2.0,PAID
34,121,2026-04-20,2026-04-26,6.0,LATE
34,122,2026-04-27,2026-05-02,5.0,LATE
34,123,2026-05-04,2026-05-09,5.0,LATE
34,124,2026-05-11,2026-05-17,6.0,LATE
34,125,2026-05-18,,,MISSED
34,126,2026-05-25,2026-06-01,7.0,LATE
34,127,2026-06-01,2026-06-09,8.0,LATE
34,128,2026-06-08,2026-06-11,3.0,PAID
34,129,2026-06-15,2026-06-19,4.0,LATE
34,130,2026-06-22,2026-06-28,6.0,LATE
34,131,2026-06-29,2026-07-03,4.0,LATE
34,132,2026-07-06,2026-07-11,5.0,LATE
34,133,2026-07-13,,,MISSED
34,134,2026-07-20,,,MISSED
34,135,2026-07-27,2026-07-31,4.0,LATE
34,136,2026-08-03,2026-08-06,3.0,PAID
34,137,2026-08-10,2026-08-15,5.0,LATE
34,138,2026-08-17,2026-08-23,6.0,LATE
34,139,2026-08-24,2026-08-29,5.0,LATE
34,140,2026-08-31,2026-09-08,8.0,LATE
34,141,2026-09-07,2026-09-09,2.0,PAID
34,142,2026-09-14,,,MISSED
34,143,2026-09-21,,,MISSED
34,144,2026-09-28,2026-10-03,5.0,LATE
34,145,2026-10-05,2026-10-10,5.0,LATE
34,146,2026-10-12,2026-10-20,8.0,LATE
34,147,2026-10-19,2026-10-22,3.0,PAID
34,148,2026-10-26,,,MISSED
34,149,2026-11-02,2026-11-08,6.0,LATE
34,150,2026-11-09,2026-11-17,8.0,LATE
34,151,2026-11-16,,,MISSED
34,152,2026-11-23,2026-11-27,4.0,LATE
34,153,2026-11-30,2026-12-02,2.0,PAID
34,154,2026-12-07,2026-12-10,3.0,PAID
34,155,2026-12-14,2026-12-26,12.0,LATE
34,156,2026-12-21,,,MISSED
35,1,2024-01-01,,,MISSED
35,2,2024-01-08,,,MISSED
35,3,2024-01-15,,,MISSED
35,4,2024-01-22,2024-01-23,1.0,PAID
35,5,2024-01-29,,,MISSED
35,6,2024-02-05,2024-02-07,2.0,PAID
35,7,2024-02-12,2024-02-14,2.0,PAID
35,8,2024-02-19,2024-02-23,4.0,LATE
35,9,2024-02-26,2024-03-01,4.0,LATE
35,10,2024-03-04,2024-03-08,4.0,LATE
35,11,2024-03-11,2024-03-12,1.0,PAID
35,12,2024-03-18,2024-03-22,4.0,LATE
35,13,2024-03-25,2024-03-27,2.0,PAID
35,14,2024-04-01,2024-04-02,1.0,PAID
35,15,2024-04-08,2024-04-09,1.0,PAID
35,16,2024-04-15,2024-04-18,3.0,PAID
35,17,2024-04-22,2024-04-24,2.0,PAID
35,18,2024-04-29,,,MISSED
35,19,2024-05-06,2024-05-07,1.0,PAID
35,20,2024-05-13,2024-05-21,8.0,LATE
35,21,2024-05-20,2024-05-21,1.0,PAID
35,22,2024-05-27,2024-05-29,2.0,PAID
35,23,2024-06-03,,,MISSED
35,24,2024-06-10,2024-06-14,4.0,LATE
35,25,2024-06-17,2024-06-20,3.0,PAID
35,26,2024-06-24,2024-06-25,1.0,PAID
35,27,2024-07-01,,,MISSED
35,28,2024-07-08,2024-07-13,5.0,LATE
35,29,2024-07-15,,,MISSED
35,30,2024-07-22,2024-07-25,3.0,PAID
35,31,2024-07-29,2024-07-31,2.0,PAID
35,32,2024-08-05,2024-08-07,2.0,PAID
35,33,2024-08-12,,,MISSED
35,34,2024-08-19,2024-08-22,3.0,PAID
35,35,2024-08-26,2024-08-27,1.0,PAID
35,36,2024-09-02,2024-09-02,0.0,PAID
35,37,2024-09-09,2024-09-11,2.0,PAID
35,38,2024-09-16,2024-09-21,5.0,LATE
35,39,2024-09-23,2024-09-26,3.0,PAID
35,40,2024-09-30,,,MISSED
35,41,2024-10-07,2024-10-09,2.0,PAID
35,42,2024-10-14,2024-10-20,6.0,LATE
35,43,2024-10-21,2024-10-24,3.0,PAID
35,44,2024-10-28,2024-10-28,0.0,PAID
35,45,2024-11-04,2024-11-06,2.0,PAID
35,46,2024-11-11,2024-11-12,1.0,PAID
35,47,2024-11-18,2024-11-20,2.0,PAID
35,48,2024-11-25,2024-11-26,1.0,PAID
35,49,2024-12-02,2024-12-03,1.0,PAID
35,50,2024-12-09,2024-12-10,1.0,PAID
35,51,2024-12-16,2024-12-18,2.0,PAID
35,52,2024-12-23,,,MISSED
35,53,2024-12-30,2024-12-31,1.0,PAID
35,54,2025-01-06,2025-01-08,2.0,PAID
35,55,2025-01-13,2025-01-17,4.0,LATE
35,56,2025-01-20,2025-01-25,5.0,LATE
35,57,2025-01-27,2025-01-29,2.0,PAID
35,58,2025-02-03,2025-02-07,4.0,LATE
35,59,2025-02-10,2025-02-12,2.0,PAID
35,60,2025-02-17,2025-02-19,2.0,PAID
35,61,2025-02-24,2025-02-26,2.0,PAID
35,62,2025-03-03,2025-03-06,3.0,PAID
35,63,2025-03-10,2025-03-11,1.0,PAID
35,64,2025-03-17,2025-03-20,3.0,PAID
35,65,2025-03-24,2025-03-25,1.0,PAID
35,66,2025-03-31,2025-04-02,2.0,PAID
35,67,2025-04-07,2025-04-10,3.0,PAID
35,68,2025-04-14,2025-04-16,2.0,PAID
35,69,2025-04-21,2025-04-23,2.0,PAID
35,70,2025-04-28,2025-04-30,2.0,PAID
35,71,2025-05-05,,,MISSED
35,72,2025-05-12,,,MISSED
35,73,2025-05-19,2025-05-22,3.0,PAID
35,74,2025-05-26,2025-05-29,3.0,PAID
35,75,2025-06-02,2025-06-03,1.0,PAID
35,76,2025-06-09,2025-06-10,1.0,PAID
35,77,2025-06-16,2025-06-19,3.0,PAID
35,78,2025-06-23,2025-06-26,3.0,PAID
35,79,2025-06-30,2025-07-02,2.0,PAID
35,80,2025-07-07,2025-07-10,3.0,PAID
35,81,2025-07-14,2025-07-15,1.0,PAID
35,82,2025-07-21,2025-07-24,3.0,PAID
35,83,2025-07-28,2025-07-30,2.0,PAID
35,84,2025-08-04,2025-08-09,5.0,LATE
35,85,2025-08-11,2025-08-13,2.0,PAID
35,86,2025-08-18,,,MISSED
35,87,2025-08-25,2025-08-28,3.0,PAID
35,88,2025-09-01,2025-09-05,4.0,LATE
35,89,2025-09-08,,,MISSED
35,90,2025-09-15,2025-09-16,1.0,PAID
35,91,2025-09-22,2025-09-25,3.0,PAID
35,92,2025-09-29,2025-10-03,4.0,LATE
35,93,2025-10-06,2025-10-09,3.0,PAID
35,94,2025-10-13,,,MISSED
35,95,2025-10-20,2025-10-23,3.0,PAID
35,96,2025-10-27,2025-10-28,1.0,PAID
35,97,2025-11-03,2025-11-04,1.0,PAID
35,98,2025-11-10,2025-11-11,1.0,PAID
35,99,2025-11-17,2025-11-20,3.0,PAID
35,100,2025-11-24,2025-11-25,1.0,PAID
35,101,2025-12-01,2025-12-04,3.0,PAID
35,102,2025-12-08,2025-12-10,2.0,PAID
35,103,2025-12-15,2025-12-19,4.0,LATE
35,104,2025-12-22,2025-12-24,2.0,PAID
35,105,2025-12-29,2026-01-02,4.0,LATE
35,106,2026-01-05,2026-01-07,2.0,PAID
35,107,2026-01-12,2026-01-16,4.0,LATE
35,108,2026-01-19,,,MISSED
35,109,2026-01-26,2026-01-27,1.0,PAID
35,110,2026-02-02,2026-02-03,1.0,PAID
35,111,2026-02-09,2026-02-12,3.0,PAID
35,112,2026-02-16,2026-02-16,0.0,PAID
35,113,2026-02-23,,,MISSED
35,114,2026-03-02,2026-03-03,1.0,PAID
35,115,2026-03-09,2026-03-11,2.0,PAID
35,116,2026-03-16,2026-03-18,2.0,PAID
35,117,2026-03-23,2026-03-25,2.0,PAID
35,118,2026-03-30,,,MISSED
35,119,2026-04-06,2026-04-10,4.0,LATE
35,120,2026-04-13,2026-04-14,1.0,PAID
35,121,2026-04-20,2026-04-23,3.0,PAID
35,122,2026-04-27,2026-04-28,1.0,PAID
35,123,2026-05-04,2026-05-05,1.0,PAID
35,124,2026-05-11,2026-05-11,0.0,PAID
35,125,2026-05-18,,,MISSED
35,126,2026-05-25,2026-05-30,5.0,LATE
35,127,2026-06-01,2026-06-04,3.0,PAID
35,128,2026-06-08,2026-06-12,4.0,LATE
35,129,2026-06-15,,,MISSED
35,130,2026-06-22,,,MISSED
35,131,2026-06-29,,,MISSED
35,132,2026-07-06,,,MISSED
35,133,2026-07-13,2026-07-15,2.0,PAID
35,134,2026-07-20,2026-07-23,3.0,PAID
35,135,2026-07-27,2026-07-29,2.0,PAID
35,136,2026-08-03,2026-08-08,5.0,LATE
35,137,2026-08-10,2026-08-11,1.0,PAID
35,138,2026-08-17,2026-08-18,1.0,PAID
35,139,2026-08-24,2026-08-25,1.0,PAID
35,140,2026-08-31,,,MISSED
35,141,2026-09-07,2026-09-10,3.0,PAID
35,142,2026-09-14,2026-09-16,2.0,PAID
35,143,2026-09-21,2026-09-24,3.0,PAID
35,144,2026-09-28,,,MISSED
35,145,2026-10-05,2026-10-06,1.0,PAID
35,146,2026-10-12,2026-10-16,4.0,LATE
35,147,2026-10-19,2026-10-20,1.0,PAID
35,148,2026-10-26,2026-10-28,2.0,PAID
35,149,2026-11-02,2026-11-04,2.0,PAID
35,150,2026-11-09,2026-11-12,3.0,PAID
35,151,2026-11-16,2026-11-20,4.0,LATE
35,152,2026-11-23,2026-11-27,4.0,LATE
35,153,2026-11-30,2026-12-02,2.0,PAID
35,154,2026-12-07,2026-12-11,4.0,LATE
35,155,2026-12-14,2026-12-16,2.0,PAID
35,156,2026-12-21,2026-12-23,2.0,PAID
36,1,2024-01-01,2024-01-04,3.0,PAID
36,2,2024-01-08,2024-01-13,5.0,LATE
36,3,2024-01-15,2024-01-20,5.0,LATE
36,4,2024-01-22,2024-01-25,3.0,PAID
36,5,2024-01-29,,,MISSED
36,6,2024-02-05,2024-02-09,4.0,LATE
36,7,2024-02-12,2024-02-16,4.0,LATE
36,8,2024-02-19,2024-02-20,1.0,PAID
36,9,2024-02-26,,,MISSED
36,10,2024-03-04,2024-03-07,3.0,PAID
36,11,2024-03-11,,,MISSED
36,12,2024-03-18,2024-03-19,1.0,PAID
36,13,2024-03-25,2024-03-28,3.0,PAID
36,14,2024-04-01,2024-04-04,3.0,PAID
36,15,2024-04-08,2024-04-09,1.0,PAID
36,16,2024-04-15,2024-04-21,6.0,LATE
36,17,2024-04-22,,,MISSED
36,18,2024-04-29,,,MISSED
36,19,2024-05-06,2024-05-13,7.0,LATE
36,20,2024-05-13,,,MISSED
36,21,2024-05-20,2024-05-21,1.0,PAID
36,22,2024-05-27,2024-05-30,3.0,PAID
36,23,2024-06-03,2024-06-09,6.0,LATE
36,24,2024-06-10,,,MISSED
36,25,2024-06-17,2024-06-21,4.0,LATE
36,26,2024-06-24,2024-07-02,8.0,LATE
36,27,2024-07-01,2024-07-10,9.0,LATE
36,28,2024-07-08,2024-07-16,8.0,LATE
36,29,2024-07-15,2024-07-17,2.0,PAID
36,30,2024-07-22,2024-07-24,2.0,PAID
36,31,2024-07-29,2024-08-02,4.0,LATE
36,32,2024-08-05,,,MISSED
36,33,2024-08-12,2024-08-13,1.0,PAID
36,34,2024-08-19,,,MISSED
36,35,2024-08-26,2024-09-01,6.0,LATE
36,36,2024-09-02,2024-09-09,7.0,LATE
36,37,2024-09-09,2024-09-11,2.0,PAID
36,38,2024-09-16,,,MISSED
36,39,2024-09-23,,,MISSED
36,40,2024-09-30,,,MISSED
36,41,2024-10-07,,,MISSED
36,42,2024-10-14,2024-10-18,4.0,LATE
36,43,2024-10-21,2024-10-24,3.0,PAID
36,44,2024-10-28,2024-11-01,4.0,LATE
36,45,2024-11-04,,,MISSED
36,46,2024-11-11,,,MISSED
36,47,2024-11-18,2024-11-27,9.0,LATE
36,48,2024-11-25,2024-11-28,3.0,PAID
36,49,2024-12-02,2024-12-08,6.0,LATE
36,50,2024-12-09,2024-12-13,4.0,LATE
36,51,2024-12-16,2024-12-22,6.0,LATE
36,52,2024-12-23,2024-12-29,6.0,LATE
36,53,2024-12-30,2025-01-03,4.0,LATE
36,54,2025-01-06,2025-01-13,7.0,LATE
36,55,2025-01-13,2025-01-20,7.0,LATE
36,56,2025-01-20,2025-01-26,6.0,LATE
36,57,2025-01-27,2025-01-31,4.0,LATE
36,58,2025-02-03,,,MISSED
36,59,2025-02-10,2025-02-11,1.0,PAID
36,60,2025-02-17,2025-02-19,2.0,PAID
36,61,2025-02-24,2025-02-25,1.0,PAID
36,62,2025-03-03,2025-03-06,3.0,PAID
36,63,2025-03-10,,,MISSED
36,64,2025-03-17,,,MISSED
36,65,2025-03-24,,,MISSED
36,66,2025-03-31,2025-04-03,3.0,PAID
36,67,2025-04-07,,,MISSED
36,68,2025-04-14,2025-04-21,7.0,LATE
36,69,2025-04-21,2025-04-23,2.0,PAID
36,70,2025-04-28,2025-05-03,5.0,LATE
36,71,2025-05-05,2025-05-07,2.0,PAID
36,72,2025-05-12,,,MISSED
36,73,2025-05-19,,,MISSED
36,74,2025-05-26,2025-05-31,5.0,LATE
36,75,2025-06-02,2025-06-07,5.0,LATE
36,76,2025-06-09,2025-06-13,4.0,LATE
36,77,2025-06-16,,,MISSED
36,78,2025-06-23,2025-06-27,4.0,LATE
36,79,2025-06-30,2025-07-08,8.0,LATE
36,80,2025-07-07,2025-07-09,2.0,PAID
36,81,2025-07-14,2025-07-16,2.0,PAID
36,82,2025-07-21,,,MISSED
36,83,2025-07-28,2025-08-01,4.0,LATE
36,84,2025-08-04,2025-08-08,4.0,LATE
36,85,2025-08-11,2025-08-15,4.0,LATE
36,86,2025-08-18,,,MISSED
36,87,2025-08-25,,,MISSED
36,88,2025-09-01,2025-09-05,4.0,LATE
36,89,2025-09-08,2025-09-11,3.0,PAID
36,90,2025-09-15,2025-09-16,1.0,PAID
36,91,2025-09-22,,,MISSED
36,92,2025-09-29,2025-10-02,3.0,PAID
36,93,2025-10-06,,,MISSED
36,94,2025-10-13,2025-10-17,4.0,LATE
36,95,2025-10-20,,,MISSED
36,96,2025-10-27,2025-11-05,9.0,LATE
36,97,2025-11-03,2025-11-09,6.0,LATE
36,98,2025-11-10,2025-11-15,5.0,LATE
36,99,2025-11-17,2025-11-21,4.0,LATE
36,100,2025-11-24,2025-11-28,4.0,LATE
36,101,2025-12-01,2025-12-03,2.0,PAID
36,102,2025-12-08,,,MISSED
36,103,2025-12-15,,,MISSED
36,104,2025-12-22,2025-12-26,4.0,LATE
36,105,2025-12-29,,,MISSED
36,106,2026-01-05,2026-01-09,4.0,LATE
36,107,2026-01-12,2026-01-14,2.0,PAID
36,108,2026-01-19,,,MISSED
36,109,2026-01-26,2026-01-30,4.0,LATE
36,110,2026-02-02,,,MISSED
36,111,2026-02-09,2026-02-12,3.0,PAID
36,112,2026-02-16,2026-02-17,1.0,PAID
36,113,2026-02-23,2026-02-28,5.0,LATE
36,114,2026-03-02,2026-03-06,4.0,LATE
36,115,2026-03-09,,,MISSED
36,116,2026-03-16,2026-03-19,3.0,PAID
36,117,2026-03-23,,,MISSED
36,118,2026-03-30,2026-04-02,3.0,PAID
36,119,2026-04-06,2026-04-11,5.0,LATE
36,120,2026-04-13,2026-04-19,6.0,LATE
36,121,2026-04-20,2026-04-25,5.0,LATE
36,122,2026-04-27,,,MISSED
36,123,2026-05-04,2026-05-05,1.0,PAID
36,124,2026-05-11,,,MISSED
36,125,2026-05-18,,,MISSED
36,126,2026-05-25,2026-05-28,3.0,PAID
36,127,2026-06-01,2026-06-06,5.0,LATE
36,128,2026-06-08,,,MISSED
36,129,2026-06-15,2026-06-21,6.0,LATE
36,130,2026-06-22,2026-06-23,1.0,PAID
36,131,2026-06-29,2026-07-01,2.0,PAID
36,132,2026-07-06,2026-07-08,2.0,PAID
36,133,2026-07-13,2026-07-23,10.0,LATE
36,134,2026-07-20,2026-07-23,3.0,PAID
36,135,2026-07-27,2026-07-31,4.0,LATE
36,136,2026-08-03,2026-08-05,2.0,PAID
36,137,2026-08-10,2026-08-16,6.0,LATE
36,138,2026-08-17,2026-08-19,2.0,PAID
36,139,2026-08-24,,,MISSED
36,140,2026-08-31,2026-09-01,1.0,PAID
36,141,2026-09-07,2026-09-08,1.0,PAID
36,142,2026-09-14,2026-09-19,5.0,LATE
36,143,2026-09-21,,,MISSED
36,144,2026-09-28,2026-10-01,3.0,PAID
36,145,2026-10-05,,,MISSED
36,146,2026-10-12,2026-10-17,5.0,LATE
36,147,2026-10-19,,,MISSED
36,148,2026-10-26,2026-10-30,4.0,LATE
36,149,2026-11-02,2026-11-07,5.0,LATE
36,150,2026-11-09,2026-11-11,2.0,PAID
36,151,2026-11-16,,,MISSED
36,152,2026-11-23,,,MISSED
36,153,2026-11-30,,,MISSED
36,154,2026-12-07,,,MISSED
36,155,2026-12-14,2026-12-20,6.0,LATE
36,156,2026-12-21,2026-12-30,9.0,LATE
37,1,2024-01-01,2024-01-11,10.0,LATE
37,2,2024-01-08,2024-01-14,6.0,LATE
37,3,2024-01-15,2024-01-19,4.0,LATE
37,4,2024-01-22,2024-01-29,7.0,LATE
37,5,2024-01-29,2024-02-07,9.0,LATE
37,6,2024-02-05,,,MISSED
37,7,2024-02-12,2024-02-23,11.0,LATE
37,8,2024-02-19,,,MISSED
37,9,2024-02-26,,,MISSED
37,10,2024-03-04,2024-03-11,7.0,LATE
37,11,2024-03-11,2024-03-15,4.0,LATE
37,12,2024-03-18,2024-03-26,8.0,LATE
37,13,2024-03-25,2024-04-02,8.0,LATE
37,14,2024-04-01,2024-04-13,12.0,LATE
37,15,2024-04-08,2024-04-17,9.0,LATE
37,16,2024-04-15,,,MISSED
37,17,2024-04-22,,,MISSED
37,18,2024-04-29,,,MISSED
37,19,2024-05-06,2024-05-14,8.0,LATE
37,20,2024-05-13,2024-05-17,4.0,LATE
37,21,2024-05-20,2024-05-26,6.0,LATE
37,22,2024-05-27,,,MISSED
37,23,2024-06-03,2024-06-10,7.0,LATE
37,24,2024-06-10,,,MISSED
37,25,2024-06-17,2024-06-21,4.0,LATE
37,26,2024-06-24,2024-06-30,6.0,LATE
37,27,2024-07-01,2024-07-09,8.0,LATE
37,28,2024-07-08,2024-07-13,5.0,LATE
37,29,2024-07-15,,,MISSED
37,30,2024-07-22,2024-07-26,4.0,LATE
37,31,2024-07-29,2024-08-09,11.0,LATE
37,32,2024-08-05,,,MISSED
37,33,2024-08-12,2024-08-21,9.0,LATE
37,34,2024-08-19,2024-08-24,5.0,LATE
37,35,2024-08-26,2024-09-08,13.0,LATE
37,36,2024-09-02,2024-09-06,4.0,LATE
37,37,2024-09-09,,,MISSED
37,38,2024-09-16,,,MISSED
37,39,2024-09-23,,,MISSED
37,40,2024-09-30,,,MISSED
37,41,2024-10-07,2024-10-09,2.0,PAID
37,42,2024-10-14,2024-10-20,6.0,LATE
37,43,2024-10-21,2024-10-28,7.0,LATE
37,44,2024-10-28,2024-11-02,5.0,LATE
37,45,2024-11-04,2024-11-15,11.0,LATE
37,46,2024-11-11,2024-11-20,9.0,LATE
37,47,2024-11-18,2024-11-26,8.0,LATE
37,48,2024-11-25,,,MISSED
37,49,2024-12-02,,,MISSED
37,50,2024-12-09,2024-12-21,12.0,LATE
37,51,2024-12-16,2024-12-23,7.0,LATE
37,52,2024-12-23,,,MISSED
37,53,2024-12-30,,,MISSED
37,54,2025-01-06,2025-01-11,5.0,LATE
37,55,2025-01-13,2025-01-19,6.0,LATE
37,56,2025-01-20,2025-01-29,9.0,LATE
37,57,2025-01-27,2025-02-04,8.0,LATE
37,58,2025-02-03,2025-02-09,6.0,LATE
37,59,2025-02-10,2025-02-15,5.0,LATE
37,60,2025-02-17,2025-02-25,8.0,LATE
37,61,2025-02-24,,,MISSED
37,62,2025-03-03,2025-03-14,11.0,LATE
37,63,2025-03-10,2025-03-21,11.0,LATE
37,64,2025-03-17,,,MISSED
37,65,2025-03-24,2025-03-26,2.0,PAID
37,66,2025-03-31,2025-04-07,7.0,LATE
37,67,2025-04-07,2025-04-12,5.0,LATE
37,68,2025-04-14,2025-04-23,9.0,LATE
37,69,2025-04-21,2025-04-27,6.0,LATE
37,70,2025-04-28,,,MISSED
37,71,2025-05-05,2025-05-18,13.0,LATE
37,72,2025-05-12,2025-05-18,6.0,LATE
37,73,2025-05-19,2025-05-24,5.0,LATE
37,74,2025-05-26,2025-05-29,3.0,PAID
37,75,2025-06-02,2025-06-11,9.0,LATE
37,76,2025-06-09,2025-06-14,5.0,LATE
37,77,2025-06-16,2025-06-21,5.0,LATE
37,78,2025-06-23,,,MISSED
37,79,2025-06-30,,,MISSED
37,80,2025-07-07,2025-07-15,8.0,LATE
37,81,2025-07-14,2025-07-21,7.0,LATE
37,82,2025-07-21,2025-07-27,6.0,LATE
37,83,2025-07-28,2025-08-04,7.0,LATE
37,84,2025-08-04,2025-08-12,8.0,LATE
37,85,2025-08-11,2025-08-19,8.0,LATE
37,86,2025-08-18,2025-08-27,9.0,LATE
37,87,2025-08-25,,,MISSED
37,88,2025-09-01,2025-09-08,7.0,LATE
37,89,2025-09-08,2025-09-11,3.0,PAID
37,90,2025-09-15,2025-09-25,10.0,LATE
37,91,2025-09-22,2025-09-30,8.0,LATE
37,92,2025-09-29,2025-10-05,6.0,LATE
37,93,2025-10-06,2025-10-15,9.0,LATE
37,94,2025-10-13,,,MISSED
37,95,2025-10-20,,,MISSED
37,96,2025-10-27,,,MISSED
37,97,2025-11-03,2025-11-03,0.0,PAID
37,98,2025-11-10,,,MISSED
37,99,2025-11-17,,,MISSED
37,100,2025-11-24,2025-11-29,5.0,LATE
37,101,2025-12-01,2025-12-10,9.0,LATE
37,102,2025-12-08,2025-12-15,7.0,LATE
37,103,2025-12-15,2025-12-22,7.0,LATE
37,104,2025-12-22,,,MISSED
37,105,2025-12-29,2026-01-02,4.0,LATE
37,106,2026-01-05,2026-01-10,5.0,LATE
37,107,2026-01-12,2026-01-15,3.0,PAID
37,108,2026-01-19,2026-01-23,4.0,LATE
37,109,2026-01-26,2026-02-05,10.0,LATE
37,110,2026-02-02,2026-02-04,2.0,PAID
37,111,2026-02-09,2026-02-12,3.0,PAID
37,112,2026-02-16,,,MISSED
37,113,2026-02-23,2026-02-26,3.0,PAID
37,114,2026-03-02,,,MISSED
37,115,2026-03-09,,,MISSED
37,116,2026-03-16,2026-03-24,8.0,LATE
37,117,2026-03-23,2026-03-25,2.0,PAID
37,118,2026-03-30,,,MISSED
37,119,2026-04-06,,,MISSED
37,120,2026-04-13,2026-04-16,3.0,PAID
37,121,2026-04-20,2026-04-27,7.0,LATE
37,122,2026-04-27,2026-04-29,2.0,PAID
37,123,2026-05-04,2026-05-11,7.0,LATE
37,124,2026-05-11,,,MISSED
37,125,2026-05-18,2026-05-25,7.0,LATE
37,126,2026-05-25,2026-05-31,6.0,LATE
37,127,2026-06-01,,,MISSED
37,128,2026-06-08,2026-06-18,10.0,LATE
37,129,2026-06-15,2026-06-24,9.0,LATE
37,130,2026-06-22,2026-06-29,7.0,LATE
37,131,2026-06-29,,,MISSED
37,132,2026-07-06,2026-07-13,7.0,LATE
37,133,2026-07-13,2026-07-19,6.0,LATE
37,134,2026-07-20,,,MISSED
37,135,2026-07-27,,,MISSED
37,136,2026-08-03,,,MISSED
37,137,2026-08-10,2026-08-19,9.0,LATE
37,138,2026-08-17,,,MISSED
37,139,2026-08-24,2026-08-29,5.0,LATE
37,140,2026-08-31,2026-09-07,7.0,LATE
37,141,2026-09-07,2026-09-11,4.0,LATE
37,142,2026-09-14,2026-09-20,6.0,LATE
37,143,2026-09-21,2026-10-01,10.0,LATE
37,144,2026-09-28,2026-10-05,7.0,LATE
37,145,2026-10-05,2026-10-12,7.0,LATE
37,146,2026-10-12,2026-10-19,7.0,LATE
37,147,2026-10-19,2026-10-30,11.0,LATE
37,148,2026-10-26,2026-11-04,9.0,LATE
37,149,2026-11-02,,,MISSED
37,150,2026-11-09,2026-11-16,7.0,LATE
37,151,2026-11-16,2026-11-23,7.0,LATE
37,152,2026-11-23,2026-11-29,6.0,LATE
37,153,2026-11-30,,,MISSED
37,154,2026-12-07,2026-12-13,6.0,LATE
37,155,2026-12-14,2026-12-20,6.0,LATE
37,156,2026-12-21,2026-12-26,5.0,LATE
38,1,2024-01-01,2024-01-10,9.0,LATE
38,2,2024-01-08,2024-01-13,5.0,LATE
38,3,2024-01-15,2024-01-18,3.0,PAID
38,4,2024-01-22,2024-02-02,11.0,LATE
38,5,2024-01-29,,,MISSED
38,6,2024-02-05,2024-02-15,10.0,LATE
38,7,2024-02-12,,,MISSED
38,8,2024-02-19,2024-02-22,3.0,PAID
38,9,2024-02-26,,,MISSED
38,10,2024-03-04,2024-03-11,7.0,LATE
38,11,2024-03-11,2024-03-15,4.0,LATE
38,12,2024-03-18,2024-03-24,6.0,LATE
38,13,2024-03-25,2024-03-27,2.0,PAID
38,14,2024-04-01,2024-04-08,7.0,LATE
38,15,2024-04-08,2024-04-11,3.0,PAID
38,16,2024-04-15,,,MISSED
38,17,2024-04-22,2024-04-25,3.0,PAID
38,18,2024-04-29,,,MISSED
38,19,2024-05-06,,,MISSED
38,20,2024-05-13,2024-05-18,5.0,LATE
38,21,2024-05-20,2024-05-27,7.0,LATE
38,22,2024-05-27,2024-06-02,6.0,LATE
38,23,2024-06-03,2024-06-13,10.0,LATE
38,24,2024-06-10,2024-06-18,8.0,LATE
38,25,2024-06-17,,,MISSED
38,26,2024-06-24,2024-06-29,5.0,LATE
38,27,2024-07-01,,,MISSED
38,28,2024-07-08,2024-07-15,7.0,LATE
38,29,2024-07-15,,,MISSED
38,30,2024-07-22,,,MISSED
38,31,2024-07-29,,,MISSED
38,32,2024-08-05,2024-08-09,4.0,LATE
38,33,2024-08-12,,,MISSED
38,34,2024-08-19,2024-08-25,6.0,LATE
38,35,2024-08-26,2024-08-31,5.0,LATE
38,36,2024-09-02,,,MISSED
38,37,2024-09-09,2024-09-13,4.0,LATE
38,38,2024-09-16,2024-09-23,7.0,LATE
38,39,2024-09-23,2024-10-04,11.0,LATE
38,40,2024-09-30,2024-10-06,6.0,LATE
38,41,2024-10-07,,,MISSED
38,42,2024-10-14,2024-10-19,5.0,LATE
38,43,2024-10-21,2024-10-29,8.0,LATE
38,44,2024-10-28,2024-11-04,7.0,LATE
38,45,2024-11-04,,,MISSED
38,46,2024-11-11,2024-11-20,9.0,LATE
38,47,2024-11-18,2024-11-21,3.0,PAID
38,48,2024-11-25,,,MISSED
38,49,2024-12-02,2024-12-06,4.0,LATE
38,50,2024-12-09,2024-12-17,8.0,LATE
38,51,2024-12-16,2024-12-23,7.0,LATE
38,52,2024-12-23,,,MISSED
38,53,2024-12-30,2025-01-02,3.0,PAID
38,54,2025-01-06,2025-01-13,7.0,LATE
38,55,2025-01-13,,,MISSED
38,56,2025-01-20,,,MISSED
38,57,2025-01-27,,,MISSED
38,58,2025-02-03,2025-02-08,5.0,LATE
38,59,2025-02-10,2025-02-13,3.0,PAID
38,60,2025-02-17,,,MISSED
38,61,2025-02-24,2025-02-27,3.0,PAID
38,62,2025-03-03,,,MISSED
38,63,2025-03-10,,,MISSED
38,64,2025-03-17,2025-03-22,5.0,LATE
38,65,2025-03-24,2025-03-30,6.0,LATE
38,66,2025-03-31,2025-04-10,10.0,LATE
38,67,2025-04-07,2025-04-16,9.0,LATE
38,68,2025-04-14,,,MISSED
38,69,2025-04-21,2025-04-25,4.0,LATE
38,70,2025-04-28,2025-05-05,7.0,LATE
38,71,2025-05-05,2025-05-11,6.0,LATE
38,72,2025-05-12,2025-05-20,8.0,LATE
38,73,2025-05-19,2025-05-26,7.0,LATE
38,74,2025-05-26,,,MISSED
38,75,2025-06-02,,,MISSED
38,76,2025-06-09,2025-06-12,3.0,PAID
38,77,2025-06-16,2025-06-24,8.0,LATE
38,78,2025-06-23,,,MISSED
38,79,2025-06-30,2025-07-04,4.0,LATE
38,80,2025-07-07,2025-07-13,6.0,LATE
38,81,2025-07-14,2025-07-19,5.0,LATE
38,82,2025-07-21,2025-07-27,6.0,LATE
38,83,2025-07-28,2025-08-02,5.0,LATE
38,84,2025-08-04,2025-08-12,8.0,LATE
38,85,2025-08-11,2025-08-16,5.0,LATE
38,86,2025-08-18,,,MISSED
38,87,2025-08-25,,,MISSED
38,88,2025-09-01,2025-09-07,6.0,LATE
38,89,2025-09-08,2025-09-17,9.0,LATE
38,90,2025-09-15,2025-09-19,4.0,LATE
38,91,2025-09-22,2025-10-04,12.0,LATE
38,92,2025-09-29,2025-10-06,7.0,LATE
38,93,2025-10-06,2025-10-14,8.0,LATE
38,94,2025-10-13,2025-10-20,7.0,LATE
38,95,2025-10-20,2025-10-30,10.0,LATE
38,96,2025-10-27,2025-11-05,9.0,LATE
38,97,2025-11-03,2025-11-08,5.0,LATE
38,98,2025-11-10,,,MISSED
38,99,2025-11-17,2025-11-23,6.0,LATE
38,100,2025-11-24,,,MISSED
38,101,2025-12-01,2025-12-03,2.0,PAID
38,102,2025-12-08,2025-12-15,7.0,LATE
38,103,2025-12-15,2025-12-19,4.0,LATE
38,104,2025-12-22,,,MISSED
38,105,2025-12-29,,,MISSED
38,106,2026-01-05,2026-01-12,7.0,LATE
38,107,2026-01-12,,,MISSED
38,108,2026-01-19,,,MISSED
38,109,2026-01-26,2026-01-31,5.0,LATE
38,110,2026-02-02,2026-02-09,7.0,LATE
38,111,2026-02-09,,,MISSED
38,112,2026-02-16,2026-02-22,6.0,LATE
38,113,2026-02-23,2026-03-06,11.0,LATE
38,114,2026-03-02,2026-03-12,10.0,LATE
38,115,2026-03-09,,,MISSED
38,116,2026-03-16,2026-03-24,8.0,LATE
38,117,2026-03-23,2026-04-02,10.0,LATE
38,118,2026-03-30,,,MISSED
38,119,2026-04-06,2026-04-11,5.0,LATE
38,120,2026-04-13,2026-04-23,10.0,LATE
38,121,2026-04-20,,,MISSED
38,122,2026-04-27,2026-05-06,9.0,LATE
38,123,2026-05-04,2026-05-14,10.0,LATE
38,124,2026-05-11,2026-05-17,6.0,LATE
38,125,2026-05-18,2026-05-22,4.0,LATE
38,126,2026-05-25,2026-06-01,7.0,LATE
38,127,2026-06-01,2026-06-07,6.0,LATE
38,128,2026-06-08,2026-06-17,9.0,LATE
38,129,2026-06-15,2026-06-17,2.0,PAID
38,130,2026-06-22,2026-06-29,7.0,LATE
38,131,2026-06-29,2026-07-03,4.0,LATE
38,132,2026-07-06,2026-07-13,7.0,LATE
38,133,2026-07-13,2026-07-19,6.0,LATE
38,134,2026-07-20,,,MISSED
38,135,2026-07-27,2026-08-01,5.0,LATE
38,136,2026-08-03,2026-08-11,8.0,LATE
38,137,2026-08-10,,,MISSED
38,138,2026-08-17,,,MISSED
38,139,2026-08-24,,,MISSED
38,140,2026-08-31,2026-09-07,7.0,LATE
38,141,2026-09-07,2026-09-10,3.0,PAID
38,142,2026-09-14,2026-09-21,7.0,LATE
38,143,2026-09-21,2026-10-04,13.0,LATE
38,144,2026-09-28,2026-10-05,7.0,LATE
38,145,2026-10-05,2026-10-15,10.0,LATE
38,146,2026-10-12,2026-10-15,3.0,PAID
38,147,2026-10-19,2026-10-25,6.0,LATE
38,148,2026-10-26,,,MISSED
38,149,2026-11-02,2026-11-10,8.0,LATE
38,150,2026-11-09,,,MISSED
38,151,2026-11-16,,,MISSED
38,152,2026-11-23,2026-11-26,3.0,PAID
38,153,2026-11-30,2026-12-07,7.0,LATE
38,154,2026-12-07,2026-12-13,6.0,LATE
38,155,2026-12-14,,,MISSED
38,156,2026-12-21,2026-12-26,5.0,LATE
39,1,2024-01-01,2024-01-06,5.0,LATE
39,2,2024-01-08,2024-01-13,5.0,LATE
39,3,2024-01-15,2024-01-16,1.0,PAID
39,4,2024-01-22,2024-01-23,1.0,PAID
39,5,2024-01-29,,,MISSED
39,6,2024-02-05,2024-02-05,0.0,PAID
39,7,2024-02-12,2024-02-16,4.0,LATE
39,8,2024-02-19,2024-02-21,2.0,PAID
39,9,2024-02-26,2024-03-02,5.0,LATE
39,10,2024-03-04,2024-03-06,2.0,PAID
39,11,2024-03-11,2024-03-12,1.0,PAID
39,12,2024-03-18,,,MISSED
39,13,2024-03-25,2024-03-27,2.0,PAID
39,14,2024-04-01,2024-04-04,3.0,PAID
39,15,2024-04-08,2024-04-09,1.0,PAID
39,16,2024-04-15,2024-04-17,2.0,PAID
39,17,2024-04-22,,,MISSED
39,18,2024-04-29,2024-05-01,2.0,PAID
39,19,2024-05-06,2024-05-06,0.0,PAID
39,20,2024-05-13,2024-05-16,3.0,PAID
39,21,2024-05-20,2024-05-22,2.0,PAID
39,22,2024-05-27,2024-05-28,1.0,PAID
39,23,2024-06-03,2024-06-03,0.0,PAID
39,24,2024-06-10,2024-06-15,5.0,LATE
39,25,2024-06-17,,,MISSED
39,26,2024-06-24,2024-06-28,4.0,LATE
39,27,2024-07-01,2024-07-05,4.0,LATE
39,28,2024-07-08,2024-07-12,4.0,LATE
39,29,2024-07-15,2024-07-19,4.0,LATE
39,30,2024-07-22,2024-07-23,1.0,PAID
39,31,2024-07-29,2024-08-01,3.0,PAID
39,32,2024-08-05,,,MISSED
39,33,2024-08-12,2024-08-14,2.0,PAID
39,34,2024-08-19,,,MISSED
39,35,2024-08-26,2024-08-29,3.0,PAID
39,36,2024-09-02,2024-09-09,7.0,LATE
39,37,2024-09-09,2024-09-10,1.0,PAID
39,38,2024-09-16,2024-09-16,0.0,PAID
39,39,2024-09-23,2024-09-24,1.0,PAID
39,40,2024-09-30,,,MISSED
39,41,2024-10-07,,,MISSED
39,42,2024-10-14,2024-10-17,3.0,PAID
39,43,2024-10-21,2024-10-25,4.0,LATE
39,44,2024-10-28,2024-10-31,3.0,PAID
39,45,2024-11-04,2024-11-06,2.0,PAID
39,46,2024-11-11,2024-11-13,2.0,PAID
39,47,2024-11-18,,,MISSED
39,48,2024-11-25,2024-11-25,0.0,PAID
39,49,2024-12-02,2024-12-04,2.0,PAID
39,50,2024-12-09,2024-12-16,7.0,LATE
39,51,2024-12-16,2024-12-18,2.0,PAID
39,52,2024-12-23,2024-12-25,2.0,PAID
39,53,2024-12-30,2025-01-01,2.0,PAID
39,54,2025-01-06,2025-01-09,3.0,PAID
39,55,2025-01-13,,,MISSED
39,56,2025-01-20,2025-01-23,3.0,PAID
39,57,2025-01-27,,,MISSED
39,58,2025-02-03,,,MISSED
39,59,2025-02-10,2025-02-12,2.0,PAID
39,60,2025-02-17,,,MISSED
39,61,2025-02-24,,,MISSED
39,62,2025-03-03,2025-03-08,5.0,LATE
39,63,2025-03-10,2025-03-13,3.0,PAID
39,64,2025-03-17,2025-03-20,3.0,PAID
39,65,2025-03-24,2025-03-27,3.0,PAID
39,66,2025-03-31,2025-04-01,1.0,PAID
39,67,2025-04-07,2025-04-11,4.0,LATE
39,68,2025-04-14,2025-04-17,3.0,PAID
39,69,2025-04-21,2025-04-25,4.0,LATE
39,70,2025-04-28,2025-04-29,1.0,PAID
39,71,2025-05-05,2025-05-09,4.0,LATE
39,72,2025-05-12,2025-05-15,3.0,PAID
39,73,2025-05-19,2025-05-22,3.0,PAID
39,74,2025-05-26,2025-05-30,4.0,LATE
39,75,2025-06-02,2025-06-05,3.0,PAID
39,76,2025-06-09,,,MISSED
39,77,2025-06-16,2025-06-21,5.0,LATE
39,78,2025-06-23,2025-06-25,2.0,PAID
39,79,2025-06-30,2025-07-03,3.0,PAID
39,80,2025-07-07,,,MISSED
39,81,2025-07-14,2025-07-17,3.0,PAID
39,82,2025-07-21,,,MISSED
39,83,2025-07-28,2025-07-31,3.0,PAID
39,84,2025-08-04,2025-08-06,2.0,PAID
39,85,2025-08-11,2025-08-13,2.0,PAID
39,86,2025-08-18,2025-08-22,4.0,LATE
39,87,2025-08-25,,,MISSED
39,88,2025-09-01,2025-09-01,0.0,PAID
39,89,2025-09-08,,,MISSED
39,90,2025-09-15,2025-09-20,5.0,LATE
39,91,2025-09-22,2025-09-23,1.0,PAID
39,92,2025-09-29,2025-09-30,1.0,PAID
39,93,2025-10-06,,,MISSED
39,94,2025-10-13,2025-10-17,4.0,LATE
39,95,2025-10-20,,,MISSED
39,96,2025-10-27,,,MISSED
39,97,2025-11-03,2025-11-08,5.0,LATE
39,98,2025-11-10,2025-11-14,4.0,LATE
39,99,2025-11-17,2025-11-22,5.0,LATE
39,100,2025-11-24,2025-11-24,0.0,PAID
39,101,2025-12-01,,,MISSED
39,102,2025-12-08,,,MISSED
39,103,2025-12-15,2025-12-18,3.0,PAID
39,104,2025-12-22,,,MISSED
39,105,2025-12-29,2025-12-30,1.0,PAID
39,106,2026-01-05,2026-01-09,4.0,LATE
39,107,2026-01-12,2026-01-15,3.0,PAID
39,108,2026-01-19,2026-01-22,3.0,PAID
39,109,2026-01-26,2026-01-28,2.0,PAID
39,110,2026-02-02,2026-02-03,1.0,PAID
39,111,2026-02-09,2026-02-10,1.0,PAID
39,112,2026-02-16,2026-02-19,3.0,PAID
39,113,2026-02-23,2026-02-26,3.0,PAID
39,114,2026-03-02,2026-03-03,1.0,PAID
39,115,2026-03-09,,,MISSED
39,116,2026-03-16,,,MISSED
39,117,2026-03-23,,,MISSED
39,118,2026-03-30,,,MISSED
39,119,2026-04-06,2026-04-07,1.0,PAID
39,120,2026-04-13,2026-04-16,3.0,PAID
39,121,2026-04-20,2026-04-23,3.0,PAID
39,122,2026-04-27,2026-04-28,1.0,PAID
39,123,2026-05-04,,,MISSED
39,124,2026-05-11,2026-05-13,2.0,PAID
39,125,2026-05-18,2026-05-21,3.0,PAID
39,126,2026-05-25,,,MISSED
39,127,2026-06-01,2026-06-03,2.0,PAID
39,128,2026-06-08,2026-06-11,3.0,PAID
39,129,2026-06-15,2026-06-18,3.0,PAID
39,130,2026-06-22,2026-06-23,1.0,PAID
39,131,2026-06-29,,,MISSED
39,132,2026-07-06,2026-07-06,0.0,PAID
39,133,2026-07-13,2026-07-14,1.0,PAID
39,134,2026-07-20,2026-07-25,5.0,LATE
39,135,2026-07-27,2026-07-30,3.0,PAID
39,136,2026-08-03,2026-08-05,2.0,PAID
39,137,2026-08-10,2026-08-11,1.0,PAID
39,138,2026-08-17,2026-08-17,0.0,PAID
39,139,2026-08-24,2026-08-28,4.0,LATE
39,140,2026-08-31,2026-09-02,2.0,PAID
39,141,2026-09-07,2026-09-10,3.0,PAID
39,142,2026-09-14,2026-09-16,2.0,PAID
39,143,2026-09-21,2026-09-23,2.0,PAID
39,144,2026-09-28,2026-10-02,4.0,LATE
39,145,2026-10-05,2026-10-09,4.0,LATE
39,146,2026-10-12,2026-10-17,5.0,LATE
39,147,2026-10-19,2026-10-23,4.0,LATE
39,148,2026-10-26,2026-10-27,1.0,PAID
39,149,2026-11-02,,,MISSED
39,150,2026-11-09,2026-11-12,3.0,PAID
39,151,2026-11-16,2026-11-17,1.0,PAID
39,152,2026-11-23,,,MISSED
39,153,2026-11-30,2026-11-30,0.0,PAID
39,154,2026-12-07,2026-12-10,3.0,PAID
39,155,2026-12-14,2026-12-15,1.0,PAID
39,156,2026-12-21,2026-12-23,2.0,PAID
40,1,2024-01-01,2024-01-06,5.0,LATE
40,2,2024-01-08,2024-01-11,3.0,PAID
40,3,2024-01-15,2024-01-22,7.0,LATE
40,4,2024-01-22,2024-01-30,8.0,LATE
40,5,2024-01-29,2024-02-07,9.0,LATE
40,6,2024-02-05,,,MISSED
40,7,2024-02-12,,,MISSED
40,8,2024-02-19,2024-02-25,6.0,LATE
40,9,2024-02-26,,,MISSED
40,10,2024-03-04,2024-03-06,2.0,PAID
40,11,2024-03-11,2024-03-20,9.0,LATE
40,12,2024-03-18,2024-03-25,7.0,LATE
40,13,2024-03-25,2024-04-02,8.0,LATE
40,14,2024-04-01,2024-04-07,6.0,LATE
40,15,2024-04-08,2024-04-14,6.0,LATE
40,16,2024-04-15,,,MISSED
40,17,2024-04-22,2024-04-28,6.0,LATE
40,18,2024-04-29,2024-05-04,5.0,LATE
40,19,2024-05-06,2024-05-11,5.0,LATE
40,20,2024-05-13,2024-05-16,3.0,PAID
40,21,2024-05-20,,,MISSED
40,22,2024-05-27,2024-06-02,6.0,LATE
40,23,2024-06-03,2024-06-08,5.0,LATE
40,24,2024-06-10,2024-06-21,11.0,LATE
40,25,2024-06-17,,,MISSED
40,26,2024-06-24,2024-06-28,4.0,LATE
40,27,2024-07-01,,,MISSED
40,28,2024-07-08,,,MISSED
40,29,2024-07-15,2024-07-19,4.0,LATE
40,30,2024-07-22,2024-07-30,8.0,LATE
40,31,2024-07-29,,,MISSED
40,32,2024-08-05,2024-08-12,7.0,LATE
40,33,2024-08-12,2024-08-20,8.0,LATE
40,34,2024-08-19,2024-08-28,9.0,LATE
40,35,2024-08-26,2024-09-01,6.0,LATE
40,36,2024-09-02,2024-09-10,8.0,LATE
40,37,2024-09-09,,,MISSED
40,38,2024-09-16,2024-09-19,3.0,PAID
40,39,2024-09-23,,,MISSED
40,40,2024-09-30,2024-10-07,7.0,LATE
40,41,2024-10-07,2024-10-12,5.0,LATE
40,42,2024-10-14,,,MISSED
40,43,2024-10-21,2024-10-29,8.0,LATE
40,44,2024-10-28,2024-10-31,3.0,PAID
40,45,2024-11-04,,,MISSED
40,46,2024-11-11,,,MISSED
40,47,2024-11-18,2024-11-24,6.0,LATE
40,48,2024-11-25,,,MISSED
40,49,2024-12-02,,,MISSED
40,50,2024-12-09,,,MISSED
40,51,2024-12-16,,,MISSED
40,52,2024-12-23,2024-12-27,4.0,LATE
40,53,2024-12-30,2025-01-04,5.0,LATE
40,54,2025-01-06,2025-01-10,4.0,LATE
40,55,2025-01-13,2025-01-17,4.0,LATE
40,56,2025-01-20,2025-01-26,6.0,LATE
40,57,2025-01-27,,,MISSED
40,58,2025-02-03,2025-02-06,3.0,PAID
40,59,2025-02-10,2025-02-16,6.0,LATE
40,60,2025-02-17,,,MISSED
40,61,2025-02-24,,,MISSED
40,62,2025-03-03,2025-03-10,7.0,LATE
40,63,2025-03-10,,,MISSED
40,64,2025-03-17,,,MISSED
40,65,2025-03-24,2025-03-26,2.0,PAID
40,66,2025-03-31,2025-04-08,8.0,LATE
40,67,2025-04-07,,,MISSED
40,68,2025-04-14,2025-04-23,9.0,LATE
40,69,2025-04-21,2025-04-28,7.0,LATE
40,70,2025-04-28,2025-05-04,6.0,LATE
40,71,2025-05-05,2025-05-10,5.0,LATE
40,72,2025-05-12,,,MISSED
40,73,2025-05-19,2025-05-29,10.0,LATE
40,74,2025-05-26,2025-06-01,6.0,LATE
40,75,2025-06-02,2025-06-05,3.0,PAID
40,76,2025-06-09,,,MISSED
40,77,2025-06-16,2025-06-28,12.0,LATE
40,78,2025-06-23,2025-06-28,5.0,LATE
40,79,2025-06-30,2025-07-04,4.0,LATE
40,80,2025-07-07,2025-07-16,9.0,LATE
40,81,2025-07-14,2025-07-21,7.0,LATE
40,82,2025-07-21,,,MISSED
40,83,2025-07-28,,,MISSED
40,84,2025-08-04,2025-08-11,7.0,LATE
40,85,2025-08-11,2025-08-18,7.0,LATE
40,86,2025-08-18,,,MISSED
40,87,2025-08-25,2025-08-31,6.0,LATE
40,88,2025-09-01,2025-09-03,2.0,PAID
40,89,2025-09-08,2025-09-13,5.0,LATE
40,90,2025-09-15,2025-09-22,7.0,LATE
40,91,2025-09-22,2025-09-28,6.0,LATE
40,92,2025-09-29,2025-10-02,3.0,PAID
40,93,2025-10-06,2025-10-14,8.0,LATE
40,94,2025-10-13,2025-10-21,8.0,LATE
40,95,2025-10-20,2025-11-01,12.0,LATE
40,96,2025-10-27,2025-11-04,8.0,LATE
40,97,2025-11-03,2025-11-14,11.0,LATE
40,98,2025-11-10,2025-11-14,4.0,LATE
40,99,2025-11-17,2025-11-24,7.0,LATE
40,100,2025-11-24,,,MISSED
40,101,2025-12-01,2025-12-06,5.0,LATE
40,102,2025-12-08,2025-12-19,11.0,LATE
40,103,2025-12-15,,,MISSED
40,104,2025-12-22,2025-12-27,5.0,LATE
40,105,2025-12-29,2026-01-05,7.0,LATE
40,106,2026-01-05,,,MISSED
40,107,2026-01-12,,,MISSED
40,108,2026-01-19,,,MISSED
40,109,2026-01-26,2026-01-30,4.0,LATE
40,110,2026-02-02,2026-02-06,4.0,LATE
40,111,2026-02-09,2026-02-15,6.0,LATE
40,112,2026-02-16,,,MISSED
40,113,2026-02-23,2026-02-28,5.0,LATE
40,114,2026-03-02,2026-03-14,12.0,LATE
40,115,2026-03-09,2026-03-14,5.0,LATE
40,116,2026-03-16,2026-03-20,4.0,LATE
40,117,2026-03-23,2026-03-26,3.0,PAID
40,118,2026-03-30,2026-04-06,7.0,LATE
40,119,2026-04-06,2026-04-13,7.0,LATE
40,120,2026-04-13,,,MISSED
40,121,2026-04-20,,,MISSED
40,122,2026-04-27,2026-05-05,8.0,LATE
40,123,2026-05-04,2026-05-07,3.0,PAID
40,124,2026-05-11,2026-05-15,4.0,LATE
40,125,2026-05-18,,,MISSED
40,126,2026-05-25,2026-05-30,5.0,LATE
40,127,2026-06-01,2026-06-05,4.0,LATE
40,128,2026-06-08,,,MISSED
40,129,2026-06-15,2026-06-22,7.0,LATE
40,130,2026-06-22,2026-06-29,7.0,LATE
40,131,2026-06-29,2026-07-07,8.0,LATE
40,132,2026-07-06,2026-07-13,7.0,LATE
40,133,2026-07-13,2026-07-17,4.0,LATE
40,134,2026-07-20,2026-07-29,9.0,LATE
40,135,2026-07-27,,,MISSED
40,136,2026-08-03,,,MISSED
40,137,2026-08-10,2026-08-15,5.0,LATE
40,138,2026-08-17,2026-08-20,3.0,PAID
40,139,2026-08-24,,,MISSED
40,140,2026-08-31,,,MISSED
40,141,2026-09-07,2026-09-09,2.0,PAID
40,142,2026-09-14,2026-09-24,10.0,LATE
40,143,2026-09-21,,,MISSED
40,144,2026-09-28,,,MISSED
40,145,2026-10-05,2026-10-15,10.0,LATE
40,146,2026-10-12,2026-10-17,5.0,LATE
40,147,2026-10-19,2026-10-24,5.0,LATE
40,148,2026-10-26,2026-10-28,2.0,PAID
40,149,2026-11-02,2026-11-06,4.0,LATE
40,150,2026-11-09,,,MISSED
40,151,2026-11-16,2026-11-20,4.0,LATE
40,152,2026-11-23,2026-12-01,8.0,LATE
40,153,2026-11-30,2026-12-10,10.0,LATE
40,154,2026-12-07,2026-12-14,7.0,LATE
40,155,2026-12-14,2026-12-21,7.0,LATE
40,156,2026-12-21,2026-12-22,1.0,PAID
41,1,2024-01-01,2024-01-04,3.0,PAID
41,2,2024-01-08,,,MISSED
41,3,2024-01-15,2024-01-19,4.0,LATE
41,4,2024-01-22,2024-01-26,4.0,LATE
41,5,2024-01-29,,,MISSED
41,6,2024-02-05,2024-02-10,5.0,LATE
41,7,2024-02-12,2024-02-17,5.0,LATE
41,8,2024-02-19,2024-02-26,7.0,LATE
41,9,2024-02-26,,,MISSED
41,10,2024-03-04,2024-03-06,2.0,PAID
41,11,2024-03-11,,,MISSED
41,12,2024-03-18,,,MISSED
41,13,2024-03-25,2024-03-26,1.0,PAID
41,14,2024-04-01,,,MISSED
41,15,2024-04-08,2024-04-10,2.0,PAID
41,16,2024-04-15,2024-04-18,3.0,PAID
41,17,2024-04-22,2024-04-27,5.0,LATE
41,18,2024-04-29,2024-04-30,1.0,PAID
41,19,2024-05-06,2024-05-10,4.0,LATE
41,20,2024-05-13,2024-05-16,3.0,PAID
41,21,2024-05-20,,,MISSED
41,22,2024-05-27,,,MISSED
41,23,2024-06-03,,,MISSED
41,24,2024-06-10,2024-06-13,3.0,PAID
41,25,2024-06-17,2024-06-25,8.0,LATE
41,26,2024-06-24,,,MISSED
41,27,2024-07-01,2024-07-06,5.0,LATE
41,28,2024-07-08,2024-07-14,6.0,LATE
41,29,2024-07-15,2024-07-18,3.0,PAID
41,30,2024-07-22,2024-07-23,1.0,PAID
41,31,2024-07-29,2024-08-02,4.0,LATE
41,32,2024-08-05,2024-08-13,8.0,LATE
41,33,2024-08-12,2024-08-19,7.0,LATE
41,34,2024-08-19,,,MISSED
41,35,2024-08-26,2024-08-29,3.0,PAID
41,36,2024-09-02,2024-09-05,3.0,PAID
41,37,2024-09-09,2024-09-12,3.0,PAID
41,38,2024-09-16,2024-09-22,6.0,LATE
41,39,2024-09-23,2024-09-24,1.0,PAID
41,40,2024-09-30,2024-10-05,5.0,LATE
41,41,2024-10-07,,,MISSED
41,42,2024-10-14,2024-10-16,2.0,PAID
41,43,2024-10-21,2024-10-26,5.0,LATE
41,44,2024-10-28,2024-10-31,3.0,PAID
41,45,2024-11-04,,,MISSED
41,46,2024-11-11,,,MISSED
41,47,2024-11-18,2024-11-23,5.0,LATE
41,48,2024-11-25,2024-12-01,6.0,LATE
41,49,2024-12-02,2024-12-03,1.0,PAID
41,50,2024-12-09,2024-12-11,2.0,PAID
41,51,2024-12-16,,,MISSED
41,52,2024-12-23,2024-12-30,7.0,LATE
41,53,2024-12-30,2025-01-01,2.0,PAID
41,54,2025-01-06,2025-01-07,1.0,PAID
41,55,2025-01-13,,,MISSED
41,56,2025-01-20,,,MISSED
41,57,2025-01-27,2025-01-31,4.0,LATE
41,58,2025-02-03,2025-02-10,7.0,LATE
41,59,2025-02-10,2025-02-16,6.0,LATE
41,60,2025-02-17,2025-02-21,4.0,LATE
41,61,2025-02-24,,,MISSED
41,62,2025-03-03,2025-03-08,5.0,LATE
41,63,2025-03-10,,,MISSED
41,64,2025-03-17,2025-03-22,5.0,LATE
41,65,2025-03-24,2025-03-27,3.0,PAID
41,66,2025-03-31,2025-04-05,5.0,LATE
41,67,2025-04-07,,,MISSED
41,68,2025-04-14,,,MISSED
41,69,2025-04-21,,,MISSED
41,70,2025-04-28,2025-04-29,1.0,PAID
41,71,2025-05-05,,,MISSED
41,72,2025-05-12,,,MISSED
41,73,2025-05-19,2025-05-21,2.0,PAID
41,74,2025-05-26,,,MISSED
41,75,2025-06-02,2025-06-06,4.0,LATE
41,76,2025-06-09,2025-06-15,6.0,LATE
41,77,2025-06-16,,,MISSED
41,78,2025-06-23,,,MISSED
41,79,2025-06-30,2025-07-03,3.0,PAID
41,80,2025-07-07,2025-07-14,7.0,LATE
41,81,2025-07-14,2025-07-17,3.0,PAID
41,82,2025-07-21,,,MISSED
41,83,2025-07-28,2025-07-31,3.0,PAID
41,84,2025-08-04,2025-08-08,4.0,LATE
41,85,2025-08-11,2025-08-16,5.0,LATE
41,86,2025-08-18,,,MISSED
41,87,2025-08-25,,,MISSED
41,88,2025-09-01,2025-09-08,7.0,LATE
41,89,2025-09-08,2025-09-12,4.0,LATE
41,90,2025-09-15,2025-09-19,4.0,LATE
41,91,2025-09-22,2025-09-25,3.0,PAID
41,92,2025-09-29,2025-10-01,2.0,PAID
41,93,2025-10-06,2025-10-10,4.0,LATE
41,94,2025-10-13,2025-10-14,1.0,PAID
41,95,2025-10-20,2025-10-24,4.0,LATE
41,96,2025-10-27,2025-11-01,5.0,LATE
41,97,2025-11-03,2025-11-06,3.0,PAID
41,98,2025-11-10,,,MISSED
41,99,2025-11-17,2025-11-22,5.0,LATE
41,100,2025-11-24,2025-11-29,5.0,LATE
41,101,2025-12-01,2025-12-04,3.0,PAID
41,102,2025-12-08,2025-12-12,4.0,LATE
41,103,2025-12-15,2025-12-21,6.0,LATE
41,104,2025-12-22,,,MISSED
41,105,2025-12-29,2026-01-03,5.0,LATE
41,106,2026-01-05,2026-01-10,5.0,LATE
41,107,2026-01-12,,,MISSED
41,108,2026-01-19,2026-01-24,5.0,LATE
41,109,2026-01-26,2026-01-30,4.0,LATE
41,110,2026-02-02,2026-02-07,5.0,LATE
41,111,2026-02-09,2026-02-14,5.0,LATE
41,112,2026-02-16,,,MISSED
41,113,2026-02-23,2026-02-25,2.0,PAID
41,114,2026-03-02,2026-03-03,1.0,PAID
41,115,2026-03-09,2026-03-14,5.0,LATE
41,116,2026-03-16,,,MISSED
41,117,2026-03-23,,,MISSED
41,118,2026-03-30,2026-04-06,7.0,LATE
41,119,2026-04-06,,,MISSED
41,120,2026-04-13,2026-04-20,7.0,LATE
41,121,2026-04-20,2026-04-23,3.0,PAID
41,122,2026-04-27,2026-05-03,6.0,LATE
41,123,2026-05-04,2026-05-08,4.0,LATE
41,124,2026-05-11,2026-05-13,2.0,PAID
41,125,2026-05-18,2026-05-19,1.0,PAID
41,126,2026-05-25,,,MISSED
41,127,2026-06-01,,,MISSED
41,128,2026-06-08,,,MISSED
41,129,2026-06-15,,,MISSED
41,130,2026-06-22,2026-06-25,3.0,PAID
41,131,2026-06-29,2026-07-04,5.0,LATE
41,132,2026-07-06,2026-07-06,0.0,PAID
41,133,2026-07-13,2026-07-24,11.0,LATE
41,134,2026-07-20,2026-07-23,3.0,PAID
41,135,2026-07-27,2026-08-01,5.0,LATE
41,136,2026-08-03,2026-08-04,1.0,PAID
41,137,2026-08-10,2026-08-11,1.0,PAID
41,138,2026-08-17,2026-08-22,5.0,LATE
41,139,2026-08-24,2026-09-01,8.0,LATE
41,140,2026-08-31,2026-09-03,3.0,PAID
41,141,2026-09-07,,,MISSED
41,142,2026-09-14,2026-09-16,2.0,PAID
41,143,2026-09-21,2026-09-26,5.0,LATE
41,144,2026-09-28,,,MISSED
41,145,2026-10-05,2026-10-13,8.0,LATE
41,146,2026-10-12,2026-10-16,4.0,LATE
41,147,2026-10-19,2026-10-25,6.0,LATE
41,148,2026-10-26,2026-10-29,3.0,PAID
41,149,2026-11-02,2026-11-07,5.0,LATE
41,150,2026-11-09,,,MISSED
41,151,2026-11-16,2026-11-21,5.0,LATE
41,152,2026-11-23,,,MISSED
41,153,2026-11-30,2026-12-03,3.0,PAID
41,154,2026-12-07,2026-12-10,3.0,PAID
41,155,2026-12-14,2026-12-20,6.0,LATE
41,156,2026-12-21,2026-12-23,2.0,PAID
42,1,2024-01-01,2024-01-10,9.0,LATE
42,2,2024-01-08,2024-01-15,7.0,LATE
42,3,2024-01-15,,,MISSED
42,4,2024-01-22,2024-01-27,5.0,LATE
42,5,2024-01-29,2024-02-02,4.0,LATE
42,6,2024-02-05,2024-02-08,3.0,PAID
42,7,2024-02-12,,,MISSED
42,8,2024-02-19,,,MISSED
42,9,2024-02-26,2024-03-03,6.0,LATE
42,10,2024-03-04,2024-03-14,10.0,LATE
42,11,2024-03-11,,,MISSED
42,12,2024-03-18,2024-03-24,6.0,LATE
42,13,2024-03-25,2024-03-31,6.0,LATE
42,14,2024-04-01,2024-04-07,6.0,LATE
42,15,2024-04-08,2024-04-15,7.0,LATE
42,16,2024-04-15,2024-04-23,8.0,LATE
42,17,2024-04-22,,,MISSED
42,18,2024-04-29,2024-05-04,5.0,LATE
42,19,2024-05-06,2024-05-18,12.0,LATE
42,20,2024-05-13,2024-05-19,6.0,LATE
42,21,2024-05-20,2024-05-28,8.0,LATE
42,22,2024-05-27,2024-06-02,6.0,LATE
42,23,2024-06-03,2024-06-15,12.0,LATE
42,24,2024-06-10,2024-06-20,10.0,LATE
42,25,2024-06-17,,,MISSED
42,26,2024-06-24,2024-06-29,5.0,LATE
42,27,2024-07-01,,,MISSED
42,28,2024-07-08,2024-07-13,5.0,LATE
42,29,2024-07-15,,,MISSED
42,30,2024-07-22,2024-07-31,9.0,LATE
42,31,2024-07-29,2024-08-06,8.0,LATE
42,32,2024-08-05,2024-08-15,10.0,LATE
42,33,2024-08-12,,,MISSED
42,34,2024-08-19,2024-08-25,6.0,LATE
42,35,2024-08-26,,,MISSED
42,36,2024-09-02,,,MISSED
42,37,2024-09-09,2024-09-19,10.0,LATE
42,38,2024-09-16,2024-09-22,6.0,LATE
42,39,2024-09-23,,,MISSED
42,40,2024-09-30,2024-10-06,6.0,LATE
42,41,2024-10-07,2024-10-11,4.0,LATE
42,42,2024-10-14,2024-10-20,6.0,LATE
42,43,2024-10-21,2024-10-23,2.0,PAID
42,44,2024-10-28,2024-11-04,7.0,LATE
42,45,2024-11-04,,,MISSED
42,46,2024-11-11,2024-11-18,7.0,LATE
42,47,2024-11-18,2024-11-26,8.0,LATE
42,48,2024-11-25,,,MISSED
42,49,2024-12-02,,,MISSED
42,50,2024-12-09,2024-12-17,8.0,LATE
42,51,2024-12-16,,,MISSED
42,52,2024-12-23,2024-12-28,5.0,LATE
42,53,2024-12-30,2025-01-10,11.0,LATE
42,54,2025-01-06,,,MISSED
42,55,2025-01-13,2025-01-16,3.0,PAID
42,56,2025-01-20,2025-01-24,4.0,LATE
42,57,2025-01-27,,,MISSED
42,58,2025-02-03,2025-02-12,9.0,LATE
42,59,2025-02-10,2025-02-13,3.0,PAID
42,60,2025-02-17,2025-02-23,6.0,LATE
42,61,2025-02-24,,,MISSED
42,62,2025-03-03,2025-03-08,5.0,LATE
42,63,2025-03-10,,,MISSED
42,64,2025-03-17,2025-03-30,13.0,LATE
42,65,2025-03-24,2025-03-29,5.0,LATE
42,66,2025-03-31,2025-04-05,5.0,LATE
42,67,2025-04-07,2025-04-15,8.0,LATE
42,68,2025-04-14,2025-04-23,9.0,LATE
42,69,2025-04-21,2025-04-27,6.0,LATE
42,70,2025-04-28,2025-05-05,7.0,LATE
42,71,2025-05-05,,,MISSED
42,72,2025-05-12,2025-05-17,5.0,LATE
42,73,2025-05-19,,,MISSED
42,74,2025-05-26,2025-05-31,5.0,LATE
42,75,2025-06-02,2025-06-08,6.0,LATE
42,76,2025-06-09,2025-06-14,5.0,LATE
42,77,2025-06-16,2025-06-23,7.0,LATE
42,78,2025-06-23,2025-06-30,7.0,LATE
42,79,2025-06-30,,,MISSED
42,80,2025-07-07,2025-07-11,4.0,LATE
42,81,2025-07-14,,,MISSED
42,82,2025-07-21,2025-07-25,4.0,LATE
42,83,2025-07-28,2025-07-29,1.0,PAID
42,84,2025-08-04,2025-08-08,4.0,LATE
42,85,2025-08-11,2025-08-17,6.0,LATE
42,86,2025-08-18,,,MISSED
42,87,2025-08-25,2025-09-01,7.0,LATE
42,88,2025-09-01,2025-09-03,2.0,PAID
42,89,2025-09-08,2025-09-14,6.0,LATE
42,90,2025-09-15,,,MISSED
42,91,2025-09-22,,,MISSED
42,92,2025-09-29,2025-10-06,7.0,LATE
42,93,2025-10-06,2025-10-12,6.0,LATE
42,94,2025-10-13,,,MISSED
42,95,2025-10-20,2025-10-27,7.0,LATE
42,96,2025-10-27,2025-11-04,8.0,LATE
42,97,2025-11-03,2025-11-06,3.0,PAID
42,98,2025-11-10,2025-11-15,5.0,LATE
42,99,2025-11-17,,,MISSED
42,100,2025-11-24,2025-11-27,3.0,PAID
42,101,2025-12-01,2025-12-05,4.0,LATE
42,102,2025-12-08,2025-12-14,6.0,LATE
42,103,2025-12-15,,,MISSED
42,104,2025-12-22,,,MISSED
42,105,2025-12-29,,,MISSED
42,106,2026-01-05,,,MISSED
42,107,2026-01-12,,,MISSED
42,108,2026-01-19,,,MISSED
42,109,2026-01-26,2026-02-01,6.0,LATE
42,110,2026-02-02,2026-02-07,5.0,LATE
42,111,2026-02-09,2026-02-16,7.0,LATE
42,112,2026-02-16,2026-02-20,4.0,LATE
42,113,2026-02-23,2026-02-28,5.0,LATE
42,114,2026-03-02,2026-03-09,7.0,LATE
42,115,2026-03-09,2026-03-14,5.0,LATE
42,116,2026-03-16,2026-03-25,9.0,LATE
42,117,2026-03-23,2026-03-31,8.0,LATE
42,118,2026-03-30,,,MISSED
42,119,2026-04-06,,,MISSED
42,120,2026-04-13,2026-04-23,10.0,LATE
42,121,2026-04-20,2026-04-22,2.0,PAID
42,122,2026-04-27,2026-05-02,5.0,LATE
42,123,2026-05-04,2026-05-12,8.0,LATE
42,124,2026-05-11,,,MISSED
42,125,2026-05-18,2026-05-26,8.0,LATE
42,126,2026-05-25,2026-05-31,6.0,LATE
42,127,2026-06-01,,,MISSED
42,128,2026-06-08,2026-06-10,2.0,PAID
42,129,2026-06-15,,,MISSED
42,130,2026-06-22,2026-06-30,8.0,LATE
42,131,2026-06-29,2026-07-07,8.0,LATE
42,132,2026-07-06,2026-07-19,13.0,LATE
42,133,2026-07-13,2026-07-20,7.0,LATE
42,134,2026-07-20,2026-07-29,9.0,LATE
42,135,2026-07-27,2026-07-30,3.0,PAID
42,136,2026-08-03,,,MISSED
42,137,2026-08-10,2026-08-22,12.0,LATE
42,138,2026-08-17,2026-08-22,5.0,LATE
42,139,2026-08-24,2026-08-30,6.0,LATE
42,140,2026-08-31,2026-09-04,4.0,LATE
42,141,2026-09-07,2026-09-19,12.0,LATE
42,142,2026-09-14,,,MISSED
42,143,2026-09-21,2026-09-29,8.0,LATE
42,144,2026-09-28,,,MISSED
42,145,2026-10-05,2026-10-08,3.0,PAID
42,146,2026-10-12,2026-10-18,6.0,LATE
42,147,2026-10-19,2026-10-27,8.0,LATE
42,148,2026-10-26,2026-10-30,4.0,LATE
42,149,2026-11-02,2026-11-11,9.0,LATE
42,150,2026-11-09,2026-11-18,9.0,LATE
42,151,2026-11-16,2026-11-21,5.0,LATE
42,152,2026-11-23,,,MISSED
42,153,2026-11-30,2026-12-07,7.0,LATE
42,154,2026-12-07,,,MISSED
42,155,2026-12-14,2026-12-20,6.0,LATE
42,156,2026-12-21,2026-12-30,9.0,LATE
43,1,2024-01-01,2024-01-08,7.0,LATE
43,2,2024-01-08,,,MISSED
43,3,2024-01-15,,,MISSED
43,4,2024-01-22,2024-01-28,6.0,LATE
43,5,2024-01-29,2024-02-05,7.0,LATE
43,6,2024-02-05,,,MISSED
43,7,2024-02-12,2024-02-17,5.0,LATE
43,8,2024-02-19,,,MISSED
43,9,2024-02-26,,,MISSED
43,10,2024-03-04,2024-03-12,8.0,LATE
43,11,2024-03-11,2024-03-17,6.0,LATE
43,12,2024-03-18,2024-03-22,4.0,LATE
43,13,2024-03-25,2024-03-28,3.0,PAID
43,14,2024-04-01,,,MISSED
43,15,2024-04-08,,,MISSED
43,16,2024-04-15,2024-04-18,3.0,PAID
43,17,2024-04-22,,,MISSED
43,18,2024-04-29,2024-05-08,9.0,LATE
43,19,2024-05-06,2024-05-12,6.0,LATE
43,20,2024-05-13,2024-05-20,7.0,LATE
43,21,2024-05-20,2024-05-24,4.0,LATE
43,22,2024-05-27,2024-06-02,6.0,LATE
43,23,2024-06-03,,,MISSED
43,24,2024-06-10,,,MISSED
43,25,2024-06-17,2024-06-21,4.0,LATE
43,26,2024-06-24,,,MISSED
43,27,2024-07-01,2024-07-06,5.0,LATE
43,28,2024-07-08,,,MISSED
43,29,2024-07-15,,,MISSED
43,30,2024-07-22,2024-07-30,8.0,LATE
43,31,2024-07-29,,,MISSED
43,32,2024-08-05,,,MISSED
43,33,2024-08-12,,,MISSED
43,34,2024-08-19,,,MISSED
43,35,2024-08-26,2024-08-31,5.0,LATE
43,36,2024-09-02,2024-09-04,2.0,PAID
43,37,2024-09-09,2024-09-16,7.0,LATE
43,38,2024-09-16,2024-09-18,2.0,PAID
43,39,2024-09-23,2024-09-26,3.0,PAID
43,40,2024-09-30,2024-10-02,2.0,PAID
43,41,2024-10-07,2024-10-12,5.0,LATE
43,42,2024-10-14,2024-10-21,7.0,LATE
43,43,2024-10-21,2024-10-29,8.0,LATE
43,44,2024-10-28,2024-11-03,6.0,LATE
43,45,2024-11-04,2024-11-09,5.0,LATE
43,46,2024-11-11,2024-11-13,2.0,PAID
43,47,2024-11-18,2024-11-20,2.0,PAID
43,48,2024-11-25,2024-11-28,3.0,PAID
43,49,2024-12-02,2024-12-04,2.0,PAID
43,50,2024-12-09,,,MISSED
43,51,2024-12-16,2024-12-19,3.0,PAID
43,52,2024-12-23,,,MISSED
43,53,2024-12-30,,,MISSED
43,54,2025-01-06,2025-01-15,9.0,LATE
43,55,2025-01-13,,,MISSED
43,56,2025-01-20,2025-01-23,3.0,PAID
43,57,2025-01-27,2025-02-01,5.0,LATE
43,58,2025-02-03,2025-02-10,7.0,LATE
43,59,2025-02-10,2025-02-14,4.0,LATE
43,60,2025-02-17,2025-03-01,12.0,LATE
43,61,2025-02-24,2025-03-02,6.0,LATE
43,62,2025-03-03,2025-03-06,3.0,PAID
43,63,2025-03-10,2025-03-14,4.0,LATE
43,64,2025-03-17,2025-03-23,6.0,LATE
43,65,2025-03-24,2025-04-02,9.0,LATE
43,66,2025-03-31,2025-04-06,6.0,LATE
43,67,2025-04-07,2025-04-14,7.0,LATE
43,68,2025-04-14,2025-04-19,5.0,LATE
43,69,2025-04-21,,,MISSED
43,70,2025-04-28,2025-05-05,7.0,LATE
43,71,2025-05-05,,,MISSED
43,72,2025-05-12,2025-05-17,5.0,LATE
43,73,2025-05-19,2025-05-23,4.0,LATE
43,74,2025-05-26,2025-05-29,3.0,PAID
43,75,2025-06-02,2025-06-08,6.0,LATE
43,76,2025-06-09,2025-06-12,3.0,PAID
43,77,2025-06-16,,,MISSED
43,78,2025-06-23,2025-06-28,5.0,LATE
43,79,2025-06-30,2025-07-06,6.0,LATE
43,80,2025-07-07,2025-07-11,4.0,LATE
43,81,2025-07-14,2025-07-21,7.0,LATE
43,82,2025-07-21,2025-07-28,7.0,LATE
43,83,2025-07-28,,,MISSED
43,84,2025-08-04,2025-08-10,6.0,LATE
43,85,2025-08-11,2025-08-18,7.0,LATE
43,86,2025-08-18,2025-08-26,8.0,LATE
43,87,2025-08-25,2025-08-27,2.0,PAID
43,88,2025-09-01,2025-09-05,4.0,LATE
43,89,2025-09-08,,,MISSED
43,90,2025-09-15,,,MISSED
43,91,2025-09-22,,,MISSED
43,92,2025-09-29,,,MISSED
43,93,2025-10-06,2025-10-10,4.0,LATE
43,94,2025-10-13,2025-10-23,10.0,LATE
43,95,2025-10-20,2025-10-24,4.0,LATE
43,96,2025-10-27,2025-10-29,2.0,PAID
43,97,2025-11-03,,,MISSED
43,98,2025-11-10,2025-11-13,3.0,PAID
43,99,2025-11-17,,,MISSED
43,100,2025-11-24,2025-11-27,3.0,PAID
43,101,2025-12-01,2025-12-07,6.0,LATE
43,102,2025-12-08,2025-12-10,2.0,PAID
43,103,2025-12-15,,,MISSED
43,104,2025-12-22,2025-12-24,2.0,PAID
43,105,2025-12-29,,,MISSED
43,106,2026-01-05,2026-01-08,3.0,PAID
43,107,2026-01-12,2026-01-20,8.0,LATE
43,108,2026-01-19,2026-01-22,3.0,PAID
43,109,2026-01-26,,,MISSED
43,110,2026-02-02,,,MISSED
43,111,2026-02-09,2026-02-15,6.0,LATE
43,112,2026-02-16,2026-02-18,2.0,PAID
43,113,2026-02-23,2026-02-28,5.0,LATE
43,114,2026-03-02,2026-03-09,7.0,LATE
43,115,2026-03-09,,,MISSED
43,116,2026-03-16,2026-03-22,6.0,LATE
43,117,2026-03-23,2026-03-28,5.0,LATE
43,118,2026-03-30,2026-04-02,3.0,PAID
43,119,2026-04-06,2026-04-07,1.0,PAID
43,120,2026-04-13,2026-04-21,8.0,LATE
43,121,2026-04-20,2026-04-23,3.0,PAID
43,122,2026-04-27,2026-05-03,6.0,LATE
43,123,2026-05-04,2026-05-09,5.0,LATE
43,124,2026-05-11,2026-05-13,2.0,PAID
43,125,2026-05-18,2026-05-22,4.0,LATE
43,126,2026-05-25,,,MISSED
43,127,2026-06-01,2026-06-05,4.0,LATE
43,128,2026-06-08,2026-06-16,8.0,LATE
43,129,2026-06-15,2026-06-20,5.0,LATE
43,130,2026-06-22,2026-06-26,4.0,LATE
43,131,2026-06-29,2026-07-03,4.0,LATE
43,132,2026-07-06,2026-07-11,5.0,LATE
43,133,2026-07-13,,,MISSED
43,134,2026-07-20,,,MISSED
43,135,2026-07-27,,,MISSED
43,136,2026-08-03,2026-08-04,1.0,PAID
43,137,2026-08-10,2026-08-14,4.0,LATE
43,138,2026-08-17,2026-08-24,7.0,LATE
43,139,2026-08-24,2026-08-29,5.0,LATE
43,140,2026-08-31,2026-09-02,2.0,PAID
43,141,2026-09-07,2026-09-15,8.0,LATE
43,142,2026-09-14,2026-09-20,6.0,LATE
43,143,2026-09-21,,,MISSED
43,144,2026-09-28,2026-09-30,2.0,PAID
43,145,2026-10-05,,,MISSED
43,146,2026-10-12,2026-10-17,5.0,LATE
43,147,2026-10-19,,,MISSED
43,148,2026-10-26,2026-10-30,4.0,LATE
43,149,2026-11-02,2026-11-06,4.0,LATE
43,150,2026-11-09,,,MISSED
43,151,2026-11-16,2026-11-22,6.0,LATE
43,152,2026-11-23,2026-11-27,4.0,LATE
43,153,2026-11-30,,,MISSED
43,154,2026-12-07,2026-12-13,6.0,LATE
43,155,2026-12-14,2026-12-26,12.0,LATE
43,156,2026-12-21,2026-12-27,6.0,LATE
44,1,2024-01-01,2024-01-01,0.0,PAID
44,2,2024-01-08,2024-01-08,0.0,PAID
44,3,2024-01-15,2024-01-15,0.0,PAID
44,4,2024-01-22,2024-01-26,4.0,LATE
44,5,2024-01-29,2024-01-30,1.0,PAID
44,6,2024-02-05,2024-02-05,0.0,PAID
44,7,2024-02-12,2024-02-12,0.0,PAID
44,8,2024-02-19,2024-02-19,0.0,PAID
44,9,2024-02-26,2024-02-26,0.0,PAID
44,10,2024-03-04,,,MISSED
44,11,2024-03-11,2024-03-12,1.0,PAID
44,12,2024-03-18,2024-03-21,3.0,PAID
44,13,2024-03-25,,,MISSED
44,14,2024-04-01,2024-04-03,2.0,PAID
44,15,2024-04-08,2024-04-10,2.0,PAID
44,16,2024-04-15,2024-04-16,1.0,PAID
44,17,2024-04-22,2024-04-23,1.0,PAID
44,18,2024-04-29,2024-04-30,1.0,PAID
44,19,2024-05-06,2024-05-07,1.0,PAID
44,20,2024-05-13,2024-05-14,1.0,PAID
44,21,2024-05-20,2024-05-21,1.0,PAID
44,22,2024-05-27,2024-05-29,2.0,PAID
44,23,2024-06-03,2024-06-04,1.0,PAID
44,24,2024-06-10,2024-06-10,0.0,PAID
44,25,2024-06-17,,,MISSED
44,26,2024-06-24,2024-06-26,2.0,PAID
44,27,2024-07-01,,,MISSED
44,28,2024-07-08,2024-07-10,2.0,PAID
44,29,2024-07-15,2024-07-16,1.0,PAID
44,30,2024-07-22,2024-07-23,1.0,PAID
44,31,2024-07-29,2024-07-31,2.0,PAID
44,32,2024-08-05,2024-08-07,2.0,PAID
44,33,2024-08-12,,,MISSED
44,34,2024-08-19,2024-08-20,1.0,PAID
44,35,2024-08-26,2024-09-03,8.0,LATE
44,36,2024-09-02,2024-09-02,0.0,PAID
44,37,2024-09-09,2024-09-11,2.0,PAID
44,38,2024-09-16,2024-09-17,1.0,PAID
44,39,2024-09-23,2024-09-27,4.0,LATE
44,40,2024-09-30,2024-10-03,3.0,PAID
44,41,2024-10-07,2024-10-07,0.0,PAID
44,42,2024-10-14,2024-10-16,2.0,PAID
44,43,2024-10-21,2024-10-24,3.0,PAID
44,44,2024-10-28,,,MISSED
44,45,2024-11-04,2024-11-05,1.0,PAID
44,46,2024-11-11,2024-11-13,2.0,PAID
44,47,2024-11-18,2024-11-22,4.0,LATE
44,48,2024-11-25,2024-11-28,3.0,PAID
44,49,2024-12-02,2024-12-06,4.0,LATE
44,50,2024-12-09,2024-12-09,0.0,PAID
44,51,2024-12-16,2024-12-16,0.0,PAID
44,52,2024-12-23,2024-12-23,0.0,PAID
44,53,2024-12-30,2024-12-31,1.0,PAID
44,54,2025-01-06,2025-01-07,1.0,PAID
44,55,2025-01-13,2025-01-13,0.0,PAID
44,56,2025-01-20,2025-01-21,1.0,PAID
44,57,2025-01-27,,,MISSED
44,58,2025-02-03,,,MISSED
44,59,2025-02-10,2025-02-12,2.0,PAID
44,60,2025-02-17,2025-02-18,1.0,PAID
44,61,2025-02-24,2025-02-24,0.0,PAID
44,62,2025-03-03,2025-03-04,1.0,PAID
44,63,2025-03-10,,,MISSED
44,64,2025-03-17,2025-03-17,0.0,PAID
44,65,2025-03-24,2025-03-24,0.0,PAID
44,66,2025-03-31,2025-04-03,3.0,PAID
44,67,2025-04-07,2025-04-07,0.0,PAID
44,68,2025-04-14,2025-04-14,0.0,PAID
44,69,2025-04-21,2025-04-23,2.0,PAID
44,70,2025-04-28,2025-04-29,1.0,PAID
44,71,2025-05-05,,,MISSED
44,72,2025-05-12,2025-05-13,1.0,PAID
44,73,2025-05-19,2025-05-22,3.0,PAID
44,74,2025-05-26,2025-05-27,1.0,PAID
44,75,2025-06-02,2025-06-02,0.0,PAID
44,76,2025-06-09,2025-06-09,0.0,PAID
44,77,2025-06-16,2025-06-17,1.0,PAID
44,78,2025-06-23,,,MISSED
44,79,2025-06-30,2025-06-30,0.0,PAID
44,80,2025-07-07,,,MISSED
44,81,2025-07-14,2025-07-15,1.0,PAID
44,82,2025-07-21,2025-07-22,1.0,PAID
44,83,2025-07-28,2025-07-28,0.0,PAID
44,84,2025-08-04,2025-08-04,0.0,PAID
44,85,2025-08-11,2025-08-15,4.0,LATE
44,86,2025-08-18,2025-08-20,2.0,PAID
44,87,2025-08-25,2025-08-26,1.0,PAID
44,88,2025-09-01,2025-09-02,1.0,PAID
44,89,2025-09-08,2025-09-09,1.0,PAID
44,90,2025-09-15,2025-09-16,1.0,PAID
44,91,2025-09-22,2025-09-23,1.0,PAID
44,92,2025-09-29,2025-09-29,0.0,PAID
44,93,2025-10-06,2025-10-07,1.0,PAID
44,94,2025-10-13,2025-10-15,2.0,PAID
44,95,2025-10-20,2025-10-23,3.0,PAID
44,96,2025-10-27,2025-10-28,1.0,PAID
44,97,2025-11-03,2025-11-06,3.0,PAID
44,98,2025-11-10,,,MISSED
44,99,2025-11-17,2025-11-19,2.0,PAID
44,100,2025-11-24,2025-11-25,1.0,PAID
44,101,2025-12-01,2025-12-02,1.0,PAID
44,102,2025-12-08,2025-12-10,2.0,PAID
44,103,2025-12-15,2025-12-16,1.0,PAID
44,104,2025-12-22,,,MISSED
44,105,2025-12-29,2025-12-30,1.0,PAID
44,106,2026-01-05,,,MISSED
44,107,2026-01-12,2026-01-13,1.0,PAID
44,108,2026-01-19,2026-01-21,2.0,PAID
44,109,2026-01-26,2026-01-26,0.0,PAID
44,110,2026-02-02,2026-02-02,0.0,PAID
44,111,2026-02-09,2026-02-09,0.0,PAID
44,112,2026-02-16,2026-02-19,3.0,PAID
44,113,2026-02-23,,,MISSED
44,114,2026-03-02,2026-03-03,1.0,PAID
44,115,2026-03-09,2026-03-09,0.0,PAID
44,116,2026-03-16,2026-03-20,4.0,LATE
44,117,2026-03-23,2026-03-23,0.0,PAID
44,118,2026-03-30,2026-04-02,3.0,PAID
44,119,2026-04-06,2026-04-07,1.0,PAID
44,120,2026-04-13,,,MISSED
44,121,2026-04-20,2026-04-24,4.0,LATE
44,122,2026-04-27,2026-04-27,0.0,PAID
44,123,2026-05-04,2026-05-04,0.0,PAID
44,124,2026-05-11,2026-05-12,1.0,PAID
44,125,2026-05-18,,,MISSED
44,126,2026-05-25,2026-05-26,1.0,PAID
44,127,2026-06-01,,,MISSED
44,128,2026-06-08,,,MISSED
44,129,2026-06-15,,,MISSED
44,130,2026-06-22,2026-06-23,1.0,PAID
44,131,2026-06-29,2026-06-29,0.0,PAID
44,132,2026-07-06,2026-07-06,0.0,PAID
44,133,2026-07-13,,,MISSED
44,134,2026-07-20,2026-07-20,0.0,PAID
44,135,2026-07-27,2026-07-28,1.0,PAID
44,136,2026-08-03,2026-08-04,1.0,PAID
44,137,2026-08-10,,,MISSED
44,138,2026-08-17,2026-08-19,2.0,PAID
44,139,2026-08-24,2026-08-25,1.0,PAID
44,140,2026-08-31,,,MISSED
44,141,2026-09-07,2026-09-08,1.0,PAID
44,142,2026-09-14,2026-09-16,2.0,PAID
44,143,2026-09-21,2026-09-24,3.0,PAID
44,144,2026-09-28,,,MISSED
44,145,2026-10-05,2026-10-06,1.0,PAID
44,146,2026-10-12,,,MISSED
44,147,2026-10-19,2026-10-19,0.0,PAID
44,148,2026-10-26,2026-10-27,1.0,PAID
44,149,2026-11-02,2026-11-03,1.0,PAID
44,150,2026-11-09,2026-11-09,0.0,PAID
44,151,2026-11-16,2026-11-18,2.0,PAID
44,152,2026-11-23,2026-11-24,1.0,PAID
44,153,2026-11-30,2026-11-30,0.0,PAID
44,154,2026-12-07,2026-12-11,4.0,LATE
44,155,2026-12-14,2026-12-19,5.0,LATE
44,156,2026-12-21,2026-12-24,3.0,PAID
45,1,2024-01-01,2024-01-01,0.0,PAID
45,2,2024-01-08,2024-01-11,3.0,PAID
45,3,2024-01-15,,,MISSED
45,4,2024-01-22,2024-01-24,2.0,PAID
45,5,2024-01-29,2024-01-30,1.0,PAID
45,6,2024-02-05,2024-02-07,2.0,PAID
45,7,2024-02-12,2024-02-13,1.0,PAID
45,8,2024-02-19,,,MISSED
45,9,2024-02-26,2024-02-29,3.0,PAID
45,10,2024-03-04,2024-03-07,3.0,PAID
45,11,2024-03-11,2024-03-12,1.0,PAID
45,12,2024-03-18,2024-03-21,3.0,PAID
45,13,2024-03-25,2024-03-29,4.0,LATE
45,14,2024-04-01,2024-04-02,1.0,PAID
45,15,2024-04-08,2024-04-13,5.0,LATE
45,16,2024-04-15,2024-04-17,2.0,PAID
45,17,2024-04-22,,,MISSED
45,18,2024-04-29,,,MISSED
45,19,2024-05-06,2024-05-08,2.0,PAID
45,20,2024-05-13,2024-05-15,2.0,PAID
45,21,2024-05-20,,,MISSED
45,22,2024-05-27,2024-05-27,0.0,PAID
45,23,2024-06-03,,,MISSED
45,24,2024-06-10,2024-06-12,2.0,PAID
45,25,2024-06-17,,,MISSED
45,26,2024-06-24,2024-06-26,2.0,PAID
45,27,2024-07-01,2024-07-01,0.0,PAID
45,28,2024-07-08,2024-07-10,2.0,PAID
45,29,2024-07-15,2024-07-17,2.0,PAID
45,30,2024-07-22,2024-07-24,2.0,PAID
45,31,2024-07-29,2024-08-01,3.0,PAID
45,32,2024-08-05,2024-08-10,5.0,LATE
45,33,2024-08-12,2024-08-13,1.0,PAID
45,34,2024-08-19,2024-08-19,0.0,PAID
45,35,2024-08-26,,,MISSED
45,36,2024-09-02,2024-09-03,1.0,PAID
45,37,2024-09-09,,,MISSED
45,38,2024-09-16,2024-09-17,1.0,PAID
45,39,2024-09-23,,,MISSED
45,40,2024-09-30,,,MISSED
45,41,2024-10-07,2024-10-08,1.0,PAID
45,42,2024-10-14,2024-10-16,2.0,PAID
45,43,2024-10-21,2024-10-21,0.0,PAID
45,44,2024-10-28,2024-10-31,3.0,PAID
45,45,2024-11-04,2024-11-04,0.0,PAID
45,46,2024-11-11,2024-11-16,5.0,LATE
45,47,2024-11-18,,,MISSED
45,48,2024-11-25,2024-11-27,2.0,PAID
45,49,2024-12-02,,,MISSED
45,50,2024-12-09,2024-12-13,4.0,LATE
45,51,2024-12-16,2024-12-19,3.0,PAID
45,52,2024-12-23,2024-12-25,2.0,PAID
45,53,2024-12-30,2025-01-02,3.0,PAID
45,54,2025-01-06,2025-01-10,4.0,LATE
45,55,2025-01-13,2025-01-15,2.0,PAID
45,56,2025-01-20,,,MISSED
45,57,2025-01-27,,,MISSED
45,58,2025-02-03,,,MISSED
45,59,2025-02-10,2025-02-12,2.0,PAID
45,60,2025-02-17,2025-02-18,1.0,PAID
45,61,2025-02-24,,,MISSED
45,62,2025-03-03,2025-03-05,2.0,PAID
45,63,2025-03-10,,,MISSED
45,64,2025-03-17,2025-03-18,1.0,PAID
45,65,2025-03-24,,,MISSED
45,66,2025-03-31,2025-04-02,2.0,PAID
45,67,2025-04-07,2025-04-10,3.0,PAID
45,68,2025-04-14,2025-04-18,4.0,LATE
45,69,2025-04-21,2025-04-24,3.0,PAID
45,70,2025-04-28,2025-05-01,3.0,PAID
45,71,2025-05-05,2025-05-07,2.0,PAID
45,72,2025-05-12,,,MISSED
45,73,2025-05-19,2025-05-20,1.0,PAID
45,74,2025-05-26,2025-05-27,1.0,PAID
45,75,2025-06-02,,,MISSED
45,76,2025-06-09,,,MISSED
45,77,2025-06-16,2025-06-19,3.0,PAID
45,78,2025-06-23,2025-06-24,1.0,PAID
45,79,2025-06-30,2025-07-01,1.0,PAID
45,80,2025-07-07,2025-07-12,5.0,LATE
45,81,2025-07-14,2025-07-18,4.0,LATE
45,82,2025-07-21,2025-07-23,2.0,PAID
45,83,2025-07-28,2025-07-29,1.0,PAID
45,84,2025-08-04,2025-08-04,0.0,PAID
45,85,2025-08-11,2025-08-13,2.0,PAID
45,86,2025-08-18,2025-08-20,2.0,PAID
45,87,2025-08-25,2025-08-27,2.0,PAID
45,88,2025-09-01,2025-09-02,1.0,PAID
45,89,2025-09-08,2025-09-10,2.0,PAID
45,90,2025-09-15,2025-09-17,2.0,PAID
45,91,2025-09-22,,,MISSED
45,92,2025-09-29,2025-10-02,3.0,PAID
45,93,2025-10-06,2025-10-08,2.0,PAID
45,94,2025-10-13,2025-10-15,2.0,PAID
45,95,2025-10-20,2025-10-22,2.0,PAID
45,96,2025-10-27,2025-11-01,5.0,LATE
45,97,2025-11-03,2025-11-05,2.0,PAID
45,98,2025-11-10,2025-11-14,4.0,LATE
45,99,2025-11-17,2025-11-18,1.0,PAID
45,100,2025-11-24,2025-11-25,1.0,PAID
45,101,2025-12-01,2025-12-02,1.0,PAID
45,102,2025-12-08,2025-12-10,2.0,PAID
45,103,2025-12-15,2025-12-17,2.0,PAID
45,104,2025-12-22,,,MISSED
45,105,2025-12-29,2025-12-29,0.0,PAID
45,106,2026-01-05,2026-01-05,0.0,PAID
45,107,2026-01-12,,,MISSED
45,108,2026-01-19,2026-01-20,1.0,PAID
45,109,2026-01-26,,,MISSED
45,110,2026-02-02,2026-02-04,2.0,PAID
45,111,2026-02-09,2026-02-09,0.0,PAID
45,112,2026-02-16,2026-02-17,1.0,PAID
45,113,2026-02-23,2026-02-27,4.0,LATE
45,114,2026-03-02,2026-03-02,0.0,PAID
45,115,2026-03-09,2026-03-11,2.0,PAID
45,116,2026-03-16,2026-03-18,2.0,PAID
45,117,2026-03-23,,,MISSED
45,118,2026-03-30,2026-03-31,1.0,PAID
45,119,2026-04-06,,,MISSED
45,120,2026-04-13,2026-04-15,2.0,PAID
45,121,2026-04-20,,,MISSED
45,122,2026-04-27,2026-04-27,0.0,PAID
45,123,2026-05-04,2026-05-05,1.0,PAID
45,124,2026-05-11,2026-05-14,3.0,PAID
45,125,2026-05-18,,,MISSED
45,126,2026-05-25,2026-05-29,4.0,LATE
45,127,2026-06-01,2026-06-04,3.0,PAID
45,128,2026-06-08,,,MISSED
45,129,2026-06-15,2026-06-18,3.0,PAID
45,130,2026-06-22,2026-06-25,3.0,PAID
45,131,2026-06-29,2026-06-30,1.0,PAID
45,132,2026-07-06,2026-07-07,1.0,PAID
45,133,2026-07-13,2026-07-15,2.0,PAID
45,134,2026-07-20,2026-07-22,2.0,PAID
45,135,2026-07-27,,,MISSED
45,136,2026-08-03,,,MISSED
45,137,2026-08-10,2026-08-10,0.0,PAID
45,138,2026-08-17,2026-08-21,4.0,LATE
45,139,2026-08-24,2026-08-24,0.0,PAID
45,140,2026-08-31,2026-09-01,1.0,PAID
45,141,2026-09-07,2026-09-12,5.0,LATE
45,142,2026-09-14,,,MISSED
45,143,2026-09-21,2026-09-22,1.0,PAID
45,144,2026-09-28,,,MISSED
45,145,2026-10-05,,,MISSED
45,146,2026-10-12,2026-10-12,0.0,PAID
45,147,2026-10-19,2026-10-22,3.0,PAID
45,148,2026-10-26,2026-10-27,1.0,PAID
45,149,2026-11-02,2026-11-04,2.0,PAID
45,150,2026-11-09,2026-11-09,0.0,PAID
45,151,2026-11-16,2026-11-16,0.0,PAID
45,152,2026-11-23,,,MISSED
45,153,2026-11-30,2026-12-06,6.0,LATE
45,154,2026-12-07,2026-12-12,5.0,LATE
45,155,2026-12-14,2026-12-14,0.0,PAID
45,156,2026-12-21,2026-12-23,2.0,PAID
46,1,2024-01-01,2024-01-03,2.0,PAID
46,2,2024-01-08,,,MISSED
46,3,2024-01-15,2024-01-22,7.0,LATE
46,4,2024-01-22,2024-01-29,7.0,LATE
46,5,2024-01-29,2024-02-03,5.0,LATE
46,6,2024-02-05,2024-02-09,4.0,LATE
46,7,2024-02-12,2024-02-16,4.0,LATE
46,8,2024-02-19,2024-02-24,5.0,LATE
46,9,2024-02-26,2024-03-03,6.0,LATE
46,10,2024-03-04,,,MISSED
46,11,2024-03-11,,,MISSED
46,12,2024-03-18,2024-03-23,5.0,LATE
46,13,2024-03-25,2024-04-01,7.0,LATE
46,14,2024-04-01,,,MISSED
46,15,2024-04-08,2024-04-15,7.0,LATE
46,16,2024-04-15,2024-04-20,5.0,LATE
46,17,2024-04-22,,,MISSED
46,18,2024-04-29,2024-05-02,3.0,PAID
46,19,2024-05-06,2024-05-11,5.0,LATE
46,20,2024-05-13,2024-05-17,4.0,LATE
46,21,2024-05-20,2024-05-23,3.0,PAID
46,22,2024-05-27,,,MISSED
46,23,2024-06-03,2024-06-10,7.0,LATE
46,24,2024-06-10,,,MISSED
46,25,2024-06-17,,,MISSED
46,26,2024-06-24,2024-07-04,10.0,LATE
46,27,2024-07-01,,,MISSED
46,28,2024-07-08,2024-07-15,7.0,LATE
46,29,2024-07-15,,,MISSED
46,30,2024-07-22,2024-07-28,6.0,LATE
46,31,2024-07-29,2024-08-02,4.0,LATE
46,32,2024-08-05,2024-08-13,8.0,LATE
46,33,2024-08-12,2024-08-19,7.0,LATE
46,34,2024-08-19,,,MISSED
46,35,2024-08-26,,,MISSED
46,36,2024-09-02,2024-09-05,3.0,PAID
46,37,2024-09-09,2024-09-21,12.0,LATE
46,38,2024-09-16,2024-09-24,8.0,LATE
46,39,2024-09-23,2024-09-29,6.0,LATE
46,40,2024-09-30,2024-10-03,3.0,PAID
46,41,2024-10-07,2024-10-13,6.0,LATE
46,42,2024-10-14,,,MISSED
46,43,2024-10-21,2024-10-26,5.0,LATE
46,44,2024-10-28,,,MISSED
46,45,2024-11-04,,,MISSED
46,46,2024-11-11,,,MISSED
46,47,2024-11-18,2024-11-22,4.0,LATE
46,48,2024-11-25,2024-12-03,8.0,LATE
46,49,2024-12-02,2024-12-07,5.0,LATE
46,50,2024-12-09,2024-12-15,6.0,LATE
46,51,2024-12-16,2024-12-22,6.0,LATE
46,52,2024-12-23,,,MISSED
46,53,2024-12-30,,,MISSED
46,54,2025-01-06,2025-01-10,4.0,LATE
46,55,2025-01-13,,,MISSED
46,56,2025-01-20,2025-01-29,9.0,LATE
46,57,2025-01-27,,,MISSED
46,58,2025-02-03,2025-02-06,3.0,PAID
46,59,2025-02-10,2025-02-18,8.0,LATE
46,60,2025-02-17,2025-02-23,6.0,LATE
46,61,2025-02-24,2025-03-04,8.0,LATE
46,62,2025-03-03,2025-03-07,4.0,LATE
46,63,2025-03-10,2025-03-13,3.0,PAID
46,64,2025-03-17,2025-03-24,7.0,LATE
46,65,2025-03-24,2025-03-29,5.0,LATE
46,66,2025-03-31,2025-04-02,2.0,PAID
46,67,2025-04-07,2025-04-12,5.0,LATE
46,68,2025-04-14,2025-04-19,5.0,LATE
46,69,2025-04-21,2025-04-27,6.0,LATE
46,70,2025-04-28,,,MISSED
46,71,2025-05-05,,,MISSED
46,72,2025-05-12,,,MISSED
46,73,2025-05-19,2025-05-26,7.0,LATE
46,74,2025-05-26,2025-05-30,4.0,LATE
46,75,2025-06-02,2025-06-09,7.0,LATE
46,76,2025-06-09,2025-06-19,10.0,LATE
46,77,2025-06-16,2025-06-20,4.0,LATE
46,78,2025-06-23,2025-06-27,4.0,LATE
46,79,2025-06-30,2025-07-05,5.0,LATE
46,80,2025-07-07,2025-07-14,7.0,LATE
46,81,2025-07-14,2025-07-14,0.0,PAID
46,82,2025-07-21,,,MISSED
46,83,2025-07-28,,,MISSED
46,84,2025-08-04,2025-08-09,5.0,LATE
46,85,2025-08-11,,,MISSED
46,86,2025-08-18,,,MISSED
46,87,2025-08-25,2025-08-29,4.0,LATE
46,88,2025-09-01,2025-09-10,9.0,LATE
46,89,2025-09-08,,,MISSED
46,90,2025-09-15,2025-09-20,5.0,LATE
46,91,2025-09-22,2025-09-27,5.0,LATE
46,92,2025-09-29,2025-10-01,2.0,PAID
46,93,2025-10-06,2025-10-13,7.0,LATE
46,94,2025-10-13,2025-10-19,6.0,LATE
46,95,2025-10-20,2025-10-24,4.0,LATE
46,96,2025-10-27,,,MISSED
46,97,2025-11-03,2025-11-08,5.0,LATE
46,98,2025-11-10,2025-11-16,6.0,LATE
46,99,2025-11-17,2025-11-22,5.0,LATE
46,100,2025-11-24,2025-12-03,9.0,LATE
46,101,2025-12-01,,,MISSED
46,102,2025-12-08,,,MISSED
46,103,2025-12-15,,,MISSED
46,104,2025-12-22,2025-12-28,6.0,LATE
46,105,2025-12-29,2026-01-07,9.0,LATE
46,106,2026-01-05,,,MISSED
46,107,2026-01-12,2026-01-15,3.0,PAID
46,108,2026-01-19,2026-01-24,5.0,LATE
46,109,2026-01-26,2026-01-30,4.0,LATE
46,110,2026-02-02,2026-02-07,5.0,LATE
46,111,2026-02-09,,,MISSED
46,112,2026-02-16,2026-02-20,4.0,LATE
46,113,2026-02-23,2026-03-02,7.0,LATE
46,114,2026-03-02,,,MISSED
46,115,2026-03-09,2026-03-15,6.0,LATE
46,116,2026-03-16,2026-03-26,10.0,LATE
46,117,2026-03-23,2026-03-31,8.0,LATE
46,118,2026-03-30,2026-04-01,2.0,PAID
46,119,2026-04-06,,,MISSED
46,120,2026-04-13,2026-04-24,11.0,LATE
46,121,2026-04-20,,,MISSED
46,122,2026-04-27,,,MISSED
46,123,2026-05-04,2026-05-10,6.0,LATE
46,124,2026-05-11,2026-05-19,8.0,LATE
46,125,2026-05-18,2026-05-21,3.0,PAID
46,126,2026-05-25,2026-06-01,7.0,LATE
46,127,2026-06-01,2026-06-06,5.0,LATE
46,128,2026-06-08,2026-06-13,5.0,LATE
46,129,2026-06-15,,,MISSED
46,130,2026-06-22,2026-07-03,11.0,LATE
46,131,2026-06-29,,,MISSED
46,132,2026-07-06,,,MISSED
46,133,2026-07-13,,,MISSED
46,134,2026-07-20,,,MISSED
46,135,2026-07-27,2026-07-31,4.0,LATE
46,136,2026-08-03,,,MISSED
46,137,2026-08-10,2026-08-22,12.0,LATE
46,138,2026-08-17,,,MISSED
46,139,2026-08-24,2026-08-31,7.0,LATE
46,140,2026-08-31,2026-09-07,7.0,LATE
46,141,2026-09-07,,,MISSED
46,142,2026-09-14,2026-09-22,8.0,LATE
46,143,2026-09-21,2026-09-27,6.0,LATE
46,144,2026-09-28,2026-10-06,8.0,LATE
46,145,2026-10-05,2026-10-07,2.0,PAID
46,146,2026-10-12,2026-10-26,14.0,LATE
46,147,2026-10-19,2026-10-23,4.0,LATE
46,148,2026-10-26,,,MISSED
46,149,2026-11-02,2026-11-05,3.0,PAID
46,150,2026-11-09,2026-11-13,4.0,LATE
46,151,2026-11-16,2026-11-25,9.0,LATE
46,152,2026-11-23,2026-11-27,4.0,LATE
46,153,2026-11-30,2026-12-09,9.0,LATE
46,154,2026-12-07,2026-12-16,9.0,LATE
46,155,2026-12-14,,,MISSED
46,156,2026-12-21,,,MISSED
47,1,2024-01-01,2024-01-04,3.0,PAID
47,2,2024-01-08,2024-01-14,6.0,LATE
47,3,2024-01-15,2024-01-19,4.0,LATE
47,4,2024-01-22,2024-01-30,8.0,LATE
47,5,2024-01-29,2024-02-05,7.0,LATE
47,6,2024-02-05,,,MISSED
47,7,2024-02-12,,,MISSED
47,8,2024-02-19,,,MISSED
47,9,2024-02-26,2024-03-03,6.0,LATE
47,10,2024-03-04,,,MISSED
47,11,2024-03-11,2024-03-18,7.0,LATE
47,12,2024-03-18,2024-03-23,5.0,LATE
47,13,2024-03-25,2024-03-30,5.0,LATE
47,14,2024-04-01,2024-04-02,1.0,PAID
47,15,2024-04-08,2024-04-14,6.0,LATE
47,16,2024-04-15,2024-04-20,5.0,LATE
47,17,2024-04-22,2024-04-26,4.0,LATE
47,18,2024-04-29,,,MISSED
47,19,2024-05-06,2024-05-09,3.0,PAID
47,20,2024-05-13,2024-05-16,3.0,PAID
47,21,2024-05-20,2024-05-21,1.0,PAID
47,22,2024-05-27,2024-05-29,2.0,PAID
47,23,2024-06-03,2024-06-05,2.0,PAID
47,24,2024-06-10,,,MISSED
47,25,2024-06-17,2024-06-23,6.0,LATE
47,26,2024-06-24,2024-06-29,5.0,LATE
47,27,2024-07-01,2024-07-02,1.0,PAID
47,28,2024-07-08,2024-07-13,5.0,LATE
47,29,2024-07-15,2024-07-20,5.0,LATE
47,30,2024-07-22,2024-07-26,4.0,LATE
47,31,2024-07-29,,,MISSED
47,32,2024-08-05,2024-08-08,3.0,PAID
47,33,2024-08-12,2024-08-17,5.0,LATE
47,34,2024-08-19,2024-08-28,9.0,LATE
47,35,2024-08-26,,,MISSED
47,36,2024-09-02,,,MISSED
47,37,2024-09-09,2024-09-12,3.0,PAID
47,38,2024-09-16,2024-09-23,7.0,LATE
47,39,2024-09-23,2024-10-01,8.0,LATE
47,40,2024-09-30,2024-10-01,1.0,PAID
47,41,2024-10-07,,,MISSED
47,42,2024-10-14,2024-10-21,7.0,LATE
47,43,2024-10-21,2024-10-25,4.0,LATE
47,44,2024-10-28,,,MISSED
47,45,2024-11-04,2024-11-08,4.0,LATE
47,46,2024-11-11,2024-11-16,5.0,LATE
47,47,2024-11-18,,,MISSED
47,48,2024-11-25,2024-11-30,5.0,LATE
47,49,2024-12-02,2024-12-06,4.0,LATE
47,50,2024-12-09,2024-12-19,10.0,LATE
47,51,2024-12-16,2024-12-21,5.0,LATE
47,52,2024-12-23,,,MISSED
47,53,2024-12-30,2025-01-08,9.0,LATE
47,54,2025-01-06,2025-01-13,7.0,LATE
47,55,2025-01-13,,,MISSED
47,56,2025-01-20,2025-01-24,4.0,LATE
47,57,2025-01-27,,,MISSED
47,58,2025-02-03,2025-02-07,4.0,LATE
47,59,2025-02-10,2025-02-13,3.0,PAID
47,60,2025-02-17,,,MISSED
47,61,2025-02-24,2025-03-04,8.0,LATE
47,62,2025-03-03,,,MISSED
47,63,2025-03-10,,,MISSED
47,64,2025-03-17,2025-03-19,2.0,PAID
47,65,2025-03-24,,,MISSED
47,66,2025-03-31,2025-04-08,8.0,LATE
47,67,2025-04-07,2025-04-09,2.0,PAID
47,68,2025-04-14,,,MISSED
47,69,2025-04-21,2025-04-24,3.0,PAID
47,70,2025-04-28,2025-05-01,3.0,PAID
47,71,2025-05-05,2025-05-11,6.0,LATE
47,72,2025-05-12,2025-05-19,7.0,LATE
47,73,2025-05-19,2025-05-25,6.0,LATE
47,74,2025-05-26,2025-05-28,2.0,PAID
47,75,2025-06-02,2025-06-05,3.0,PAID
47,76,2025-06-09,,,MISSED
47,77,2025-06-16,,,MISSED
47,78,2025-06-23,2025-06-29,6.0,LATE
47,79,2025-06-30,2025-07-07,7.0,LATE
47,80,2025-07-07,2025-07-09,2.0,PAID
47,81,2025-07-14,2025-07-20,6.0,LATE
47,82,2025-07-21,,,MISSED
47,83,2025-07-28,,,MISSED
47,84,2025-08-04,2025-08-11,7.0,LATE
47,85,2025-08-11,2025-08-13,2.0,PAID
47,86,2025-08-18,2025-08-21,3.0,PAID
47,87,2025-08-25,2025-08-29,4.0,LATE
47,88,2025-09-01,2025-09-04,3.0,PAID
47,89,2025-09-08,2025-09-14,6.0,LATE
47,90,2025-09-15,2025-09-17,2.0,PAID
47,91,2025-09-22,2025-09-23,1.0,PAID
47,92,2025-09-29,2025-10-06,7.0,LATE
47,93,2025-10-06,2025-10-08,2.0,PAID
47,94,2025-10-13,2025-10-17,4.0,LATE
47,95,2025-10-20,,,MISSED
47,96,2025-10-27,,,MISSED
47,97,2025-11-03,,,MISSED
47,98,2025-11-10,2025-11-16,6.0,LATE
47,99,2025-11-17,2025-11-22,5.0,LATE
47,100,2025-11-24,2025-11-25,1.0,PAID
47,101,2025-12-01,2025-12-08,7.0,LATE
47,102,2025-12-08,,,MISSED
47,103,2025-12-15,2025-12-17,2.0,PAID
47,104,2025-12-22,,,MISSED
47,105,2025-12-29,2026-01-03,5.0,LATE
47,106,2026-01-05,,,MISSED
47,107,2026-01-12,2026-01-19,7.0,LATE
47,108,2026-01-19,,,MISSED
47,109,2026-01-26,2026-01-31,5.0,LATE
47,110,2026-02-02,2026-02-10,8.0,LATE
47,111,2026-02-09,2026-02-11,2.0,PAID
47,112,2026-02-16,2026-02-17,1.0,PAID
47,113,2026-02-23,,,MISSED
47,114,2026-03-02,2026-03-05,3.0,PAID
47,115,2026-03-09,2026-03-15,6.0,LATE
47,116,2026-03-16,2026-03-26,10.0,LATE
47,117,2026-03-23,,,MISSED
47,118,2026-03-30,,,MISSED
47,119,2026-04-06,2026-04-09,3.0,PAID
47,120,2026-04-13,2026-04-19,6.0,LATE
47,121,2026-04-20,2026-04-24,4.0,LATE
47,122,2026-04-27,2026-05-06,9.0,LATE
47,123,2026-05-04,2026-05-06,2.0,PAID
47,124,2026-05-11,2026-05-18,7.0,LATE
47,125,2026-05-18,2026-05-21,3.0,PAID
47,126,2026-05-25,,,MISSED
47,127,2026-06-01,2026-06-03,2.0,PAID
47,128,2026-06-08,2026-06-13,5.0,LATE
47,129,2026-06-15,2026-06-17,2.0,PAID
47,130,2026-06-22,,,MISSED
47,131,2026-06-29,2026-07-03,4.0,LATE
47,132,2026-07-06,,,MISSED
47,133,2026-07-13,2026-07-18,5.0,LATE
47,134,2026-07-20,2026-07-25,5.0,LATE
47,135,2026-07-27,,,MISSED
47,136,2026-08-03,,,MISSED
47,137,2026-08-10,,,MISSED
47,138,2026-08-17,2026-08-26,9.0,LATE
47,139,2026-08-24,2026-08-28,4.0,LATE
47,140,2026-08-31,2026-09-05,5.0,LATE
47,141,2026-09-07,2026-09-14,7.0,LATE
47,142,2026-09-14,2026-09-20,6.0,LATE
47,143,2026-09-21,2026-09-22,1.0,PAID
47,144,2026-09-28,2026-10-01,3.0,PAID
47,145,2026-10-05,2026-10-12,7.0,LATE
47,146,2026-10-12,2026-10-16,4.0,LATE
47,147,2026-10-19,,,MISSED
47,148,2026-10-26,2026-11-03,8.0,LATE
47,149,2026-11-02,,,MISSED
47,150,2026-11-09,,,MISSED
47,151,2026-11-16,2026-11-19,3.0,PAID
47,152,2026-11-23,,,MISSED
47,153,2026-11-30,2026-12-02,2.0,PAID
47,154,2026-12-07,,,MISSED
47,155,2026-12-14,2026-12-19,5.0,LATE
47,156,2026-12-21,2026-12-25,4.0,LATE
48,1,2024-01-01,2024-01-11,10.0,LATE
48,2,2024-01-08,2024-01-16,8.0,LATE
48,3,2024-01-15,2024-01-20,5.0,LATE
48,4,2024-01-22,2024-01-29,7.0,LATE
48,5,2024-01-29,2024-02-05,7.0,LATE
48,6,2024-02-05,,,MISSED
48,7,2024-02-12,2024-02-19,7.0,LATE
48,8,2024-02-19,,,MISSED
48,9,2024-02-26,2024-02-29,3.0,PAID
48,10,2024-03-04,2024-03-10,6.0,LATE
48,11,2024-03-11,,,MISSED
48,12,2024-03-18,2024-03-24,6.0,LATE
48,13,2024-03-25,,,MISSED
48,14,2024-04-01,,,MISSED
48,15,2024-04-08,,,MISSED
48,16,2024-04-15,,,MISSED
48,17,2024-04-22,2024-04-29,7.0,LATE
48,18,2024-04-29,2024-05-09,10.0,LATE
48,19,2024-05-06,2024-05-09,3.0,PAID
48,20,2024-05-13,,,MISSED
48,21,2024-05-20,2024-05-26,6.0,LATE
48,22,2024-05-27,2024-06-02,6.0,LATE
48,23,2024-06-03,2024-06-09,6.0,LATE
48,24,2024-06-10,2024-06-17,7.0,LATE
48,25,2024-06-17,2024-06-27,10.0,LATE
48,26,2024-06-24,2024-06-30,6.0,LATE
48,27,2024-07-01,,,MISSED
48,28,2024-07-08,,,MISSED
48,29,2024-07-15,2024-07-22,7.0,LATE
48,30,2024-07-22,,,MISSED
48,31,2024-07-29,,,MISSED
48,32,2024-08-05,,,MISSED
48,33,2024-08-12,,,MISSED
48,34,2024-08-19,2024-08-21,2.0,PAID
48,35,2024-08-26,,,MISSED
48,36,2024-09-02,,,MISSED
48,37,2024-09-09,,,MISSED
48,38,2024-09-16,2024-09-25,9.0,LATE
48,39,2024-09-23,,,MISSED
48,40,2024-09-30,,,MISSED
48,41,2024-10-07,2024-10-17,10.0,LATE
48,42,2024-10-14,,,MISSED
48,43,2024-10-21,2024-10-27,6.0,LATE
48,44,2024-10-28,,,MISSED
48,45,2024-11-04,2024-11-12,8.0,LATE
48,46,2024-11-11,,,MISSED
48,47,2024-11-18,2024-11-25,7.0,LATE
48,48,2024-11-25,2024-12-02,7.0,LATE
48,49,2024-12-02,2024-12-07,5.0,LATE
48,50,2024-12-09,,,MISSED
48,51,2024-12-16,2024-12-22,6.0,LATE
48,52,2024-12-23,,,MISSED
48,53,2024-12-30,,,MISSED
48,54,2025-01-06,2025-01-12,6.0,LATE
48,55,2025-01-13,,,MISSED
48,56,2025-01-20,2025-01-26,6.0,LATE
48,57,2025-01-27,2025-02-04,8.0,LATE
48,58,2025-02-03,2025-02-04,1.0,PAID
48,59,2025-02-10,,,MISSED
48,60,2025-02-17,,,MISSED
48,61,2025-02-24,2025-03-04,8.0,LATE
48,62,2025-03-03,2025-03-08,5.0,LATE
48,63,2025-03-10,2025-03-15,5.0,LATE
48,64,2025-03-17,2025-03-25,8.0,LATE
48,65,2025-03-24,,,MISSED
48,66,2025-03-31,2025-04-14,14.0,LATE
48,67,2025-04-07,,,MISSED
48,68,2025-04-14,,,MISSED
48,69,2025-04-21,2025-04-28,7.0,LATE
48,70,2025-04-28,2025-05-05,7.0,LATE
48,71,2025-05-05,2025-05-07,2.0,PAID
48,72,2025-05-12,2025-05-19,7.0,LATE
48,73,2025-05-19,2025-05-28,9.0,LATE
48,74,2025-05-26,2025-05-29,3.0,PAID
48,75,2025-06-02,2025-06-13,11.0,LATE
48,76,2025-06-09,,,MISSED
48,77,2025-06-16,2025-06-24,8.0,LATE
48,78,2025-06-23,2025-06-28,5.0,LATE
48,79,2025-06-30,2025-07-10,10.0,LATE
48,80,2025-07-07,2025-07-16,9.0,LATE
48,81,2025-07-14,,,MISSED
48,82,2025-07-21,2025-07-25,4.0,LATE
48,83,2025-07-28,,,MISSED
48,84,2025-08-04,2025-08-09,5.0,LATE
48,85,2025-08-11,,,MISSED
48,86,2025-08-18,2025-08-27,9.0,LATE
48,87,2025-08-25,,,MISSED
48,88,2025-09-01,,,MISSED
48,89,2025-09-08,2025-09-12,4.0,LATE
48,90,2025-09-15,,,MISSED
48,91,2025-09-22,2025-09-29,7.0,LATE
48,92,2025-09-29,2025-10-08,9.0,LATE
48,93,2025-10-06,2025-10-08,2.0,PAID
48,94,2025-10-13,,,MISSED
48,95,2025-10-20,,,MISSED
48,96,2025-10-27,2025-11-01,5.0,LATE
48,97,2025-11-03,2025-11-08,5.0,LATE
48,98,2025-11-10,2025-11-20,10.0,LATE
48,99,2025-11-17,2025-11-30,13.0,LATE
48,100,2025-11-24,2025-11-30,6.0,LATE
48,101,2025-12-01,,,MISSED
48,102,2025-12-08,2025-12-13,5.0,LATE
48,103,2025-12-15,2025-12-23,8.0,LATE
48,104,2025-12-22,2025-12-27,5.0,LATE
48,105,2025-12-29,,,MISSED
48,106,2026-01-05,2026-01-09,4.0,LATE
48,107,2026-01-12,2026-01-17,5.0,LATE
48,108,2026-01-19,2026-01-27,8.0,LATE
48,109,2026-01-26,,,MISSED
48,110,2026-02-02,2026-02-06,4.0,LATE
48,111,2026-02-09,2026-02-11,2.0,PAID
48,112,2026-02-16,,,MISSED
48,113,2026-02-23,2026-02-27,4.0,LATE
48,114,2026-03-02,2026-03-12,10.0,LATE
48,115,2026-03-09,2026-03-15,6.0,LATE
48,116,2026-03-16,,,MISSED
48,117,2026-03-23,2026-03-28,5.0,LATE
48,118,2026-03-30,2026-04-05,6.0,LATE
48,119,2026-04-06,2026-04-15,9.0,LATE
48,120,2026-04-13,2026-04-21,8.0,LATE
48,121,2026-04-20,2026-04-26,6.0,LATE
48,122,2026-04-27,,,MISSED
48,123,2026-05-04,2026-05-11,7.0,LATE
48,124,2026-05-11,,,MISSED
48,125,2026-05-18,2026-05-22,4.0,LATE
48,126,2026-05-25,,,MISSED
48,127,2026-06-01,2026-06-11,10.0,LATE
48,128,2026-06-08,2026-06-15,7.0,LATE
48,129,2026-06-15,2026-06-23,8.0,LATE
48,130,2026-06-22,2026-07-04,12.0,LATE
48,131,2026-06-29,2026-07-09,10.0,LATE
48,132,2026-07-06,2026-07-12,6.0,LATE
48,133,2026-07-13,2026-07-21,8.0,LATE
48,134,2026-07-20,2026-07-26,6.0,LATE
48,135,2026-07-27,2026-07-31,4.0,LATE
48,136,2026-08-03,2026-08-08,5.0,LATE
48,137,2026-08-10,2026-08-15,5.0,LATE
48,138,2026-08-17,2026-08-21,4.0,LATE
48,139,2026-08-24,2026-08-30,6.0,LATE
48,140,2026-08-31,2026-09-04,4.0,LATE
48,141,2026-09-07,,,MISSED
48,142,2026-09-14,2026-09-20,6.0,LATE
48,143,2026-09-21,2026-09-28,7.0,LATE
48,144,2026-09-28,2026-10-03,5.0,LATE
48,145,2026-10-05,2026-10-09,4.0,LATE
48,146,2026-10-12,2026-10-19,7.0,LATE
48,147,2026-10-19,,,MISSED
48,148,2026-10-26,2026-10-27,1.0,PAID
48,149,2026-11-02,,,MISSED
48,150,2026-11-09,,,MISSED
48,151,2026-11-16,,,MISSED
48,152,2026-11-23,2026-11-30,7.0,LATE
48,153,2026-11-30,2026-12-08,8.0,LATE
48,154,2026-12-07,2026-12-14,7.0,LATE
48,155,2026-12-14,2026-12-17,3.0,PAID
48,156,2026-12-21,,,MISSED
49,1,2024-01-01,2024-01-11,10.0,LATE
49,2,2024-01-08,2024-01-14,6.0,LATE
49,3,2024-01-15,2024-01-24,9.0,LATE
49,4,2024-01-22,2024-01-25,3.0,PAID
49,5,2024-01-29,2024-02-09,11.0,LATE
49,6,2024-02-05,2024-02-11,6.0,LATE
49,7,2024-02-12,2024-02-17,5.0,LATE
49,8,2024-02-19,,,MISSED
49,9,2024-02-26,2024-03-06,9.0,LATE
49,10,2024-03-04,,,MISSED
49,11,2024-03-11,2024-03-17,6.0,LATE
49,12,2024-03-18,,,MISSED
49,13,2024-03-25,2024-03-30,5.0,LATE
49,14,2024-04-01,2024-04-09,8.0,LATE
49,15,2024-04-08,2024-04-16,8.0,LATE
49,16,2024-04-15,2024-04-19,4.0,LATE
49,17,2024-04-22,,,MISSED
49,18,2024-04-29,,,MISSED
49,19,2024-05-06,,,MISSED
49,20,2024-05-13,2024-05-20,7.0,LATE
49,21,2024-05-20,2024-06-01,12.0,LATE
49,22,2024-05-27,,,MISSED
49,23,2024-06-03,2024-06-07,4.0,LATE
49,24,2024-06-10,,,MISSED
49,25,2024-06-17,2024-06-22,5.0,LATE
49,26,2024-06-24,2024-07-05,11.0,LATE
49,27,2024-07-01,2024-07-09,8.0,LATE
49,28,2024-07-08,2024-07-11,3.0,PAID
49,29,2024-07-15,2024-07-24,9.0,LATE
49,30,2024-07-22,,,MISSED
49,31,2024-07-29,2024-08-05,7.0,LATE
49,32,2024-08-05,,,MISSED
49,33,2024-08-12,2024-08-17,5.0,LATE
49,34,2024-08-19,,,MISSED
49,35,2024-08-26,2024-08-29,3.0,PAID
49,36,2024-09-02,,,MISSED
49,37,2024-09-09,,,MISSED
49,38,2024-09-16,2024-09-23,7.0,LATE
49,39,2024-09-23,,,MISSED
49,40,2024-09-30,2024-10-04,4.0,LATE
49,41,2024-10-07,2024-10-13,6.0,LATE
49,42,2024-10-14,2024-10-23,9.0,LATE
49,43,2024-10-21,,,MISSED
49,44,2024-10-28,2024-11-04,7.0,LATE
49,45,2024-11-04,2024-11-10,6.0,LATE
49,46,2024-11-11,2024-11-23,12.0,LATE
49,47,2024-11-18,2024-11-21,3.0,PAID
49,48,2024-11-25,2024-12-04,9.0,LATE
49,49,2024-12-02,2024-12-06,4.0,LATE
49,50,2024-12-09,2024-12-15,6.0,LATE
49,51,2024-12-16,2024-12-24,8.0,LATE
49,52,2024-12-23,2025-01-01,9.0,LATE
49,53,2024-12-30,,,MISSED
49,54,2025-01-06,2025-01-16,10.0,LATE
49,55,2025-01-13,2025-01-16,3.0,PAID
49,56,2025-01-20,2025-02-02,13.0,LATE
49,57,2025-01-27,2025-02-06,10.0,LATE
49,58,2025-02-03,,,MISSED
49,59,2025-02-10,,,MISSED
49,60,2025-02-17,,,MISSED
49,61,2025-02-24,2025-02-26,2.0,PAID
49,62,2025-03-03,2025-03-09,6.0,LATE
49,63,2025-03-10,,,MISSED
49,64,2025-03-17,2025-03-23,6.0,LATE
49,65,2025-03-24,2025-03-30,6.0,LATE
49,66,2025-03-31,2025-04-05,5.0,LATE
49,67,2025-04-07,2025-04-15,8.0,LATE
49,68,2025-04-14,2025-04-22,8.0,LATE
49,69,2025-04-21,2025-04-26,5.0,LATE
49,70,2025-04-28,2025-05-05,7.0,LATE
49,71,2025-05-05,2025-05-13,8.0,LATE
49,72,2025-05-12,2025-05-16,4.0,LATE
49,73,2025-05-19,,,MISSED
49,74,2025-05-26,,,MISSED
49,75,2025-06-02,2025-06-10,8.0,LATE
49,76,2025-06-09,,,MISSED
49,77,2025-06-16,,,MISSED
49,78,2025-06-23,2025-06-30,7.0,LATE
49,79,2025-06-30,2025-07-02,2.0,PAID
49,80,2025-07-07,2025-07-11,4.0,LATE
49,81,2025-07-14,,,MISSED
49,82,2025-07-21,2025-07-25,4.0,LATE
49,83,2025-07-28,,,MISSED
49,84,2025-08-04,2025-08-10,6.0,LATE
49,85,2025-08-11,2025-08-20,9.0,LATE
49,86,2025-08-18,,,MISSED
49,87,2025-08-25,2025-09-09,15.0,LATE
49,88,2025-09-01,2025-09-04,3.0,PAID
49,89,2025-09-08,,,MISSED
49,90,2025-09-15,,,MISSED
49,91,2025-09-22,2025-09-29,7.0,LATE
49,92,2025-09-29,,,MISSED
49,93,2025-10-06,2025-10-11,5.0,LATE
49,94,2025-10-13,2025-10-22,9.0,LATE
49,95,2025-10-20,2025-10-23,3.0,PAID
49,96,2025-10-27,,,MISSED
49,97,2025-11-03,2025-11-13,10.0,LATE
49,98,2025-11-10,2025-11-18,8.0,LATE
49,99,2025-11-17,2025-11-24,7.0,LATE
49,100,2025-11-24,2025-11-30,6.0,LATE
49,101,2025-12-01,,,MISSED
49,102,2025-12-08,2025-12-18,10.0,LATE
49,103,2025-12-15,,,MISSED
49,104,2025-12-22,2025-12-25,3.0,PAID
49,105,2025-12-29,2026-01-04,6.0,LATE
49,106,2026-01-05,2026-01-11,6.0,LATE
49,107,2026-01-12,2026-01-18,6.0,LATE
49,108,2026-01-19,2026-01-25,6.0,LATE
49,109,2026-01-26,,,MISSED
49,110,2026-02-02,2026-02-10,8.0,LATE
49,111,2026-02-09,2026-02-15,6.0,LATE
49,112,2026-02-16,2026-02-20,4.0,LATE
49,113,2026-02-23,,,MISSED
49,114,2026-03-02,,,MISSED
49,115,2026-03-09,,,MISSED
49,116,2026-03-16,2026-03-23,7.0,LATE
49,117,2026-03-23,2026-03-30,7.0,LATE
49,118,2026-03-30,,,MISSED
49,119,2026-04-06,2026-04-11,5.0,LATE
49,120,2026-04-13,2026-04-21,8.0,LATE
49,121,2026-04-20,2026-04-25,5.0,LATE
49,122,2026-04-27,,,MISSED
49,123,2026-05-04,2026-05-10,6.0,LATE
49,124,2026-05-11,2026-05-19,8.0,LATE
49,125,2026-05-18,2026-05-24,6.0,LATE
49,126,2026-05-25,2026-05-29,4.0,LATE
49,127,2026-06-01,2026-06-13,12.0,LATE
49,128,2026-06-08,2026-06-15,7.0,LATE
49,129,2026-06-15,2026-06-20,5.0,LATE
49,130,2026-06-22,2026-06-30,8.0,LATE
49,131,2026-06-29,2026-07-04,5.0,LATE
49,132,2026-07-06,2026-07-11,5.0,LATE
49,133,2026-07-13,2026-07-21,8.0,LATE
49,134,2026-07-20,2026-07-27,7.0,LATE
49,135,2026-07-27,2026-08-03,7.0,LATE
49,136,2026-08-03,,,MISSED
49,137,2026-08-10,2026-08-19,9.0,LATE
49,138,2026-08-17,,,MISSED
49,139,2026-08-24,2026-08-29,5.0,LATE
49,140,2026-08-31,,,MISSED
49,141,2026-09-07,2026-09-18,11.0,LATE
49,142,2026-09-14,2026-09-16,2.0,PAID
49,143,2026-09-21,2026-09-25,4.0,LATE
49,144,2026-09-28,2026-10-02,4.0,LATE
49,145,2026-10-05,2026-10-07,2.0,PAID
49,146,2026-10-12,2026-10-18,6.0,LATE
49,147,2026-10-19,2026-10-24,5.0,LATE
49,148,2026-10-26,,,MISSED
49,149,2026-11-02,2026-11-08,6.0,LATE
49,150,2026-11-09,2026-11-19,10.0,LATE
49,151,2026-11-16,2026-11-23,7.0,LATE
49,152,2026-11-23,2026-12-01,8.0,LATE
49,153,2026-11-30,,,MISSED
49,154,2026-12-07,,,MISSED
49,155,2026-12-14,2026-12-20,6.0,LATE
49,156,2026-12-21,,,MISSED
50,1,2024-01-01,,,MISSED
50,2,2024-01-08,2024-01-08,0.0,PAID
50,3,2024-01-15,2024-01-17,2.0,PAID
50,4,2024-01-22,,,MISSED
50,5,2024-01-29,2024-01-31,2.0,PAID
50,6,2024-02-05,2024-02-07,2.0,PAID
50,7,2024-02-12,2024-02-14,2.0,PAID
50,8,2024-02-19,2024-02-21,2.0,PAID
50,9,2024-02-26,2024-02-29,3.0,PAID
50,10,2024-03-04,2024-03-06,2.0,PAID
50,11,2024-03-11,2024-03-15,4.0,LATE
50,12,2024-03-18,2024-03-18,0.0,PAID
50,13,2024-03-25,2024-03-28,3.0,PAID
50,14,2024-04-01,2024-04-01,0.0,PAID
50,15,2024-04-08,2024-04-11,3.0,PAID
50,16,2024-04-15,2024-04-17,2.0,PAID
50,17,2024-04-22,2024-04-25,3.0,PAID
50,18,2024-04-29,,,MISSED
50,19,2024-05-06,2024-05-07,1.0,PAID
50,20,2024-05-13,,,MISSED
50,21,2024-05-20,2024-05-21,1.0,PAID
50,22,2024-05-27,,,MISSED
50,23,2024-06-03,2024-06-04,1.0,PAID
50,24,2024-06-10,2024-06-10,0.0,PAID
50,25,2024-06-17,2024-06-18,1.0,PAID
50,26,2024-06-24,,,MISSED
50,27,2024-07-01,2024-07-02,1.0,PAID
50,28,2024-07-08,2024-07-11,3.0,PAID
50,29,2024-07-15,2024-07-16,1.0,PAID
50,30,2024-07-22,2024-07-23,1.0,PAID
50,31,2024-07-29,2024-08-03,5.0,LATE
50,32,2024-08-05,2024-08-07,2.0,PAID
50,33,2024-08-12,,,MISSED
50,34,2024-08-19,2024-08-20,1.0,PAID
50,35,2024-08-26,2024-08-28,2.0,PAID
50,36,2024-09-02,2024-09-06,4.0,LATE
50,37,2024-09-09,2024-09-10,1.0,PAID
50,38,2024-09-16,2024-09-16,0.0,PAID
50,39,2024-09-23,,,MISSED
50,40,2024-09-30,2024-10-04,4.0,LATE
50,41,2024-10-07,2024-10-10,3.0,PAID
50,42,2024-10-14,2024-10-15,1.0,PAID
50,43,2024-10-21,2024-10-22,1.0,PAID
50,44,2024-10-28,2024-10-29,1.0,PAID
50,45,2024-11-04,2024-11-05,1.0,PAID
50,46,2024-11-11,,,MISSED
50,47,2024-11-18,2024-11-21,3.0,PAID
50,48,2024-11-25,2024-11-27,2.0,PAID
50,49,2024-12-02,2024-12-05,3.0,PAID
50,50,2024-12-09,2024-12-13,4.0,LATE
50,51,2024-12-16,2024-12-21,5.0,LATE
50,52,2024-12-23,2024-12-23,0.0,PAID
50,53,2024-12-30,2024-12-31,1.0,PAID
50,54,2025-01-06,2025-01-10,4.0,LATE
50,55,2025-01-13,2025-01-16,3.0,PAID
50,56,2025-01-20,,,MISSED
50,57,2025-01-27,,,MISSED
50,58,2025-02-03,2025-02-05,2.0,PAID
50,59,2025-02-10,2025-02-11,1.0,PAID
50,60,2025-02-17,2025-02-22,5.0,LATE
50,61,2025-02-24,2025-02-25,1.0,PAID
50,62,2025-03-03,2025-03-05,2.0,PAID
50,63,2025-03-10,2025-03-13,3.0,PAID
50,64,2025-03-17,2025-03-19,2.0,PAID
50,65,2025-03-24,2025-03-26,2.0,PAID
50,66,2025-03-31,2025-03-31,0.0,PAID
50,67,2025-04-07,2025-04-09,2.0,PAID
50,68,2025-04-14,2025-04-17,3.0,PAID
50,69,2025-04-21,2025-04-23,2.0,PAID
50,70,2025-04-28,,,MISSED
50,71,2025-05-05,,,MISSED
50,72,2025-05-12,2025-05-13,1.0,PAID
50,73,2025-05-19,2025-05-23,4.0,LATE
50,74,2025-05-26,2025-05-26,0.0,PAID
50,75,2025-06-02,,,MISSED
50,76,2025-06-09,2025-06-09,0.0,PAID
50,77,2025-06-16,2025-06-19,3.0,PAID
50,78,2025-06-23,2025-06-24,1.0,PAID
50,79,2025-06-30,2025-07-01,1.0,PAID
50,80,2025-07-07,2025-07-09,2.0,PAID
50,81,2025-07-14,2025-07-14,0.0,PAID
50,82,2025-07-21,2025-07-22,1.0,PAID
50,83,2025-07-28,,,MISSED
50,84,2025-08-04,2025-08-04,0.0,PAID
50,85,2025-08-11,2025-08-11,0.0,PAID
50,86,2025-08-18,2025-08-19,1.0,PAID
50,87,2025-08-25,2025-08-28,3.0,PAID
50,88,2025-09-01,2025-09-01,0.0,PAID
50,89,2025-09-08,,,MISSED
50,90,2025-09-15,2025-09-15,0.0,PAID
50,91,2025-09-22,,,MISSED
50,92,2025-09-29,2025-09-30,1.0,PAID
50,93,2025-10-06,2025-10-09,3.0,PAID
50,94,2025-10-13,2025-10-16,3.0,PAID
50,95,2025-10-20,2025-10-22,2.0,PAID
50,96,2025-10-27,2025-10-29,2.0,PAID
50,97,2025-11-03,2025-11-04,1.0,PAID
50,98,2025-11-10,2025-11-12,2.0,PAID
50,99,2025-11-17,2025-11-19,2.0,PAID
50,100,2025-11-24,2025-11-30,6.0,LATE
50,101,2025-12-01,2025-12-04,3.0,PAID
50,102,2025-12-08,2025-12-09,1.0,PAID
50,103,2025-12-15,2025-12-17,2.0,PAID
50,104,2025-12-22,2025-12-27,5.0,LATE
50,105,2025-12-29,2025-12-31,2.0,PAID
50,106,2026-01-05,2026-01-07,2.0,PAID
50,107,2026-01-12,2026-01-13,1.0,PAID
50,108,2026-01-19,2026-01-21,2.0,PAID
50,109,2026-01-26,2026-01-28,2.0,PAID
50,110,2026-02-02,2026-02-03,1.0,PAID
50,111,2026-02-09,2026-02-10,1.0,PAID
50,112,2026-02-16,,,MISSED
50,113,2026-02-23,2026-02-25,2.0,PAID
50,114,2026-03-02,,,MISSED
50,115,2026-03-09,2026-03-12,3.0,PAID
50,116,2026-03-16,,,MISSED
50,117,2026-03-23,2026-03-23,0.0,PAID
50,118,2026-03-30,2026-04-03,4.0,LATE
50,119,2026-04-06,2026-04-06,0.0,PAID
50,120,2026-04-13,2026-04-15,2.0,PAID
50,121,2026-04-20,2026-04-21,1.0,PAID
50,122,2026-04-27,2026-05-01,4.0,LATE
50,123,2026-05-04,2026-05-08,4.0,LATE
50,124,2026-05-11,2026-05-13,2.0,PAID
50,125,2026-05-18,2026-05-19,1.0,PAID
50,126,2026-05-25,2026-05-27,2.0,PAID
50,127,2026-06-01,2026-06-02,1.0,PAID
50,128,2026-06-08,,,MISSED
50,129,2026-06-15,2026-06-16,1.0,PAID
50,130,2026-06-22,2026-06-24,2.0,PAID
50,131,2026-06-29,2026-07-03,4.0,LATE
50,132,2026-07-06,2026-07-08,2.0,PAID
50,133,2026-07-13,2026-07-16,3.0,PAID
50,134,2026-07-20,2026-07-24,4.0,LATE
50,135,2026-07-27,2026-07-31,4.0,LATE
50,136,2026-08-03,2026-08-03,0.0,PAID
50,137,2026-08-10,2026-08-14,4.0,LATE
50,138,2026-08-17,2026-08-20,3.0,PAID
50,139,2026-08-24,2026-08-29,5.0,LATE
50,140,2026-08-31,2026-09-01,1.0,PAID
50,141,2026-09-07,2026-09-09,2.0,PAID
50,142,2026-09-14,2026-09-15,1.0,PAID
50,143,2026-09-21,,,MISSED
50,144,2026-09-28,,,MISSED
50,145,2026-10-05,2026-10-06,1.0,PAID
50,146,2026-10-12,,,MISSED
50,147,2026-10-19,2026-10-20,1.0,PAID
50,148,2026-10-26,2026-10-28,2.0,PAID
50,149,2026-11-02,2026-11-05,3.0,PAID
50,150,2026-11-09,2026-11-11,2.0,PAID
50,151,2026-11-16,2026-11-21,5.0,LATE
50,152,2026-11-23,2026-11-26,3.0,PAID
50,153,2026-11-30,,,MISSED
50,154,2026-12-07,2026-12-09,2.0,PAID
50,155,2026-12-14,2026-12-15,1.0,PAID
50,156,2026-12-21,2026-12-24,3.0,PAID
